0;0;0;0;land;false;unknown;0
1;123;207;202;land;false;plains;1
2;201;238;170;land;false;plains;1
3;235;144;167;land;false;hills;1
4;254;249;238;land;false;plains;1
5;201;176;147;land;false;plains;1
6;239;157;146;land;false;plains;1
7;216;174;238;land;false;plains;1
8;202;107;218;land;false;plains;1
9;205;142;183;land;false;plains;1
10;161;104;237;land;false;plains;1
11;184;164;227;land;true;plains;1
12;137;254;151;land;false;plains;1
13;84;205;227;land;false;plains;1
14;136;179;221;land;false;plains;1
15;236;153;244;land;false;plains;1
16;238;211;190;land;false;hills;1
17;63;249;223;land;false;forest;1
18;244;205;123;land;false;urban;1
19;108;241;207;land;false;plains;1
20;222;104;180;land;false;plains;1
21;200;119;186;land;false;mountain;1
22;129;239;189;land;true;plains;1
23;227;152;164;land;false;plains;1
24;219;122;232;land;false;hills;1
25;123;136;251;land;false;plains;1
26;119;166;229;land;false;forest;1
27;65;215;243;land;false;plains;1
28;226;175;191;land;false;plains;1
29;183;224;140;land;false;plains;1
30;216;228;201;land;false;plains;1
31;161;208;200;land;false;plains;1
32;194;175;240;land;false;plains;1
33;220;204;243;land;false;plains;1
34;219;210;181;land;false;plains;1
35;176;231;244;land;false;plains;1
36;248;199;228;land;false;plains;1
37;184;180;214;land;false;plains;1
38;248;139;154;land;false;plains;1
39;222;247;32;land;false;plains;1
40;178;248;78;land;false;plains;1
41;90;244;200;land;true;plains;1
42;154;227;170;land;false;plains;1
43;252;190;115;land;false;desert;1
44;187;163;177;land;false;plains;1
45;173;218;164;land;false;hills;1
46;131;174;213;land;false;desert;1
47;224;197;230;land;false;desert;1
48;82;254;193;land;false;desert;1
49;204;170;145;land;false;plains;1
50;221;139;247;land;false;plains;1
51;68;201;237;land;false;urban;1
52;234;194;77;land;false;plains;1
53;203;246;128;land;false;plains;1
54;196;191;168;land;false;plains;1
55;188;132;191;land;false;plains;1
56;146;207;236;land;false;desert;1
57;198;106;199;land;false;plains;1
58;170;119;233;land;false;plains;1
59;151;204;179;land;false;desert;1
60;128;184;195;land;true;plains;1
61;216;205;197;land;false;plains;1
62;210;207;108;land;false;hills;1
63;150;194;172;land;false;plains;1
64;239;48;245;land;false;desert;1
65;135;225;142;land;false;plains;1
66;204;239;107;land;false;plains;1
67;159;197;171;land;false;plains;1
68;148;233;224;land;false;forest;1
69;252;66;207;land;false;plains;1
70;242;214;91;land;false;plains;1
71;193;203;193;land;false;desert;1
72;129;218;187;land;false;plains;1
73;212;245;203;land;false;hills;1
74;251;148;189;land;false;plains;1
75;215;181;192;land;false;plains;1
76;216;156;149;land;false;plains;1
77;207;90;223;land;false;plains;1
78;136;214;170;land;false;desert;1
79;251;145;224;land;false;plains;1
80;230;222;58;land;false;desert;1
81;198;221;151;land;false;plains;1
82;195;220;165;land;false;plains;1
83;112;252;222;land;false;plains;1
84;234;100;191;land;false;plains;1
85;133;219;175;land;false;desert;1
86;151;216;247;land;false;forest;1
87;206;149;214;land;false;plains;1
88;212;152;167;land;false;plains;1
89;143;219;203;land;false;plains;1
90;175;194;204;land;false;plains;1
91;163;182;220;land;false;plains;1
92;247;212;173;land;false;plains;1
93;221;192;247;land;false;plains;1
94;168;233;110;land;false;plains;1
95;209;223;231;land;false;plains;1
96;252;219;130;land;false;plains;1
97;195;88;244;land;false;plains;1
98;169;252;167;land;false;plains;1
99;125;218;160;land;true;plains;1
100;213;191;231;land;false;desert;1
101;35;240;234;land;false;plains;1
102;222;207;252;land;false;plains;1
103;191;201;251;land;true;forest;1
104;250;237;98;land;false;plains;1
105;157;247;99;land;false;plains;1
106;245;147;213;land;false;plains;1
107;251;245;253;land;false;plains;1
108;125;226;209;land;false;desert;1
109;239;249;151;land;false;desert;1
110;251;186;210;land;false;plains;1
111;123;232;187;land;false;desert;1
112;168;181;213;land;false;plains;1
113;192;141;199;land;false;plains;1
114;91;199;212;land;false;plains;1
115;164;226;180;land;false;hills;1
116;131;160;227;land;false;urban;1
117;169;178;245;land;false;forest;1
118;241;129;239;land;false;plains;1
119;161;194;240;land;false;plains;1
120;146;176;194;land;false;plains;1
121;144;228;149;land;false;plains;1
122;173;154;200;land;false;plains;1
123;205;141;233;land;false;plains;1
124;213;154;239;land;false;plains;1
125;114;171;225;land;false;urban;1
126;218;33;250;land;false;plains;1
127;239;116;158;land;false;forest;1
128;149;219;208;land;false;plains;1
129;212;234;134;land;false;plains;1
130;208;214;231;land;false;plains;1
131;84;188;235;land;false;plains;1
132;169;129;252;land;false;desert;1
133;111;230;245;land;false;plains;1
134;192;207;220;land;false;plains;1
135;232;116;214;land;false;plains;1
136;239;213;246;land;false;plains;1
137;161;253;241;land;false;hills;1
138;157;254;170;land;false;plains;1
139;176;212;183;land;false;plains;1
140;226;128;245;land;false;plains;1
141;118;196;200;land;false;plains;1
142;242;183;128;land;false;plains;1
143;248;124;173;land;false;urban;1
144;249;232;221;land;false;desert;1
145;161;233;236;land;true;plains;1
146;254;62;233;land;false;mountain;1
147;180;221;253;land;false;plains;1
148;192;110;240;land;false;plains;1
149;238;239;155;land;false;plains;1
150;251;99;159;land;false;plains;1
151;223;133;254;land;false;desert;1
152;235;209;169;land;false;plains;1
153;193;244;118;land;false;hills;1
154;131;195;222;land;false;plains;1
155;62;253;236;land;false;plains;1
156;241;212;56;land;false;plains;1
157;173;173;251;land;false;desert;1
158;251;112;142;land;false;plains;1
159;222;82;203;land;false;hills;1
160;253;251;236;land;false;plains;1
161;230;134;148;land;false;plains;1
162;49;217;243;land;false;plains;1
163;208;224;215;land;false;hills;1
164;215;45;250;land;false;plains;1
165;157;175;191;land;false;plains;1
166;80;210;219;land;false;urban;1
167;239;168;236;land;false;plains;1
168;190;144;238;land;false;hills;1
169;195;186;140;land;false;plains;1
170;247;243;21;land;false;plains;1
171;198;249;245;land;false;plains;1
172;191;237;116;land;false;plains;1
173;237;223;108;land;false;plains;1
174;154;195;231;land;false;plains;1
175;225;219;200;land;false;desert;1
176;129;140;252;land;true;plains;1
177;84;187;233;land;false;mountain;1
178;147;215;142;land;false;plains;1
179;242;142;122;land;false;plains;1
180;191;194;239;land;false;plains;1
181;110;237;253;land;false;plains;1
182;196;243;113;land;false;plains;1
183;230;166;106;land;false;desert;1
184;221;245;46;land;false;plains;1
185;239;234;87;land;false;plains;1
186;185;203;173;land;false;plains;1
187;237;130;170;land;false;plains;1
188;198;247;143;land;false;plains;1
189;240;191;233;land;false;plains;1
190;201;108;237;land;false;plains;1
191;160;207;245;land;false;plains;1
192;173;140;232;land;false;desert;1
193;210;222;145;land;false;plains;1
194;122;213;213;land;false;plains;1
195;81;194;235;land;false;plains;1
196;247;228;211;land;false;plains;1
197;152;180;221;land;false;plains;1
198;157;240;195;land;false;desert;1
199;100;244;207;land;false;plains;1
200;252;193;111;land;false;plains;1
201;25;247;230;land;false;plains;1
202;244;165;104;land;false;plains;1
203;250;177;245;land;false;plains;1
204;237;235;189;land;false;desert;1
205;188;247;242;land;false;plains;1
206;214;244;179;land;false;plains;1
207;225;211;144;land;false;desert;1
208;224;249;200;land;false;hills;1
209;211;111;240;land;false;desert;1
210;134;205;247;land;true;plains;1
211;253;227;103;land;false;plains;1
212;190;207;120;land;false;plains;1
213;170;220;167;land;false;plains;1
214;217;162;136;land;false;plains;1
215;209;201;106;land;false;plains;1
216;145;160;222;land;true;plains;1
217;246;193;241;land;false;hills;1
218;242;146;174;land;true;plains;1
219;220;238;194;land;false;plains;1
220;245;244;113;land;false;desert;1
221;151;222;228;land;false;plains;1
222;222;130;162;land;false;plains;1
223;143;203;229;land;false;plains;1
224;159;240;195;land;false;forest;1
225;247;245;238;land;false;plains;1
226;179;245;231;land;true;plains;1
227;213;171;221;land;false;desert;1
228;199;221;212;land;false;plains;1
229;207;243;58;land;false;plains;1
230;71;241;231;land;false;plains;1
231;111;174;216;land;false;plains;1
232;232;198;215;land;false;forest;1
233;195;171;173;land;false;plains;1
234;232;244;180;land;false;plains;1
235;80;254;248;land;false;plains;1
236;242;187;183;land;false;desert;1
237;77;247;178;land;false;plains;1
238;225;139;143;land;false;plains;1
239;224;150;236;land;false;plains;1
240;213;106;239;land;false;plains;1
241;253;98;226;land;false;plains;1
242;155;224;229;land;false;desert;1
243;188;237;239;land;false;plains;1
244;151;244;226;land;false;plains;1
245;221;104;187;land;false;plains;1
246;89;212;209;land;false;plains;1
247;177;232;120;land;false;forest;1
248;219;216;203;land;false;plains;1
249;148;237;200;land;false;plains;1
250;215;188;250;land;true;mountain;1
251;237;75;205;land;false;plains;1
252;148;243;238;land;false;plains;1
253;232;211;205;land;true;plains;1
254;142;254;252;land;false;plains;1
255;242;184;210;land;true;plains;1
256;171;236;252;land;false;plains;1
257;186;227;228;land;false;plains;1
258;184;129;248;land;false;plains;1
259;80;214;220;land;false;plains;1
260;193;91;217;land;false;hills;1
261;254;188;203;land;false;plains;1
262;170;98;240;land;false;plains;1
263;199;248;217;land;false;plains;1
264;243;223;68;land;false;desert;1
265;130;231;191;land;false;plains;1
266;224;130;247;land;false;plains;1
267;181;209;193;land;false;plains;1
268;103;176;242;land;false;hills;1
269;226;232;249;land;false;plains;1
270;114;235;157;land;false;mountain;1
271;85;230;243;land;false;plains;1
272;250;159;116;land;false;plains;1
273;141;206;190;land;false;desert;1
274;184;197;216;land;false;plains;1
275;134;184;226;land;false;hills;1
276;198;81;251;land;false;urban;1
277;253;69;229;land;false;plains;1
278;198;219;121;land;false;forest;1
279;61;206;250;land;false;plains;1
280;148;168;214;land;false;plains;1
281;187;253;92;land;false;plains;1
282;149;215;147;land;false;plains;1
283;102;195;245;land;false;plains;1
284;235;183;115;land;false;desert;1
285;253;111;201;land;false;plains;1
286;173;203;247;land;false;forest;1
287;215;151;216;land;false;hills;1
288;194;227;149;land;false;plains;1
289;188;230;113;land;false;desert;1
290;241;253;249;land;false;plains;1
291;246;230;44;land;false;desert;1
292;242;243;210;land;false;plains;1
293;194;162;208;land;false;desert;1
294;205;188;169;land;false;plains;1
295;221;230;212;land;false;plains;1
296;145;236;194;land;false;forest;1
297;237;249;237;land;false;plains;1
298;185;214;191;land;false;plains;1
299;238;155;245;land;false;plains;1
300;229;186;145;land;false;plains;1
301;179;210;248;land;false;plains;1
302;209;146;188;land;false;plains;1
303;237;129;137;land;false;plains;1
304;192;158;230;land;false;plains;1
305;174;250;244;land;false;plains;1
306;133;160;228;land;false;forest;1
307;121;241;233;land;true;plains;1
308;246;201;209;land;false;plains;1
309;232;213;188;land;false;desert;1
310;213;125;207;land;false;plains;1
311;158;164;188;land;false;plains;1
312;192;210;142;land;false;desert;1
313;244;92;217;land;false;plains;1
314;195;221;195;land;false;plains;1
315;229;87;218;land;true;plains;1
316;206;223;221;land;false;plains;1
317;234;151;254;land;false;plains;1
318;248;176;232;land;false;plains;1
319;162;137;208;land;false;hills;1
320;229;144;180;land;false;plains;1
321;173;157;216;land;false;hills;1
322;185;166;221;land;false;plains;1
323;186;138;195;land;false;plains;1
324;244;91;183;land;false;plains;1
325;82;246;201;land;false;plains;1
326;216;190;102;land;false;plains;1
327;162;251;170;land;false;plains;1
328;239;199;233;land;false;plains;1
329;103;227;230;land;false;plains;1
330;253;71;245;land;false;plains;1
331;185;81;247;land;false;plains;1
332;219;75;236;land;false;desert;1
333;187;156;228;land;false;plains;1
334;181;210;227;land;false;plains;1
335;83;224;251;land;false;plains;1
336;192;242;160;land;false;plains;1
337;161;235;183;land;false;desert;1
338;244;129;179;land;false;plains;1
339;219;110;246;land;false;plains;1
340;164;223;183;land;false;plains;1
341;135;198;190;land;false;urban;1
342;221;233;240;land;false;plains;1
343;213;163;180;land;false;plains;1
344;156;231;124;land;false;plains;1
345;232;207;180;land;true;plains;1
346;141;200;163;land;false;jungle;1
347;225;186;152;land;false;plains;1
348;203;165;228;land;false;plains;1
349;187;216;173;land;false;plains;1
350;236;102;251;land;false;plains;1
351;242;249;228;land;false;plains;1
352;207;163;249;land;false;plains;1
353;184;198;211;land;false;plains;1
354;240;248;133;land;false;hills;1
355;202;250;158;land;false;urban;1
356;66;234;252;land;false;plains;1
357;221;87;203;land;false;plains;1
358;216;171;208;land;false;desert;1
359;199;213;114;land;false;plains;1
360;253;180;74;land;false;plains;1
361;170;210;206;land;false;desert;1
362;182;183;239;land;false;plains;1
363;177;132;195;land;false;plains;1
364;211;173;162;land;false;plains;1
365;54;232;220;land;false;plains;1
366;231;217;241;land;false;plains;1
367;158;253;112;land;false;plains;1
368;182;173;185;land;false;desert;1
369;153;243;215;land;false;forest;1
370;88;197;235;land;false;plains;1
371;249;80;179;land;false;plains;1
372;206;234;200;land;false;plains;1
373;135;231;205;land;false;desert;1
374;136;233;210;land;false;hills;1
375;203;199;232;land;false;plains;1
376;203;106;214;land;false;plains;1
377;214;216;105;land;false;plains;1
378;242;254;24;land;false;desert;1
379;162;136;203;land;false;plains;1
380;246;219;122;land;false;plains;1
381;243;116;166;land;false;plains;1
382;169;141;203;land;false;plains;1
383;173;146;207;land;false;plains;1
384;100;228;233;land;false;desert;1
385;117;246;246;land;false;desert;1
386;185;244;80;land;false;desert;1
387;145;193;206;land;false;desert;1
388;212;194;171;land;false;plains;1
389;246;112;237;land;false;plains;1
390;244;162;161;land;false;plains;1
391;118;229;201;land;false;forest;1
392;238;197;158;land;false;plains;1
393;160;208;176;land;false;plains;1
394;245;184;78;land;false;desert;1
395;215;117;178;land;false;forest;1
396;234;190;232;land;false;plains;1
397;246;114;196;land;false;plains;1
398;213;192;109;land;false;desert;1
399;237;242;74;land;false;plains;1
400;190;169;211;land;false;plains;1
401;200;173;182;land;false;plains;1
402;239;241;176;land;false;plains;1
403;182;199;217;land;false;plains;1
404;138;223;148;land;false;plains;1
405;158;169;247;land;false;desert;1
406;242;172;169;land;false;plains;1
407;187;214;178;land;false;plains;1
408;240;130;217;land;false;plains;1
409;200;162;235;land;false;plains;1
410;157;253;196;land;false;plains;1
411;189;188;181;land;false;plains;1
412;83;223;205;land;false;plains;1
413;225;163;233;land;false;plains;1
414;252;185;218;land;false;plains;1
415;98;245;161;land;false;plains;1
416;134;231;167;land;false;plains;1
417;141;150;238;land;false;plains;1
418;168;171;164;land;false;desert;1
419;213;132;244;land;false;plains;1
420;239;53;217;land;false;plains;1
421;150;231;185;land;false;plains;1
422;236;252;164;land;true;plains;1
423;246;52;222;land;false;plains;1
424;201;214;201;land;false;forest;1
425;111;220;188;land;false;plains;1
426;176;157;217;land;false;plains;1
427;254;170;187;land;false;plains;1
428;115;142;250;land;false;plains;1
429;135;246;165;land;false;plains;1
430;175;153;199;land;false;forest;1
431;158;247;146;land;false;plains;1
432;138;195;186;land;false;plains;1
433;247;162;213;land;false;desert;1
434;129;148;231;land;false;plains;1
435;209;158;160;land;false;plains;1
436;182;237;167;land;true;plains;1
437;246;176;133;land;false;urban;1
438;85;199;225;land;false;hills;1
439;219;191;239;land;false;plains;1
440;103;216;253;land;false;plains;1
441;237;90;199;land;false;plains;1
442;173;234;209;land;false;plains;1
443;216;186;228;land;false;plains;1
444;192;223;198;land;false;mountain;1
445;217;210;146;land;false;desert;1
446;158;209;230;land;false;plains;1
447;208;243;186;land;false;plains;1
448;227;233;231;land;false;plains;1
449;171;205;168;land;false;desert;1
450;188;207;144;land;false;plains;1
451;145;174;215;land;false;plains;1
452;224;222;85;land;false;plains;1
453;62;216;235;land;false;plains;1
454;203;114;216;land;false;plains;1
455;244;158;186;land;false;plains;1
456;227;34;240;land;true;plains;1
457;208;61;239;land;true;plains;1
458;233;224;242;land;false;plains;1
459;246;188;113;land;false;plains;1
460;192;173;246;land;false;plains;1
461;145;252;182;land;false;plains;1
462;219;195;179;land;false;plains;1
463;191;237;152;land;false;plains;1
464;217;79;245;land;false;desert;1
465;242;246;185;land;false;plains;1
466;167;150;195;land;false;plains;1
467;97;197;241;land;false;plains;1
468;250;105;157;land;false;plains;1
469;235;238;156;land;false;plains;1
470;245;140;222;land;false;plains;1
471;217;70;221;land;false;plains;1
472;246;117;213;land;true;plains;1
473;200;192;215;land;false;plains;1
474;208;222;216;land;true;plains;1
475;241;143;168;land;false;plains;1
476;214;251;163;land;false;plains;1
477;67;249;253;land;false;plains;1
478;131;247;215;land;false;desert;1
479;248;164;174;land;false;plains;1
480;164;169;183;land;false;plains;1
481;176;209;120;land;false;plains;1
482;212;162;254;land;false;hills;1
483;248;166;236;land;false;mountain;1
484;223;55;248;land;false;forest;1
485;168;166;168;land;false;hills;1
486;196;154;248;land;false;plains;1
487;231;180;95;land;true;plains;1
488;209;200;206;land;false;desert;1
489;231;243;95;land;false;hills;1
490;174;246;231;land;false;desert;1
491;253;193;142;land;false;plains;1
492;142;244;135;land;false;desert;1
493;229;251;168;land;false;plains;1
494;194;205;219;land;false;plains;1
495;234;221;120;land;false;plains;1
496;224;158;134;land;false;plains;1
497;132;238;224;land;false;plains;1
498;202;58;243;land;true;desert;1
499;178;191;192;land;true;plains;1
500;197;200;118;land;false;desert;1
501;177;202;242;land;false;plains;1
502;218;240;245;land;false;mountain;1
503;229;93;207;land;false;plains;1
504;220;200;146;land;false;desert;1
505;244;121;170;land;false;plains;1
506;198;231;167;land;true;plains;1
507;139;144;235;land;false;plains;1
508;253;229;114;land;false;hills;1
509;200;214;123;land;false;plains;1
510;106;254;228;land;false;desert;1
511;136;238;171;land;false;plains;1
512;250;241;131;land;false;plains;1
513;211;203;99;land;false;plains;1
514;177;208;153;land;false;plains;1
515;232;77;205;land;false;plains;1
516;245;132;209;land;false;desert;1
517;104;248;168;land;false;plains;1
518;125;190;222;land;false;plains;1
519;247;225;67;land;false;hills;1
520;246;79;237;land;false;plains;1
521;165;228;237;land;false;jungle;1
522;221;187;170;land;false;plains;1
523;173;134;252;land;true;plains;1
524;96;253;222;land;false;plains;1
525;226;213;128;land;false;plains;1
526;93;240;186;land;false;plains;1
527;186;218;133;land;false;desert;1
528;209;225;149;land;false;plains;1
529;219;138;233;land;false;plains;1
530;119;168;245;land;false;plains;1
531;179;206;225;land;false;desert;1
532;177;125;219;land;false;desert;1
533;140;154;237;land;false;plains;1
534;220;236;61;land;false;plains;1
535;173;224;188;land;false;plains;1
536;155;244;176;land;false;hills;1
537;67;222;234;land;false;desert;1
538;14;251;243;land;false;plains;1
539;137;183;226;land;false;plains;1
540;224;188;134;land;false;plains;1
541;91;201;220;land;false;desert;1
542;131;184;241;land;false;plains;1
543;235;92;254;land;false;desert;1
544;236;215;89;land;false;plains;1
545;201;246;163;land;false;plains;1
546;130;234;176;land;false;plains;1
547;114;154;248;land;false;plains;1
548;178;163;196;land;false;plains;1
549;227;108;192;land;false;plains;1
550;240;202;121;land;false;plains;1
551;177;190;155;land;false;plains;1
552;148;239;141;land;false;plains;1
553;214;185;124;land;false;desert;1
554;165;177;246;land;true;plains;1
555;201;231;206;land;false;plains;1
556;180;84;243;land;false;plains;1
557;211;247;143;land;false;desert;1
558;54;221;226;land;false;forest;1
559;75;249;207;land;false;desert;1
560;245;122;212;land;false;plains;1
561;165;226;217;land;false;forest;1
562;201;215;104;land;false;desert;1
563;176;250;210;land;false;plains;1
564;169;174;253;land;false;plains;1
565;109;220;176;land;false;plains;1
566;117;239;152;land;false;mountain;1
567;192;239;169;land;false;plains;1
568;153;187;230;land;false;desert;1
569;232;122;210;land;false;plains;1
570;208;180;218;land;false;desert;1
571;198;238;245;land;false;plains;1
572;184;211;116;land;true;plains;1
573;225;243;54;land;false;desert;1
574;232;211;70;land;false;plains;1
575;156;211;232;land;false;desert;1
576;78;238;222;land;false;plains;1
577;242;147;146;land;false;plains;1
578;215;190;241;land;false;mountain;1
579;228;186;136;land;false;plains;1
580;180;168;178;land;true;plains;1
581;226;211;134;land;false;plains;1
582;248;218;211;land;false;plains;1
583;235;222;219;land;false;plains;1
584;240;244;64;land;false;plains;1
585;147;156;252;land;false;plains;1
586;223;141;211;land;false;plains;1
587;181;205;140;land;false;plains;1
588;242;237;200;land;true;plains;1
589;200;253;208;land;false;plains;1
590;149;228;228;land;false;urban;1
591;159;122;225;land;false;plains;1
592;165;228;176;land;false;plains;1
593;249;128;131;land;false;desert;1
594;220;212;79;land;false;forest;1
595;185;115;219;land;false;plains;1
596;231;203;225;land;false;desert;1
597;207;173;251;land;false;plains;1
598;218;199;150;land;false;plains;1
599;145;241;201;land;false;plains;1
600;238;113;218;land;true;plains;1
601;163;185;209;land;false;plains;1
602;204;153;232;land;false;plains;1
603;206;254;122;land;false;plains;1
604;161;209;166;land;false;desert;1
605;186;117;217;land;false;plains;1
606;220;184;199;land;false;plains;1
607;213;116;216;land;false;forest;1
608;154;198;217;land;false;desert;1
609;205;212;190;land;false;desert;1
610;219;211;149;land;false;plains;1
611;36;233;247;land;false;plains;1
612;63;208;250;land;false;plains;1
613;199;79;237;land;false;plains;1
614;116;165;235;land;false;desert;1
615;208;227;67;land;false;plains;1
616;245;245;242;land;false;plains;1
617;184;151;170;land;false;plains;1
618;129;237;144;land;false;plains;1
619;150;178;237;land;false;plains;1
620;110;199;240;land;false;desert;1
621;250;200;56;land;false;plains;1
622;234;80;189;land;true;plains;1
623;153;221;175;land;false;plains;1
624;193;198;251;land;false;plains;1
625;192;246;143;land;false;plains;1
626;142;139;238;land;false;plains;1
627;244;232;180;land;false;hills;1
628;239;221;209;land;false;mountain;1
629;117;181;252;land;false;plains;1
630;105;244;188;land;false;plains;1
631;118;138;245;land;false;plains;1
632;249;204;69;land;false;plains;1
633;227;226;180;land;false;mountain;1
634;162;138;229;land;false;plains;1
635;93;237;173;land;false;desert;1
636;240;225;59;land;false;plains;1
637;186;201;162;land;false;plains;1
638;250;118;156;land;false;plains;1
639;207;113;221;land;false;mountain;1
640;180;185;159;land;false;plains;1
641;115;201;230;land;true;plains;1
642;92;246;193;land;false;mountain;1
643;178;147;213;land;false;plains;1
644;253;44;236;land;false;plains;1
645;248;191;68;land;false;forest;1
646;228;251;180;land;false;plains;1
647;74;253;217;land;false;plains;1
648;190;168;213;land;false;plains;1
649;85;212;238;land;false;plains;1
650;252;156;123;land;false;plains;1
651;243;144;175;land;false;plains;1
652;146;253;238;land;false;plains;1
653;107;203;193;land;false;plains;1
654;180;220;135;land;false;urban;1
655;242;94;236;land;false;plains;1
656;250;248;85;land;false;plains;1
657;24;251;238;land;false;desert;1
658;132;225;167;land;false;plains;1
659;206;109;242;land;false;plains;1
660;253;116;155;land;true;plains;1
661;139;223;158;land;false;plains;1
662;109;165;227;land;false;plains;1
663;231;128;151;land;false;desert;1
664;206;83;222;land;false;plains;1
665;244;166;145;land;false;plains;1
666;111;210;210;land;false;plains;1
667;230;162;253;land;false;forest;1
668;240;161;125;land;false;plains;1
669;180;245;173;land;false;plains;1
670;249;224;139;land;false;plains;1
671;238;210;170;land;false;desert;1
672;207;245;246;land;false;desert;1
673;234;53;216;land;false;plains;1
674;203;228;230;land;false;desert;1
675;249;175;145;land;false;plains;1
676;227;234;193;land;true;forest;1
677;217;236;143;land;false;plains;1
678;104;197;208;land;false;plains;1
679;204;221;248;land;false;forest;1
680;203;229;144;land;false;plains;1
681;193;91;246;land;false;plains;1
682;253;246;62;land;false;plains;1
683;229;117;188;land;false;desert;1
684;197;154;167;land;false;desert;1
685;220;113;198;land;false;plains;1
686;197;165;235;land;false;plains;1
687;203;238;202;land;false;plains;1
688;160;217;179;land;false;desert;1
689;135;197;229;land;false;plains;1
690;251;85;229;land;false;plains;1
691;197;130;188;land;false;plains;1
692;224;148;169;land;true;plains;1
693;249;183;124;land;false;plains;1
694;134;245;133;land;false;mountain;1
695;68;222;228;land;false;forest;1
696;210;242;97;land;false;plains;1
697;225;81;253;land;false;desert;1
698;194;171;212;land;false;plains;1
699;148;234;229;land;false;plains;1
700;239;146;158;land;false;plains;1
701;233;250;91;land;false;plains;1
702;156;241;196;land;false;plains;1
703;177;230;148;land;false;desert;1
704;241;245;226;land;false;plains;1
705;215;205;166;land;false;plains;1
706;166;232;176;land;false;desert;1
707;204;229;232;land;false;plains;1
708;153;156;220;land;false;plains;1
709;190;229;120;land;false;plains;1
710;222;130;240;land;false;plains;1
711;186;155;238;land;false;mountain;1
712;198;245;228;land;false;plains;1
713;237;167;217;land;false;plains;1
714;169;221;241;land;false;plains;1
715;247;127;190;land;false;plains;1
716;237;116;177;land;false;plains;1
717;177;224;122;land;false;plains;1
718;165;206;194;land;true;plains;1
719;167;146;240;land;false;plains;1
720;148;226;207;land;false;plains;1
721;239;237;204;land;false;plains;1
722;218;67;235;land;false;hills;1
723;245;155;216;land;false;plains;1
724;227;233;172;land;false;plains;1
725;153;236;187;land;false;desert;1
726;184;167;235;land;true;plains;1
727;156;225;186;land;false;forest;1
728;205;112;211;land;false;desert;1
729;224;244;222;land;false;plains;1
730;247;55;226;land;false;plains;1
731;209;128;254;land;false;plains;1
732;203;251;184;land;false;desert;1
733;172;203;188;land;false;plains;1
734;187;205;192;land;false;desert;1
735;235;134;135;land;true;plains;1
736;218;247;58;land;false;desert;1
737;253;233;238;land;false;desert;1
738;101;235;215;land;false;desert;1
739;144;210;220;land;false;plains;1
740;74;189;251;land;false;plains;1
741;237;224;90;land;false;plains;1
742;221;146;149;land;false;plains;1
743;137;175;194;land;false;plains;1
744;224;118;188;land;false;plains;1
745;184;127;192;land;false;forest;1
746;206;67;251;land;false;plains;1
747;105;223;254;land;false;plains;1
748;167;218;165;land;false;plains;1
749;175;165;174;land;false;forest;1
750;248;119;248;land;false;plains;1
751;211;186;184;land;false;plains;1
752;184;212;174;land;false;plains;1
753;213;169;238;land;false;plains;1
754;207;187;150;land;false;desert;1
755;216;206;248;land;false;plains;1
756;250;246;209;land;true;forest;1
757;204;78;219;land;false;desert;1
758;185;174;184;land;false;plains;1
759;125;238;144;land;false;plains;1
760;212;248;160;land;false;plains;1
761;234;177;141;land;false;mountain;1
762;231;161;248;land;false;plains;1
763;239;206;245;land;false;plains;1
764;218;201;154;land;false;plains;1
765;232;81;254;land;false;plains;1
766;119;226;220;land;false;plains;1
767;180;216;204;land;false;plains;1
768;207;161;212;land;false;plains;1
769;176;219;169;land;false;plains;1
770;222;120;189;land;false;plains;1
771;146;246;195;land;false;desert;1
772;199;182;171;land;false;plains;1
773;229;172;119;land;false;desert;1
774;230;92;200;land;false;plains;1
775;183;178;245;land;false;forest;1
776;252;206;86;land;false;plains;1
777;244;191;173;land;false;plains;1
778;236;219;116;land;true;plains;1
779;229;170;182;land;false;plains;1
780;182;128;213;land;false;plains;1
781;209;227;161;land;false;plains;1
782;228;114;253;land;false;desert;1
783;243;180;133;land;false;plains;1
784;173;211;122;land;false;plains;1
785;248;146;115;land;false;urban;1
786;179;184;243;land;false;plains;1
787;109;253;249;land;false;forest;1
788;219;181;212;land;false;plains;1
789;243;221;71;land;false;plains;1
790;214;154;246;land;false;forest;1
791;220;224;171;land;false;plains;1
792;200;228;116;land;false;plains;1
793;126;174;249;land;false;plains;1
794;253;244;242;land;false;plains;1
795;110;232;204;land;false;plains;1
796;98;182;253;land;false;plains;1
797;172;223;232;land;false;plains;1
798;241;224;140;land;false;plains;1
799;171;179;166;land;false;plains;1
800;95;220;201;land;false;plains;1
801;195;119;240;land;false;plains;1
802;237;171;119;land;false;plains;1
803;229;121;204;land;false;plains;1
804;86;236;214;land;false;plains;1
805;207;239;85;land;false;plains;1
806;200;205;97;land;false;plains;1
807;219;73;223;land;false;plains;1
808;206;169;178;land;false;desert;1
809;216;141;172;land;false;plains;1
810;235;199;238;land;false;hills;1
811;179;151;200;land;true;plains;1
812;76;205;234;land;false;mountain;1
813;192;210;164;land;false;desert;1
814;251;249;154;land;false;plains;1
815;232;99;210;land;false;desert;1
816;236;227;236;land;false;plains;1
817;184;185;143;land;false;plains;1
818;192;241;253;land;false;plains;1
819;223;250;85;land;false;plains;1
820;251;92;188;land;false;mountain;1
821;80;233;230;land;false;plains;1
822;225;137;232;land;false;plains;1
823;84;244;211;land;false;desert;1
824;243;152;110;land;false;plains;1
825;82;211;222;land;false;plains;1
826;228;172;162;land;true;plains;1
827;245;143;197;land;false;plains;1
828;231;251;177;land;false;plains;1
829;193;136;213;land;false;plains;1
830;214;206;107;land;false;plains;1
831;227;165;223;land;false;plains;1
832;237;135;234;land;false;forest;1
833;239;199;125;land;false;plains;1
834;167;142;253;land;false;forest;1
835;207;246;74;land;false;plains;1
836;106;237;194;land;false;plains;1
837;185;215;233;land;true;plains;1
838;186;150;235;land;false;hills;1
839;225;247;183;land;false;plains;1
840;146;237;235;land;false;plains;1
841;131;216;209;land;false;plains;1
842;149;230;189;land;false;plains;1
843;61;225;249;land;false;plains;1
844;216;227;120;land;false;plains;1
845;155;225;178;land;false;desert;1
846;180;242;185;land;false;plains;1
847;118;245;245;land;false;plains;1
848;143;222;243;land;false;plains;1
849;200;160;154;land;false;desert;1
850;242;246;79;land;false;desert;1
851;172;159;179;land;false;plains;1
852;245;213;135;land;false;plains;1
853;207;158;232;land;false;desert;1
854;76;247;186;land;true;plains;1
855;223;228;161;land;false;urban;1
856;246;209;136;land;false;plains;1
857;214;242;204;land;false;plains;1
858;218;220;149;land;false;plains;1
859;121;207;218;land;false;plains;1
860;188;141;239;land;false;plains;1
861;242;96;240;land;false;plains;1
862;184;193;207;land;false;plains;1
863;205;230;252;land;false;plains;1
864;228;217;200;land;false;plains;1
865;214;91;211;land;false;plains;1
866;177;171;181;land;false;desert;1
867;230;253;234;land;false;plains;1
868;244;188;130;land;false;plains;1
869;177;163;205;land;true;plains;1
870;141;201;242;land;false;plains;1
871;246;213;139;land;false;plains;1
872;247;73;205;land;false;plains;1
873;245;153;211;land;false;plains;1
874;89;171;242;land;false;plains;1
875;80;191;233;land;false;plains;1
876;153;252;178;land;false;urban;1
877;217;36;248;land;false;plains;1
878;186;130;251;land;false;plains;1
879;215;244;213;land;false;plains;1
880;208;243;202;land;false;plains;1
881;244;195;98;land;false;plains;1
882;250;24;254;land;false;plains;1
883;177;224;182;land;false;plains;1
884;111;221;181;land;true;plains;1
885;219;182;206;land;false;plains;1
886;80;247;250;land;false;desert;1
887;242;182;196;land;false;plains;1
888;248;206;170;land;false;plains;1
889;141;200;207;land;false;plains;1
890;181;170;216;land;false;desert;1
891;111;169;227;land;false;plains;1
892;80;254;224;land;false;plains;1
893;199;108;214;land;false;plains;1
894;179;136;221;land;false;plains;1
895;185;120;221;land;false;plains;1
896;235;80;236;land;false;desert;1
897;232;66;225;land;false;desert;1
898;230;200;111;land;false;plains;1
899;178;88;252;land;false;plains;1
900;89;217;215;land;false;plains;1
901;213;123;175;land;false;forest;1
902;55;252;207;land;false;plains;1
903;133;218;221;land;false;plains;1
904;160;246;140;land;false;plains;1
905;226;119;186;land;false;desert;1
906;167;218;119;land;false;desert;1
907;212;172;220;land;false;desert;1
908;172;174;232;land;false;plains;1
909;108;253;211;land;false;plains;1
910;204;227;157;land;false;plains;1
911;243;143;148;land;false;plains;1
912;254;217;36;land;false;plains;1
913;158;175;223;land;false;hills;1
914;231;219;62;land;false;desert;1
915;211;232;123;land;false;desert;1
916;222;153;172;land;false;plains;1
917;172;254;196;land;false;plains;1
918;225;199;230;land;false;plains;1
919;221;143;175;land;false;plains;1
920;85;253;236;land;false;plains;1
921;249;183;93;land;false;plains;1
922;90;216;222;land;false;plains;1
923;238;182;164;land;false;plains;1
924;169;146;253;land;false;plains;1
925;211;115;245;land;false;forest;1
926;113;226;253;land;false;plains;1
927;210;232;102;land;false;plains;1
928;244;173;91;land;true;plains;1
929;245;218;209;land;false;plains;1
930;217;204;231;land;false;plains;1
931;131;170;239;land;false;plains;1
932;202;245;140;land;false;plains;1
933;211;184;208;land;true;plains;1
934;207;186;188;land;false;plains;1
935;137;216;224;land;false;plains;1
936;139;246;231;land;true;plains;1
937;227;169;239;land;false;plains;1
938;224;102;188;land;false;plains;1
939;169;209;202;land;false;plains;1
940;77;226;242;land;true;plains;1
941;199;184;131;land;false;plains;1
942;124;197;206;land;false;plains;1
943;233;187;107;land;false;plains;1
944;246;203;106;land;false;plains;1
945;182;249;127;land;false;hills;1
946;85;195;246;land;false;plains;1
947;243;136;126;land;false;plains;1
948;177;218;241;land;false;plains;1
949;211;224;108;land;false;desert;1
950;228;130;207;land;false;plains;1
951;207;171;146;land;false;plains;1
952;190;222;192;land;false;urban;1
953;222;193;212;land;false;forest;1
954;164;240;199;land;false;desert;1
955;124;202;205;land;false;plains;1
956;149;249;201;land;false;plains;1
957;183;202;242;land;false;plains;1
958;236;196;89;land;false;plains;1
959;183;248;132;land;false;plains;1
960;253;230;142;land;false;plains;1
961;244;236;78;land;false;plains;1
962;225;253;142;land;false;plains;1
963;178;248;104;land;false;plains;1
964;160;249;224;land;false;plains;1
965;183;208;254;land;false;plains;1
966;218;185;155;land;false;plains;1
967;200;212;114;land;false;plains;1
968;244;244;186;land;false;plains;1
969;219;159;171;land;false;plains;1
970;89;249;208;land;false;plains;1
971;165;130;221;land;false;plains;1
972;219;174;153;land;false;plains;1
973;135;196;242;land;false;plains;1
974;213;229;118;land;false;plains;1
975;251;252;35;land;false;forest;1
976;158;226;137;land;false;plains;1
977;85;210;226;land;false;plains;1
978;223;207;95;land;false;plains;1
979;209;173;240;land;false;plains;1
980;100;251;195;land;false;plains;1
981;248;212;107;land;false;plains;1
982;242;177;184;land;false;plains;1
983;196;248;98;land;false;urban;1
984;188;248;136;land;false;plains;1
985;233;61;232;land;false;desert;1
986;246;208;98;land;false;plains;1
987;225;116;176;land;false;forest;1
988;187;227;118;land;false;plains;1
989;228;171;176;land;false;plains;1
990;207;169;156;land;false;desert;1
991;100;170;249;land;false;forest;1
992;196;227;214;land;false;urban;1
993;201;168;144;land;false;plains;1
994;253;225;225;land;false;plains;1
995;236;95;209;land;false;plains;1
996;251;199;110;land;false;plains;1
997;190;240;117;land;false;plains;1
998;220;159;219;land;false;plains;1
999;245;237;233;land;false;desert;1
1000;97;193;247;land;false;plains;1
1001;208;182;238;land;false;desert;1
1002;201;248;55;land;false;plains;1
1003;218;252;253;land;false;plains;1
1004;142;225;135;land;false;desert;1
1005;246;158;173;land;false;plains;1
1006;207;150;184;land;false;plains;1
1007;224;220;194;land;false;mountain;1
1008;125;209;195;land;false;plains;1
1009;193;217;130;land;false;plains;1
1010;203;196;128;land;true;plains;1
1011;183;176;166;land;false;plains;1
1012;184;210;112;land;false;plains;1
1013;205;168;211;land;false;hills;1
1014;186;152;194;land;false;plains;1
1015;180;158;252;land;false;plains;1
1016;47;249;231;land;false;plains;1
1017;221;175;196;land;false;plains;1
1018;216;198;229;land;false;desert;1
1019;170;181;160;land;false;plains;1
1020;239;36;250;land;false;plains;1
1021;225;62;243;land;false;plains;1
1022;248;242;91;land;false;plains;1
1023;203;100;214;land;false;plains;1
1024;195;245;129;land;false;plains;1
1025;234;221;216;land;true;plains;1
1026;249;132;219;land;false;plains;1
1027;234;138;218;land;false;plains;1
1028;146;217;187;land;false;plains;1
1029;252;220;216;land;false;plains;1
1030;218;236;83;land;false;hills;1
1031;186;78;247;land;false;plains;1
1032;217;205;231;land;false;plains;1
1033;243;254;11;land;false;plains;1
1034;165;235;235;land;false;plains;1
1035;218;243;195;land;false;plains;1
1036;247;129;229;land;false;plains;1
1037;214;225;156;land;true;plains;1
1038;176;244;123;land;false;plains;1
1039;159;239;196;land;false;plains;1
1040;239;66;200;land;false;plains;1
1041;212;120;194;land;false;plains;1
1042;182;197;135;land;false;marsh;1
1043;103;161;248;land;false;plains;1
1044;238;191;242;land;false;plains;1
1045;146;187;245;land;true;plains;1
1046;94;227;210;land;false;plains;1
1047;250;211;158;land;false;plains;1
1048;175;91;254;land;false;plains;1
1049;241;247;77;land;false;plains;1
1050;95;232;246;land;false;forest;1
1051;162;241;189;land;false;plains;1
1052;194;179;178;land;false;mountain;1
1053;175;225;253;land;false;plains;1
1054;186;239;96;land;false;plains;1
1055;174;175;152;land;false;plains;1
1056;251;122;194;land;false;plains;1
1057;177;145;220;land;false;plains;1
1058;157;138;217;land;false;plains;1
1059;201;206;133;land;false;plains;1
1060;90;247;213;land;false;desert;1
1061;208;209;214;land;false;urban;1
1062;215;153;245;land;false;desert;1
1063;232;29;249;land;false;plains;1
1064;193;216;212;land;false;desert;1
1065;238;110;177;land;false;plains;1
1066;233;61;217;land;false;plains;1
1067;251;175;191;land;false;plains;1
1068;246;32;237;land;false;desert;1
1069;208;161;173;land;false;plains;1
1070;111;221;236;land;false;plains;1
1071;238;241;78;land;false;plains;1
1072;172;235;104;land;false;plains;1
1073;188;179;203;land;false;plains;1
1074;189;153;200;land;true;plains;1
1075;199;251;229;land;false;plains;1
1076;240;241;227;land;false;plains;1
1077;251;87;211;land;false;plains;1
1078;199;102;232;land;false;desert;1
1079;211;117;214;land;false;plains;1
1080;198;142;195;land;false;plains;1
1081;143;205;246;land;false;plains;1
1082;40;210;251;land;false;plains;1
1083;177;187;154;land;false;plains;1
1084;209;233;249;land;false;plains;1
1085;225;226;102;land;false;plains;1
1086;116;246;170;land;false;desert;1
1087;254;182;120;land;false;desert;1
1088;253;233;183;land;false;desert;1
1089;209;253;119;land;false;plains;1
1090;243;178;228;land;false;plains;1
1091;232;222;194;land;false;forest;1
1092;216;182;115;land;false;plains;1
1093;129;187;233;land;false;jungle;1
1094;249;202;138;land;false;plains;1
1095;231;223;165;land;false;plains;1
1096;218;194;230;land;false;forest;1
1097;112;253;203;land;false;plains;1
1098;204;140;245;land;false;plains;1
1099;216;126;161;land;true;plains;1
1100;54;222;226;land;false;plains;1
1101;80;211;213;land;true;plains;1
1102;183;168;154;land;false;plains;1
1103;147;218;222;land;false;plains;1
1104;186;219;230;land;false;plains;1
1105;212;141;220;land;false;forest;1
1106;227;187;153;land;false;hills;1
1107;232;149;250;land;false;plains;1
1108;149;237;174;land;false;hills;1
1109;137;230;231;land;false;plains;1
1110;231;214;169;land;false;plains;1
1111;218;217;110;land;false;plains;1
1112;84;169;248;land;false;plains;1
1113;183;209;135;land;false;plains;1
1114;244;254;28;land;false;plains;1
1115;174;216;203;land;false;plains;1
1116;245;116;159;land;false;plains;1
1117;76;238;196;land;false;plains;1
1118;173;155;224;land;false;plains;1
1119;84;253;254;land;false;plains;1
1120;250;138;204;land;false;plains;1
1121;61;244;227;land;false;plains;1
1122;221;119;250;land;false;plains;1
1123;254;189;230;land;false;plains;1
1124;90;213;253;land;false;hills;1
1125;122;245;152;land;false;desert;1
1126;239;146;252;land;false;plains;1
1127;196;253;196;land;false;plains;1
1128;171;226;131;land;false;plains;1
1129;185;225;91;land;false;desert;1
1130;103;198;234;land;false;plains;1
1131;246;170;245;land;false;plains;1
1132;89;179;246;land;false;plains;1
1133;207;211;110;land;false;plains;1
1134;250;233;97;land;false;plains;1
1135;118;215;237;land;false;plains;1
1136;211;182;109;land;false;plains;1
1137;236;98;207;land;false;plains;1
1138;72;249;207;land;false;plains;1
1139;192;146;247;land;false;desert;1
1140;249;58;248;land;false;desert;1
1141;145;238;253;land;false;plains;1
1142;233;245;150;land;true;plains;1
1143;103;237;233;land;false;desert;1
1144;201;228;133;land;false;plains;1
1145;121;225;183;land;false;plains;1
1146;213;251;171;land;false;plains;1
1147;166;95;254;land;true;plains;1
1148;204;245;230;land;false;plains;1
1149;106;231;200;land;false;desert;1
1150;213;201;97;land;false;plains;1
1151;186;161;234;land;false;desert;1
1152;235;182;165;land;false;plains;1
1153;214;224;129;land;true;plains;1
1154;252;124;243;land;false;plains;1
1155;226;238;144;land;false;plains;1
1156;232;182;160;land;false;plains;1
1157;223;105;217;land;false;plains;1
1158;249;185;180;land;false;plains;1
1159;241;76;188;land;false;forest;1
1160;131;220;227;land;false;plains;1
1161;206;238;137;land;false;desert;1
1162;224;217;137;land;false;plains;1
1163;229;146;161;land;false;plains;1
1164;222;191;232;land;false;desert;1
1165;129;179;224;land;false;desert;1
1166;174;161;208;land;false;desert;1
1167;206;175;124;land;false;desert;1
1168;83;252;244;land;false;desert;1
1169;119;187;248;land;false;plains;1
1170;86;254;188;land;false;urban;1
1171;45;247;240;land;false;plains;1
1172;165;209;158;land;false;plains;1
1173;232;227;205;land;false;plains;1
1174;23;237;244;land;false;urban;1
1175;238;169;241;land;false;hills;1
1176;238;206;161;land;false;plains;1
1177;191;86;250;land;false;plains;1
1178;189;208;118;land;false;desert;1
1179;247;153;128;land;false;plains;1
1180;232;180;137;land;false;plains;1
1181;207;89;235;land;false;plains;1
1182;223;161;220;land;false;desert;1
1183;206;128;213;land;false;mountain;1
1184;140;188;199;land;false;plains;1
1185;212;132;163;land;false;forest;1
1186;227;162;159;land;false;plains;1
1187;229;247;34;land;false;plains;1
1188;194;227;242;land;false;plains;1
1189;148;247;158;land;false;plains;1
1190;86;226;251;land;false;plains;1
1191;97;212;196;land;false;plains;1
1192;150;248;158;land;false;desert;1
1193;128;123;252;land;false;plains;1
1194;146;223;155;land;true;plains;1
1195;159;177;220;land;false;desert;1
1196;219;245;209;land;true;plains;1
1197;231;124;195;land;false;plains;1
1198;253;91;188;land;false;plains;1
1199;238;53;248;land;false;plains;1
1200;157;207;226;land;false;plains;1
1201;137;213;161;land;false;desert;1
1202;122;194;231;land;false;plains;1
1203;153;250;244;land;false;plains;1
1204;89;236;245;land;false;plains;1
1205;150;218;246;land;false;plains;1
1206;242;176;102;land;false;plains;1
1207;199;109;227;land;false;plains;1
1208;237;188;110;land;false;plains;1
1209;246;61;211;land;true;plains;1
1210;205;219;133;land;false;plains;1
1211;81;221;227;land;false;urban;1
1212;58;251;223;land;false;plains;1
1213;218;106;214;land;false;plains;1
1214;173;176;219;land;false;plains;1
1215;96;230;243;land;false;plains;1
1216;161;207;149;land;false;plains;1
1217;176;193;240;land;false;plains;1
1218;181;232;196;land;false;desert;1
1219;81;223;240;land;false;plains;1
1220;142;236;234;land;false;plains;1
1221;228;243;118;land;false;plains;1
1222;190;168;188;land;false;plains;1
1223;243;173;145;land;false;plains;1
1224;217;212;253;land;true;plains;1
1225;218;224;204;land;false;desert;1
1226;171;172;206;land;false;plains;1
1227;191;146;172;land;false;plains;1
1228;252;242;241;land;false;plains;1
1229;198;253;72;land;false;plains;1
1230;202;164;166;land;false;plains;1
1231;158;253;157;land;false;plains;1
1232;242;106;173;land;false;plains;1
1233;244;27;241;land;true;plains;1
1234;233;187;183;land;false;plains;1
1235;245;90;254;land;false;plains;1
1236;87;179;251;land;true;plains;1
1237;240;117;144;land;false;plains;1
1238;254;88;162;land;false;urban;1
1239;235;130;215;land;false;plains;1
1240;156;188;180;land;false;plains;1
1241;137;253;157;land;false;plains;1
1242;175;225;244;land;true;plains;1
1243;150;234;224;land;false;plains;1
1244;252;194;103;land;false;forest;1
1245;83;242;192;land;false;plains;1
1246;200;239;212;land;false;plains;1
1247;107;205;200;land;false;plains;1
1248;185;210;244;land;false;forest;1
1249;168;223;126;land;false;forest;1
1250;238;114;211;land;false;plains;1
1251;113;254;150;land;false;desert;1
1252;136;172;202;land;false;plains;1
1253;129;181;224;land;false;desert;1
1254;127;217;165;land;false;plains;1
1255;248;230;55;land;false;plains;1
1256;215;254;216;land;false;hills;1
1257;172;136;216;land;false;desert;1
1258;200;228;101;land;false;plains;1
1259;248;195;64;land;false;plains;1
1260;249;194;221;land;false;plains;1
1261;230;182;223;land;false;plains;1
1262;202;251;72;land;false;plains;1
1263;181;233;121;land;false;plains;1
1264;251;88;232;land;false;plains;1
1265;209;172;161;land;false;plains;1
1266;99;203;236;land;false;desert;1
1267;73;252;240;land;false;plains;1
1268;216;254;117;land;false;plains;1
1269;113;206;191;land;false;plains;1
1270;178;158;191;land;false;plains;1
1271;183;241;148;land;false;plains;1
1272;137;217;165;land;false;plains;1
1273;155;251;153;land;false;urban;1
1274;163;186;237;land;false;plains;1
1275;243;108;229;land;false;plains;1
1276;226;189;128;land;false;plains;1
1277;156;247;109;land;false;hills;1
1278;212;204;234;land;false;plains;1
1279;215;246;126;land;true;plains;1
1280;170;148;197;land;false;desert;1
1281;164;226;176;land;false;desert;1
1282;212;183;184;land;false;plains;1
1283;230;192;229;land;false;plains;1
1284;93;200;225;land;false;plains;1
1285;251;244;233;land;false;desert;1
1286;223;252;197;land;false;urban;1
1287;222;226;162;land;false;desert;1
1288;117;183;203;land;false;plains;1
1289;251;160;95;land;false;plains;1
1290;178;156;183;land;false;plains;1
1291;241;113;238;land;false;plains;1
1292;227;251;31;land;false;forest;1
1293;59;210;233;land;false;plains;1
1294;192;146;190;land;true;desert;1
1295;179;214;198;land;false;forest;1
1296;143;203;196;land;false;plains;1
1297;146;153;252;land;false;plains;1
1298;236;238;131;land;false;forest;1
1299;159;237;235;land;false;desert;1
1300;119;199;233;land;false;plains;1
1301;146;244;160;land;false;plains;1
1302;103;232;236;land;false;desert;1
1303;178;196;247;land;false;plains;1
1304;144;240;183;land;false;plains;1
1305;176;199;179;land;false;hills;1
1306;139;213;167;land;false;plains;1
1307;218;184;134;land;false;desert;1
1308;251;216;142;land;false;plains;1
1309;190;203;198;land;false;plains;1
1310;236;252;83;land;false;plains;1
1311;214;95;192;land;false;plains;1
1312;150;231;158;land;false;urban;1
1313;93;246;234;land;false;plains;1
1314;233;177;145;land;false;plains;1
1315;55;222;228;land;false;plains;1
1316;183;214;245;land;false;plains;1
1317;139;229;157;land;false;plains;1
1318;203;150;228;land;true;plains;1
1319;228;87;247;land;false;plains;1
1320;213;246;48;land;false;desert;1
1321;207;161;204;land;false;desert;1
1322;241;116;180;land;false;plains;1
1323;221;237;112;land;false;desert;1
1324;159;116;246;land;false;plains;1
1325;89;213;249;land;false;plains;1
1326;252;168;137;land;false;plains;1
1327;184;189;248;land;false;plains;1
1328;213;151;241;land;false;plains;1
1329;241;199;231;land;false;plains;1
1330;204;94;224;land;false;plains;1
1331;230;156;156;land;false;plains;1
1332;215;149;155;land;false;plains;1
1333;117;195;209;land;true;plains;1
1334;250;9;253;land;false;plains;1
1335;213;226;213;land;false;plains;1
1336;130;228;206;land;false;plains;1
1337;122;188;235;land;false;plains;1
1338;199;242;139;land;false;plains;1
1339;220;250;202;land;false;urban;1
1340;254;203;87;land;false;plains;1
1341;223;164;185;land;false;plains;1
1342;196;183;219;land;false;urban;1
1343;164;235;116;land;false;plains;1
1344;203;171;195;land;false;plains;1
1345;215;154;153;land;false;plains;1
1346;249;61;219;land;false;plains;1
1347;113;250;196;land;false;plains;1
1348;225;252;201;land;false;desert;1
1349;179;199;215;land;false;desert;1
1350;210;190;230;land;false;plains;1
1351;196;182;226;land;false;plains;1
1352;165;191;252;land;true;plains;1
1353;199;137;238;land;false;desert;1
1354;210;174;181;land;false;plains;1
1355;173;132;243;land;false;plains;1
1356;110;199;205;land;true;hills;1
1357;227;177;206;land;false;jungle;1
1358;238;98;186;land;false;plains;1
1359;207;254;89;land;false;plains;1
1360;238;199;249;land;true;plains;1
1361;151;219;191;land;false;desert;1
1362;138;252;156;land;false;forest;1
1363;212;175;228;land;false;plains;1
1364;219;180;174;land;false;desert;1
1365;210;206;153;land;false;desert;1
1366;173;170;168;land;false;desert;1
1367;81;242;240;land;false;plains;1
1368;233;253;127;land;false;plains;1
1369;174;214;185;land;false;urban;1
1370;223;230;165;land;false;hills;1
1371;164;174;203;land;false;jungle;1
1372;148;243;175;land;false;plains;1
1373;132;203;207;land;false;forest;1
1374;222;137;253;land;false;plains;1
1375;197;168;233;land;false;plains;1
1376;224;178;218;land;false;plains;1
1377;101;179;227;land;false;plains;1
1378;246;210;137;land;false;desert;1
1379;223;132;228;land;false;plains;1
1380;243;125;178;land;true;plains;1
1381;108;240;176;land;false;plains;1
1382;234;105;189;land;false;plains;1
1383;178;248;234;land;false;desert;1
1384;207;175;125;land;false;plains;1
1385;212;219;118;land;false;hills;1
1386;238;169;103;land;false;plains;1
1387;179;234;114;land;false;plains;1
1388;200;237;135;land;true;plains;1
1389;85;221;243;land;false;plains;1
1390;251;216;132;land;false;plains;1
1391;223;163;157;land;false;plains;1
1392;250;210;49;land;false;plains;1
1393;141;236;130;land;false;plains;1
1394;207;241;102;land;false;plains;1
1395;114;254;233;land;false;urban;1
1396;128;239;164;land;false;plains;1
1397;146;215;157;land;false;plains;1
1398;217;149;153;land;false;plains;1
1399;246;121;153;land;false;plains;1
1400;212;242;182;land;false;hills;1
1401;174;190;249;land;false;plains;1
1402;144;204;164;land;false;plains;1
1403;245;191;139;land;false;plains;1
1404;220;195;100;land;true;plains;1
1405;234;27;249;land;false;plains;1
1406;253;128;193;land;true;plains;1
1407;217;122;217;land;false;plains;1
1408;219;254;49;land;false;desert;1
1409;206;241;190;land;false;plains;1
1410;226;211;191;land;false;plains;1
1411;221;183;127;land;false;forest;1
1412;248;28;246;land;false;plains;1
1413;168;214;179;land;true;plains;1
1414;222;110;193;land;false;plains;1
1415;164;252;117;land;false;plains;1
1416;181;215;112;land;true;plains;1
1417;173;177;173;land;false;plains;1
1418;249;137;171;land;false;plains;1
1419;133;232;222;land;false;desert;1
1420;197;192;145;land;false;plains;1
1421;187;198;131;land;false;plains;1
1422;247;150;192;land;false;plains;1
1423;172;254;129;land;false;plains;1
1424;246;208;90;land;false;plains;1
1425;147;215;218;land;false;plains;1
1426;157;233;115;land;false;hills;1
1427;225;168;142;land;false;plains;1
1428;225;135;206;land;false;plains;1
1429;183;226;155;land;false;mountain;1
1430;174;170;253;land;false;forest;1
1431;175;192;153;land;false;plains;1
1432;177;181;158;land;false;plains;1
1433;228;225;197;land;false;plains;1
1434;189;224;163;land;false;plains;1
1435;252;197;224;land;false;forest;1
1436;250;102;251;land;true;plains;1
1437;154;156;239;land;false;plains;1
1438;244;55;243;land;false;plains;1
1439;230;113;178;land;false;plains;1
1440;233;206;90;land;false;plains;1
1441;101;244;164;land;false;plains;1
1442;252;140;202;land;true;plains;1
1443;216;213;94;land;false;plains;1
1444;225;194;141;land;false;plains;1
1445;41;222;246;land;false;plains;1
1446;159;219;146;land;false;plains;1
1447;220;73;233;land;false;forest;1
1448;175;180;222;land;false;desert;1
1449;237;133;223;land;true;plains;1
1450;211;231;198;land;false;plains;1
1451;230;109;235;land;false;plains;1
1452;240;236;110;land;false;plains;1
1453;173;225;138;land;false;forest;1
1454;177;251;148;land;false;plains;1
1455;211;172;202;land;false;marsh;1
1456;241;157;167;land;true;plains;1
1457;118;193;225;land;false;desert;1
1458;113;237;186;land;false;plains;1
1459;248;188;235;land;false;plains;1
1460;190;250;197;land;false;desert;1
1461;249;120;187;land;false;plains;1
1462;128;200;230;land;false;plains;1
1463;192;214;242;land;false;desert;1
1464;212;159;153;land;false;plains;1
1465;218;207;163;land;false;plains;1
1466;125;244;198;land;false;plains;1
1467;151;156;241;land;false;plains;1
1468;163;232;178;land;false;desert;1
1469;19;253;244;land;false;forest;1
1470;180;129;246;land;false;plains;1
1471;178;191;253;land;false;plains;1
1472;238;123;237;land;false;plains;1
1473;110;253;153;land;false;plains;1
1474;198;216;183;land;false;plains;1
1475;242;223;239;land;false;desert;1
1476;194;213;107;land;false;plains;1
1477;145;196;240;land;false;plains;1
1478;224;242;77;land;false;plains;1
1479;252;148;183;land;false;plains;1
1480;218;121;216;land;false;plains;1
1481;171;198;221;land;false;desert;1
1482;194;174;240;land;false;plains;1
1483;104;225;187;land;false;plains;1
1484;187;174;167;land;false;plains;1
1485;232;189;106;land;false;plains;1
1486;164;234;225;land;false;plains;1
1487;242;201;153;land;false;plains;1
1488;40;236;235;land;false;plains;1
1489;200;140;215;land;false;plains;1
1490;207;190;156;land;false;plains;1
1491;193;235;151;land;false;plains;1
1492;202;208;207;land;true;plains;1
1493;129;173;250;land;false;plains;1
1494;220;253;189;land;true;plains;1
1495;140;236;199;land;false;plains;1
1496;121;224;207;land;true;plains;1
1497;253;111;250;land;false;plains;1
1498;170;246;144;land;false;desert;1
1499;172;191;232;land;false;plains;1
1500;234;230;76;land;false;plains;1
1501;197;253;93;land;false;plains;1
1502;140;246;239;land;false;plains;1
1503;177;171;190;land;false;plains;1
1504;236;237;114;land;false;desert;1
1505;237;131;186;land;false;desert;1
1506;56;249;219;land;false;plains;1
1507;125;187;245;land;false;desert;1
1508;202;195;235;land;false;desert;1
1509;234;174;251;land;false;plains;1
1510;218;227;141;land;false;desert;1
1511;211;137;180;land;false;plains;1
1512;213;236;159;land;true;plains;1
1513;190;169;213;land;false;plains;1
1514;133;224;144;land;false;plains;1
1515;164;245;114;land;false;hills;1
1516;205;159;208;land;false;plains;1
1517;93;227;192;land;false;plains;1
1518;200;158;219;land;false;plains;1
1519;240;244;195;land;false;plains;1
1520;210;169;125;land;true;plains;1
1521;168;186;205;land;false;plains;1
1522;135;198;171;land;false;plains;1
1523;115;242;228;land;false;plains;1
1524;209;212;90;land;false;plains;1
1525;181;90;250;land;false;plains;1
1526;182;251;202;land;false;plains;1
1527;222;141;200;land;false;plains;1
1528;101;248;216;land;false;plains;1
1529;229;152;200;land;false;plains;1
1530;156;229;123;land;false;forest;1
1531;253;95;197;land;false;plains;1
1532;207;164;235;land;false;plains;1
1533;183;207;188;land;false;plains;1
1534;249;145;242;land;false;plains;1
1535;245;164;244;land;false;plains;1
1536;75;251;241;land;false;plains;1
1537;198;208;221;land;false;plains;1
1538;248;97;243;land;true;plains;1
1539;224;173;104;land;false;plains;1
1540;198;236;140;land;false;desert;1
1541;70;219;220;land;false;desert;1
1542;15;251;242;land;false;forest;1
1543;200;183;182;land;false;plains;1
1544;212;241;143;land;false;plains;1
1545;179;162;192;land;false;plains;1
1546;215;68;232;land;false;plains;1
1547;183;198;134;land;false;plains;1
1548;159;122;232;land;false;plains;1
1549;169;213;193;land;false;plains;1
1550;240;47;251;land;false;desert;1
1551;197;246;229;land;true;plains;1
1552;232;173;233;land;false;plains;1
1553;112;212;227;land;false;plains;1
1554;247;132;183;land;false;plains;1
1555;144;155;208;land;false;plains;1
1556;198;230;203;land;false;plains;1
1557;91;246;181;land;false;plains;1
1558;36;234;241;land;false;mountain;1
1559;75;191;254;land;false;plains;1
1560;126;207;213;land;false;plains;1
1561;199;143;171;land;false;desert;1
1562;70;231;206;land;false;desert;1
1563;183;234;129;land;false;plains;1
1564;156;216;185;land;false;plains;1
1565;243;144;206;land;false;desert;1
1566;179;197;201;land;false;desert;1
1567;186;219;104;land;false;plains;1
1568;154;235;241;land;false;plains;1
1569;189;218;152;land;false;plains;1
1570;201;166;223;land;false;desert;1
1571;200;228;128;land;false;forest;1
1572;124;214;242;land;false;plains;1
1573;247;156;128;land;false;plains;1
1574;224;233;48;land;true;plains;1
1575;225;50;241;land;false;urban;1
1576;194;251;191;land;false;plains;1
1577;250;158;147;land;false;forest;1
1578;249;232;143;land;false;plains;1
1579;243;211;118;land;false;plains;1
1580;126;190;237;land;false;plains;1
1581;100;193;228;land;false;plains;1
1582;162;171;188;land;false;plains;1
1583;159;150;235;land;true;plains;1
1584;137;178;239;land;false;plains;1
1585;217;142;253;land;false;plains;1
1586;239;211;95;land;false;plains;1
1587;242;174;102;land;true;plains;1
1588;175;207;131;land;false;plains;1
1589;253;110;198;land;false;plains;1
1590;245;171;233;land;false;forest;1
1591;197;240;245;land;false;plains;1
1592;178;187;160;land;false;plains;1
1593;199;242;172;land;false;forest;1
1594;163;233;200;land;true;plains;1
1595;229;152;184;land;false;plains;1
1596;131;218;209;land;false;plains;1
1597;175;168;188;land;false;plains;1
1598;154;151;222;land;false;plains;1
1599;248;254;184;land;true;plains;1
1600;231;163;117;land;false;plains;1
1601;127;235;181;land;false;mountain;1
1602;78;217;220;land;false;desert;1
1603;200;148;237;land;false;plains;1
1604;192;254;156;land;true;plains;1
1605;98;217;230;land;false;plains;1
1606;174;187;147;land;false;forest;1
1607;204;211;144;land;false;desert;1
1608;229;224;129;land;false;plains;1
1609;145;213;197;land;false;plains;1
1610;249;164;174;land;false;plains;1
1611;172;190;228;land;true;plains;1
1612;208;131;226;land;false;plains;1
1613;244;254;66;land;false;plains;1
1614;251;223;155;land;false;plains;1
1615;191;220;183;land;false;plains;1
1616;156;185;193;land;false;forest;1
1617;230;253;119;land;false;plains;1
1618;244;123;168;land;false;plains;1
1619;168;253;180;land;false;plains;1
1620;170;181;231;land;false;plains;1
1621;199;164;173;land;false;hills;1
1622;236;235;78;land;false;desert;1
1623;167;199;230;land;false;plains;1
1624;238;216;248;land;false;desert;1
1625;160;190;175;land;false;plains;1
1626;139;249;170;land;false;plains;1
1627;222;252;247;land;false;desert;1
1628;136;191;225;land;false;plains;1
1629;242;252;75;land;false;forest;1
1630;248;217;134;land;false;plains;1
1631;231;136;193;land;false;desert;1
1632;107;159;252;land;false;plains;1
1633;200;185;158;land;false;plains;1
1634;135;145;224;land;false;plains;1
1635;219;190;165;land;false;plains;1
1636;236;173;213;land;false;plains;1
1637;154;246;227;land;false;plains;1
1638;175;177;188;land;false;plains;1
1639;63;211;234;land;false;plains;1
1640;153;111;239;land;false;forest;1
1641;245;232;68;land;false;desert;1
1642;246;218;250;land;false;plains;1
1643;203;207;185;land;false;desert;1
1644;239;156;183;land;false;desert;1
1645;156;254;124;land;false;plains;1
1646;133;193;198;land;false;plains;1
1647;134;252;254;land;false;plains;1
1648;179;248;85;land;false;plains;1
1649;179;192;149;land;false;plains;1
1650;143;213;178;land;false;desert;1
1651;252;245;51;land;true;plains;1
1652;201;249;201;land;false;plains;1
1653;220;229;128;land;false;plains;1
1654;158;214;216;land;false;plains;1
1655;234;254;100;land;true;plains;1
1656;186;248;156;land;false;plains;1
1657;238;248;202;land;false;plains;1
1658;84;228;196;land;false;desert;1
1659;178;211;213;land;false;plains;1
1660;214;160;219;land;false;plains;1
1661;215;241;219;land;false;plains;1
1662;234;167;174;land;false;desert;1
1663;187;166;162;land;false;plains;1
1664;243;81;244;land;false;plains;1
1665;228;170;125;land;false;hills;1
1666;207;108;250;land;false;plains;1
1667;237;131;154;land;false;plains;1
1668;115;186;221;land;false;plains;1
1669;239;230;161;land;false;plains;1
1670;215;217;194;land;false;plains;1
1671;204;237;108;land;false;plains;1
1672;250;116;161;land;false;plains;1
1673;139;215;254;land;false;desert;1
1674;233;231;176;land;true;forest;1
1675;170;165;183;land;false;hills;1
1676;216;139;171;land;false;plains;1
1677;247;219;251;land;true;plains;1
1678;144;229;193;land;false;urban;1
1679;102;248;162;land;false;plains;1
1680;180;243;176;land;false;desert;1
1681;241;209;78;land;false;plains;1
1682;170;90;250;land;false;plains;1
1683;212;210;132;land;false;plains;1
1684;168;223;117;land;false;plains;1
1685;214;96;199;land;false;plains;1
1686;171;172;158;land;false;desert;1
1687;116;250;252;land;false;plains;1
1688;200;212;195;land;false;plains;1
1689;180;139;246;land;false;plains;1
1690;241;77;196;land;false;plains;1
1691;151;254;229;land;true;plains;1
1692;220;110;189;land;false;hills;1
1693;226;179;135;land;false;forest;1
1694;216;209;98;land;false;plains;1
1695;222;134;207;land;false;plains;1
1696;211;204;131;land;false;hills;1
1697;205;84;238;land;false;forest;1
1698;166;211;246;land;false;plains;1
1699;213;85;216;land;false;plains;1
1700;234;93;200;land;false;plains;1
1701;239;124;226;land;false;desert;1
1702;115;198;214;land;false;plains;1
1703;53;253;210;land;false;mountain;1
1704;205;173;254;land;false;plains;1
1705;199;135;248;land;false;plains;1
1706;161;195;177;land;false;plains;1
1707;244;85;214;land;false;plains;1
1708;85;192;226;land;false;plains;1
1709;198;230;122;land;false;plains;1
1710;191;188;132;land;false;desert;1
1711;251;166;166;land;false;plains;1
1712;153;189;168;land;false;plains;1
1713;251;191;201;land;false;plains;1
1714;173;156;211;land;false;plains;1
1715;201;254;185;land;false;desert;1
1716;92;244;233;land;false;plains;1
1717;210;201;129;land;false;plains;1
1718;226;189;145;land;false;plains;1
1719;156;163;223;land;false;plains;1
1720;245;233;132;land;false;plains;1
1721;243;235;198;land;false;mountain;1
1722;247;125;182;land;true;plains;1
1723;242;137;140;land;false;plains;1
1724;171;227;197;land;false;forest;1
1725;235;134;140;land;false;plains;1
1726;210;244;61;land;false;desert;1
1727;231;218;237;land;false;plains;1
1728;254;174;140;land;false;plains;1
1729;177;251;144;land;false;plains;1
1730;243;64;197;land;false;plains;1
1731;137;217;239;land;false;plains;1
1732;242;206;160;land;false;plains;1
1733;232;193;85;land;false;plains;1
1734;243;136;241;land;false;plains;1
1735;254;198;222;land;false;plains;1
1736;224;200;218;land;false;plains;1
1737;201;189;175;land;false;mountain;1
1738;194;226;147;land;false;plains;1
1739;246;20;239;land;false;plains;1
1740;139;247;128;land;false;forest;1
1741;201;162;139;land;false;plains;1
1742;206;195;165;land;false;plains;1
1743;236;162;154;land;false;plains;1
1744;145;221;240;land;false;plains;1
1745;146;215;178;land;false;desert;1
1746;221;151;170;land;false;plains;1
1747;244;23;242;land;false;desert;1
1748;45;252;206;land;false;desert;1
1749;195;231;156;land;false;plains;1
1750;254;198;144;land;false;plains;1
1751;224;234;148;land;false;mountain;1
1752;143;192;198;land;false;forest;1
1753;203;225;253;land;false;plains;1
1754;199;99;221;land;false;plains;1
1755;180;168;195;land;false;plains;1
1756;140;190;207;land;false;desert;1
1757;228;67;239;land;false;plains;1
1758;235;234;163;land;false;urban;1
1759;173;232;144;land;false;plains;1
1760;225;119;219;land;false;plains;1
1761;229;223;135;land;false;plains;1
1762;188;178;184;land;false;plains;1
1763;234;131;142;land;false;plains;1
1764;222;194;247;land;false;plains;1
1765;111;185;247;land;false;plains;1
1766;132;197;235;land;false;plains;1
1767;226;233;88;land;false;plains;1
1768;241;207;234;land;false;plains;1
1769;202;205;158;land;false;plains;1
1770;215;147;165;land;false;plains;1
1771;173;158;234;land;false;plains;1
1772;147;242;187;land;false;plains;1
1773;234;216;231;land;false;plains;1
1774;209;241;52;land;false;plains;1
1775;237;215;148;land;false;plains;1
1776;194;247;142;land;false;plains;1
1777;180;156;245;land;false;desert;1
1778;165;208;217;land;true;plains;1
1779;235;205;174;land;false;hills;1
1780;246;42;224;land;false;plains;1
1781;129;187;218;land;false;plains;1
1782;224;106;208;land;false;forest;1
1783;136;162;234;land;false;plains;1
1784;167;168;180;land;false;plains;1
1785;239;233;132;land;false;plains;1
1786;97;215;222;land;false;plains;1
1787;194;241;93;land;false;plains;1
1788;160;104;252;land;false;plains;1
1789;194;203;134;land;false;plains;1
1790;220;95;241;land;false;forest;1
1791;99;243;164;land;false;plains;1
1792;243;151;251;land;true;plains;1
1793;237;137;158;land;true;plains;1
1794;208;208;222;land;false;plains;1
1795;233;110;174;land;false;mountain;1
1796;205;210;202;land;false;plains;1
1797;252;177;128;land;false;forest;1
1798;77;247;203;land;false;plains;1
1799;107;179;241;land;false;forest;1
1800;207;155;188;land;false;plains;1
1801;155;245;149;land;false;plains;1
1802;135;149;228;land;false;plains;1
1803;117;245;201;land;false;plains;1
1804;225;58;235;land;false;desert;1
1805;204;175;140;land;false;plains;1
1806;86;229;251;land;false;plains;1
1807;192;240;254;land;false;plains;1
1808;158;179;176;land;false;plains;1
1809;186;108;246;land;false;desert;1
1810;146;241;175;land;false;plains;1
1811;205;149;177;land;false;plains;1
1812;128;229;190;land;false;desert;1
1813;231;196;151;land;false;plains;1
1814;252;252;109;land;false;plains;1
1815;132;209;172;land;false;desert;1
1816;207;128;253;land;false;plains;1
1817;242;203;111;land;false;desert;1
1818;224;225;58;land;false;plains;1
1819;253;140;205;land;false;mountain;1
1820;213;215;88;land;false;desert;1
1821;246;165;245;land;false;forest;1
1822;214;75;241;land;false;plains;1
1823;239;138;128;land;false;plains;1
1824;228;209;106;land;false;plains;1
1825;67;233;250;land;false;plains;1
1826;145;213;169;land;false;desert;1
1827;135;197;222;land;false;desert;1
1828;242;242;174;land;true;forest;1
1829;185;201;222;land;false;plains;1
1830;195;73;254;land;false;plains;1
1831;212;85;225;land;true;plains;1
1832;99;242;252;land;false;hills;1
1833;236;149;144;land;false;plains;1
1834;159;250;152;land;false;plains;1
1835;223;190;232;land;false;plains;1
1836;154;168;235;land;true;plains;1
1837;138;233;210;land;false;plains;1
1838;245;90;232;land;false;plains;1
1839;164;245;168;land;false;plains;1
1840;211;52;251;land;false;plains;1
1841;228;206;98;land;false;desert;1
1842;223;136;212;land;false;plains;1
1843;204;243;164;land;false;plains;1
1844;155;245;137;land;false;plains;1
1845;177;221;147;land;false;plains;1
1846;229;220;233;land;false;plains;1
1847;221;148;138;land;false;plains;1
1848;97;218;242;land;false;plains;1
1849;146;201;169;land;false;plains;1
1850;143;167;245;land;false;forest;1
1851;103;243;163;land;false;plains;1
1852;236;205;135;land;false;plains;1
1853;251;95;229;land;false;plains;1
1854;242;98;164;land;false;plains;1
1855;194;242;194;land;false;plains;1
1856;157;195;249;land;false;desert;1
1857;183;169;176;land;false;plains;1
1858;207;237;239;land;false;plains;1
1859;167;234;233;land;true;plains;1
1860;159;251;240;land;false;desert;1
1861;245;205;239;land;false;jungle;1
1862;199;201;203;land;false;plains;1
1863;119;224;239;land;false;plains;1
1864;232;229;105;land;false;plains;1
1865;220;218;114;land;true;plains;1
1866;254;171;102;land;false;plains;1
1867;186;119;220;land;false;plains;1
1868;230;231;249;land;false;plains;1
1869;181;226;192;land;false;plains;1
1870;245;230;110;land;false;plains;1
1871;93;224;249;land;false;plains;1
1872;165;161;226;land;false;plains;1
1873;232;142;183;land;false;plains;1
1874;154;248;121;land;false;plains;1
1875;251;217;204;land;false;desert;1
1876;168;217;241;land;true;forest;1
1877;174;197;164;land;false;plains;1
1878;232;211;126;land;false;plains;1
1879;131;247;179;land;false;hills;1
1880;217;192;106;land;false;plains;1
1881;194;238;214;land;false;plains;1
1882;215;164;203;land;false;desert;1
1883;217;143;220;land;false;desert;1
1884;216;102;187;land;false;desert;1
1885;97;215;198;land;false;plains;1
1886;236;254;78;land;false;plains;1
1887;248;81;251;land;false;plains;1
1888;233;177;172;land;false;hills;1
1889;160;210;157;land;false;plains;1
1890;214;240;66;land;false;desert;1
1891;248;78;199;land;true;urban;1
1892;194;187;169;land;false;forest;1
1893;142;241;182;land;true;plains;1
1894;218;33;252;land;false;plains;1
1895;244;192;113;land;false;plains;1
1896;237;211;171;land;false;desert;1
1897;129;182;237;land;true;plains;1
1898;154;209;153;land;false;plains;1
1899;216;175;123;land;true;plains;1
1900;185;91;234;land;false;plains;1
1901;190;99;246;land;false;plains;1
1902;193;166;155;land;false;forest;1
1903;133;248;141;land;false;plains;1
1904;171;150;215;land;true;plains;1
1905;175;251;225;land;false;forest;1
1906;219;229;225;land;true;plains;1
1907;228;78;225;land;false;plains;1
1908;145;134;250;land;false;desert;1
1909;178;184;168;land;false;plains;1
1910;207;182;204;land;false;plains;1
1911;237;174;229;land;true;plains;1
1912;216;127;180;land;false;plains;1
1913;120;156;230;land;false;plains;1
1914;147;216;224;land;false;plains;1
1915;243;144;157;land;false;plains;1
1916;207;253;183;land;false;plains;1
1917;116;230;217;land;false;plains;1
1918;204;145;253;land;true;plains;1
1919;160;127;235;land;false;plains;1
1920;142;180;230;land;true;plains;1
1921;85;207;221;land;false;plains;1
1922;127;229;215;land;false;forest;1
1923;207;175;225;land;false;mountain;1
1924;249;178;102;land;false;forest;1
1925;126;217;247;land;false;desert;1
1926;94;241;188;land;false;plains;1
1927;189;138;182;land;false;plains;1
1928;201;251;51;land;false;plains;1
1929;233;162;251;land;false;plains;1
1930;129;174;244;land;false;forest;1
1931;193;230;209;land;false;plains;1
1932;139;131;242;land;false;hills;1
1933;226;179;191;land;false;plains;1
1934;182;193;169;land;false;plains;1
1935;253;233;63;land;false;plains;1
1936;251;242;113;land;true;plains;1
1937;135;154;217;land;true;plains;1
1938;229;196;76;land;false;hills;1
1939;227;194;107;land;false;mountain;1
1940;189;252;170;land;false;plains;1
1941;152;190;229;land;false;plains;1
1942;1;254;252;land;false;hills;1
1943;201;123;182;land;false;plains;1
1944;252;73;232;land;true;plains;1
1945;220;254;29;land;false;urban;1
1946;206;241;189;land;false;hills;1
1947;202;236;166;land;false;plains;1
1948;142;226;160;land;false;plains;1
1949;252;43;212;land;false;plains;1
1950;214;215;195;land;false;plains;1
1951;135;197;187;land;false;plains;1
1952;221;179;197;land;false;plains;1
1953;233;242;69;land;false;plains;1
1954;73;233;254;land;false;desert;1
1955;99;208;209;land;false;forest;1
1956;243;88;194;land;false;plains;1
1957;246;149;153;land;false;plains;1
1958;232;210;242;land;false;plains;1
1959;117;218;241;land;false;plains;1
1960;223;228;248;land;false;desert;1
1961;224;172;119;land;false;plains;1
1962;162;219;191;land;false;hills;1
1963;227;240;143;land;false;plains;1
1964;246;147;230;land;false;desert;1
1965;146;184;226;land;false;plains;1
1966;198;242;186;land;false;plains;1
1967;129;188;187;land;true;plains;1
1968;210;240;205;land;false;mountain;1
1969;103;252;237;land;false;plains;1
1970;245;232;203;land;false;hills;1
1971;245;241;206;land;false;desert;1
1972;188;95;245;land;false;plains;1
1973;146;118;254;land;false;plains;1
1974;165;139;209;land;false;desert;1
1975;243;43;232;land;false;plains;1
1976;234;217;242;land;false;plains;1
1977;253;227;41;land;false;forest;1
1978;207;59;242;land;false;plains;1
1979;86;203;250;land;false;plains;1
1980;171;249;234;land;false;plains;1
1981;186;202;145;land;false;plains;1
1982;249;191;147;land;false;plains;1
1983;248;168;151;land;true;plains;1
1984;187;179;253;land;false;plains;1
1985;248;252;3;land;false;plains;1
1986;224;170;109;land;false;plains;1
1987;76;192;236;land;false;plains;1
1988;221;218;167;land;false;plains;1
1989;197;143;220;land;false;desert;1
1990;207;236;134;land;false;plains;1
1991;91;207;252;land;false;plains;1
1992;129;242;149;land;false;plains;1
1993;211;222;120;land;false;mountain;1
1994;149;206;248;land;false;plains;1
1995;72;245;229;land;false;desert;1
1996;253;81;233;land;false;plains;1
1997;241;229;237;land;false;plains;1
1998;90;193;241;land;false;plains;1
1999;221;92;232;land;false;plains;1
2000;240;209;82;land;false;plains;1
2001;162;253;250;land;false;forest;1
2002;116;247;207;land;true;plains;1
2003;118;246;166;land;false;plains;1
2004;185;249;171;land;false;plains;1
2005;229;244;113;land;false;plains;1
2006;190;245;83;land;false;plains;1
2007;174;93;238;land;false;plains;1
2008;163;194;240;land;false;plains;1
2009;189;183;188;land;false;desert;1
2010;90;251;209;land;false;plains;1
2011;208;246;176;land;false;desert;1
2012;244;190;175;land;true;plains;1
2013;253;190;195;land;false;plains;1
2014;226;51;251;land;false;plains;1
2015;172;253;87;land;true;plains;1
2016;234;249;167;land;false;plains;1
2017;193;61;254;land;false;plains;1
2018;55;248;248;land;false;plains;1
2019;210;253;59;land;false;plains;1
2020;210;165;148;land;false;desert;1
2021;254;80;246;land;false;plains;1
2022;123;221;232;land;false;plains;1
2023;102;149;253;land;false;desert;1
2024;249;253;147;land;false;plains;1
2025;236;83;218;land;false;plains;1
2026;238;172;179;land;false;desert;1
2027;183;161;198;land;false;plains;1
2028;155;238;209;land;false;mountain;1
2029;217;117;199;land;false;plains;1
2030;187;235;230;land;false;plains;1
2031;246;249;226;land;true;plains;1
2032;154;228;124;land;false;plains;1
2033;205;122;179;land;false;plains;1
2034;122;195;235;land;false;plains;1
2035;136;228;237;land;false;mountain;1
2036;156;241;139;land;false;plains;1
2037;196;139;204;land;true;plains;1
2038;165;225;208;land;false;plains;1
2039;171;164;218;land;false;plains;1
2040;238;104;250;land;false;plains;1
2041;201;233;69;land;false;plains;1
2042;153;183;187;land;false;desert;1
2043;250;157;188;land;false;hills;1
2044;223;120;189;land;false;urban;1
2045;120;211;193;land;false;forest;1
2046;203;197;193;land;false;plains;1
2047;198;206;179;land;false;desert;1
2048;184;134;253;land;false;plains;1
2049;215;214;114;land;false;plains;1
2050;244;190;188;land;false;plains;1
2051;153;169;200;land;false;plains;1
2052;215;201;166;land;false;plains;1
2053;113;248;154;land;false;forest;1
2054;245;206;229;land;false;plains;1
2055;246;140;188;land;false;hills;1
2056;177;130;253;land;false;plains;1
2057;228;238;63;land;false;plains;1
2058;200;128;194;land;false;desert;1
2059;160;207;159;land;false;plains;1
2060;154;213;153;land;false;plains;1
2061;230;153;239;land;false;plains;1
2062;250;91;193;land;false;plains;1
2063;228;216;201;land;false;desert;1
2064;139;234;253;land;false;plains;1
2065;124;199;200;land;false;plains;1
2066;208;154;221;land;false;plains;1
2067;188;220;151;land;false;desert;1
2068;134;174;207;land;false;desert;1
2069;196;219;127;land;false;hills;1
2070;232;206;241;land;false;plains;1
2071;213;138;195;land;false;plains;1
2072;122;228;194;land;false;plains;1
2073;156;174;201;land;false;plains;1
2074;249;53;214;land;false;plains;1
2075;233;176;181;land;false;plains;1
2076;161;144;206;land;false;plains;1
2077;231;170;140;land;false;plains;1
2078;118;226;252;land;false;plains;1
2079;198;249;91;land;false;plains;1
2080;112;227;210;land;false;hills;1
2081;250;164;133;land;false;plains;1
2082;162;114;251;land;false;hills;1
2083;229;206;106;land;false;plains;1
2084;139;195;171;land;true;plains;1
2085;248;177;136;land;false;desert;1
2086;237;76;201;land;false;desert;1
2087;247;147;224;land;false;plains;1
2088;164;177;234;land;false;plains;1
2089;195;137;177;land;false;plains;1
2090;138;236;224;land;false;plains;1
2091;232;172;171;land;false;urban;1
2092;230;94;219;land;false;plains;1
2093;127;227;167;land;false;plains;1
2094;242;97;237;land;false;plains;1
2095;221;72;213;land;false;desert;1
2096;235;205;98;land;false;desert;1
2097;248;161;235;land;false;plains;1
2098;200;241;241;land;false;plains;1
2099;187;153;239;land;false;plains;1
2100;151;226;212;land;false;plains;1
2101;229;184;88;land;false;plains;1
2102;182;230;94;land;false;forest;1
2103;45;231;227;land;false;plains;1
2104;216;197;121;land;true;plains;1
2105;240;241;198;land;false;plains;1
2106;221;117;231;land;false;plains;1
2107;172;248;253;land;false;plains;1
2108;66;249;204;land;false;desert;1
2109;242;52;241;land;false;plains;1
2110;218;237;72;land;false;plains;1
2111;166;156;199;land;false;plains;1
2112;174;125;242;land;false;plains;1
2113;133;211;235;land;false;desert;1
2114;166;197;253;land;false;plains;1
2115;245;197;222;land;false;plains;1
2116;247;169;204;land;false;plains;1
2117;232;174;240;land;false;plains;1
2118;227;228;86;land;false;desert;1
2119;149;251;217;land;false;plains;1
2120;133;238;198;land;false;hills;1
2121;143;207;207;land;true;plains;1
2122;150;197;232;land;false;plains;1
2123;240;172;234;land;false;plains;1
2124;30;227;247;land;false;plains;1
2125;129;203;195;land;false;plains;1
2126;47;247;249;land;false;plains;1
2127;175;185;179;land;false;plains;1
2128;210;166;170;land;false;forest;1
2129;219;212;76;land;false;urban;1
2130;231;250;224;land;false;desert;1
2131;105;242;160;land;false;desert;1
2132;200;246;242;land;false;plains;1
2133;84;204;219;land;false;plains;1
2134;221;174;144;land;false;plains;1
2135;225;133;202;land;false;plains;1
2136;88;247;254;land;false;plains;1
2137;252;95;224;land;false;plains;1
2138;221;168;145;land;false;desert;1
2139;156;240;164;land;false;plains;1
2140;163;184;195;land;false;plains;1
2141;191;227;119;land;false;plains;1
2142;217;197;227;land;false;mountain;1
2143;168;184;210;land;false;desert;1
2144;254;147;202;land;false;marsh;1
2145;139;150;230;land;false;plains;1
2146;208;205;186;land;false;hills;1
2147;238;209;192;land;false;forest;1
2148;234;183;222;land;false;forest;1
2149;224;224;211;land;false;plains;1
2150;219;192;103;land;false;plains;1
2151;67;223;242;land;false;plains;1
2152;231;169;254;land;false;desert;1
2153;248;248;161;land;false;plains;1
2154;184;192;150;land;false;plains;1
2155;121;188;212;land;false;plains;1
2156;249;155;106;land;false;plains;1
2157;203;193;174;land;false;plains;1
2158;144;245;132;land;false;plains;1
2159;186;142;237;land;true;plains;1
2160;133;231;221;land;false;plains;1
2161;195;80;231;land;false;plains;1
2162;239;203;79;land;false;plains;1
2163;235;57;219;land;false;plains;1
2164;254;246;4;land;false;plains;1
2165;244;218;245;land;false;plains;1
2166;243;77;253;land;false;marsh;1
2167;176;114;248;land;false;plains;1
2168;180;219;125;land;false;plains;1
2169;128;177;214;land;false;plains;1
2170;204;230;174;land;true;plains;1
2171;163;116;247;land;false;desert;1
2172;174;229;141;land;false;plains;1
2173;167;174;243;land;false;plains;1
2174;169;172;168;land;false;forest;1
2175;253;120;179;land;false;desert;1
2176;150;226;147;land;false;jungle;1
2177;243;78;229;land;false;plains;1
2178;59;230;225;land;false;plains;1
2179;200;144;176;land;true;plains;1
2180;248;235;128;land;false;plains;1
2181;152;185;171;land;false;plains;1
2182;172;180;160;land;false;desert;1
2183;73;234;220;land;false;plains;1
2184;199;183;146;land;false;plains;1
2185;122;226;237;land;false;plains;1
2186;227;161;231;land;true;desert;1
2187;202;230;104;land;false;desert;1
2188;116;249;250;land;false;forest;1
2189;210;245;128;land;false;hills;1
2190;202;163;206;land;false;plains;1
2191;223;87;217;land;false;plains;1
2192;154;209;170;land;false;plains;1
2193;92;182;250;land;false;desert;1
2194;204;208;189;land;false;mountain;1
2195;105;243;217;land;false;plains;1
2196;227;224;51;land;false;plains;1
2197;198;208;217;land;false;plains;1
2198;217;164;122;land;false;plains;1
2199;125;237;165;land;false;plains;1
2200;252;185;109;land;false;plains;1
2201;193;120;238;land;false;plains;1
2202;213;111;221;land;false;plains;1
2203;82;192;243;land;false;plains;1
2204;201;104;239;land;false;plains;1
2205;172;233;241;land;false;plains;1
2206;204;196;216;land;false;plains;1
2207;129;235;220;land;false;plains;1
2208;224;252;212;land;false;desert;1
2209;166;253;197;land;false;desert;1
2210;145;217;182;land;false;plains;1
2211;143;243;134;land;false;plains;1
2212;224;250;143;land;false;plains;1
2213;231;95;176;land;false;desert;1
2214;181;225;185;land;false;desert;1
2215;200;236;143;land;false;plains;1
2216;191;192;152;land;false;plains;1
2217;192;193;134;land;false;forest;1
2218;202;222;199;land;false;plains;1
2219;246;35;229;land;false;plains;1
2220;196;236;202;land;false;plains;1
2221;243;54;220;land;false;plains;1
2222;234;159;162;land;false;plains;1
2223;245;67;254;land;false;forest;1
2224;191;117;242;land;false;plains;1
2225;126;160;220;land;true;plains;1
2226;194;143;230;land;false;plains;1
2227;181;245;187;land;false;plains;1
2228;244;107;243;land;false;hills;1
2229;177;249;118;land;false;desert;1
2230;175;152;245;land;false;plains;1
2231;156;206;234;land;true;plains;1
2232;192;108;250;land;false;plains;1
2233;76;228;206;land;false;desert;1
2234;187;242;79;land;true;plains;1
2235;223;98;254;land;true;plains;1
2236;122;146;236;land;false;plains;1
2237;152;244;214;land;false;desert;1
2238;182;249;193;land;false;plains;1
2239;43;237;229;land;true;plains;1
2240;227;213;199;land;false;plains;1
2241;66;251;220;land;false;plains;1
2242;235;248;166;land;false;desert;1
2243;173;173;220;land;false;plains;1
2244;203;253;107;land;false;plains;1
2245;219;250;113;land;false;desert;1
2246;187;238;197;land;false;desert;1
2247;212;178;243;land;false;plains;1
2248;109;236;160;land;false;plains;1
2249;134;219;192;land;false;plains;1
2250;229;67;211;land;false;plains;1
2251;174;143;229;land;false;plains;1
2252;97;197;232;land;false;plains;1
2253;249;80;195;land;false;hills;1
2254;234;101;203;land;false;plains;1
2255;224;129;218;land;false;desert;1
2256;181;176;166;land;false;plains;1
2257;182;215;176;land;false;plains;1
2258;249;81;213;land;false;plains;1
2259;243;171;121;land;false;plains;1
2260;249;148;136;land;false;plains;1
2261;154;232;149;land;false;plains;1
2262;217;150;157;land;false;desert;1
2263;214;113;233;land;false;plains;1
2264;234;86;200;land;false;desert;1
2265;194;209;178;land;false;hills;1
2266;247;110;231;land;false;plains;1
2267;214;107;225;land;false;plains;1
2268;219;156;212;land;false;plains;1
2269;166;204;250;land;false;desert;1
2270;244;202;101;land;true;plains;1
2271;162;237;107;land;false;desert;1
2272;189;159;213;land;false;plains;1
2273;113;243;182;land;false;plains;1
2274;104;222;175;land;false;plains;1
2275;233;156;228;land;false;plains;1
2276;218;225;211;land;false;desert;1
2277;156;232;131;land;false;plains;1
2278;205;214;155;land;false;plains;1
2279;196;207;100;land;false;plains;1
2280;227;200;152;land;false;plains;1
2281;244;188;87;land;false;plains;1
2282;232;254;95;land;false;plains;1
2283;169;163;204;land;false;plains;1
2284;213;158;200;land;false;plains;1
2285;216;201;97;land;false;hills;1
2286;253;248;112;land;false;forest;1
2287;228;125;253;land;false;forest;1
2288;199;213;213;land;false;plains;1
2289;226;87;249;land;false;hills;1
2290;195;250;247;land;false;plains;1
2291;120;193;243;land;false;plains;1
2292;158;168;237;land;false;plains;1
2293;142;210;174;land;false;plains;1
2294;213;219;141;land;false;plains;1
2295;203;123;243;land;false;plains;1
2296;220;163;222;land;false;plains;1
2297;200;76;242;land;false;plains;1
2298;149;220;210;land;false;desert;1
2299;218;90;252;land;false;hills;1
2300;229;138;212;land;false;plains;1
2301;231;154;211;land;false;plains;1
2302;171;248;225;land;false;desert;1
2303;251;198;54;land;true;plains;1
2304;223;32;248;land;false;plains;1
2305;181;253;172;land;true;plains;1
2306;218;250;164;land;false;desert;1
2307;169;130;213;land;false;plains;1
2308;164;191;183;land;false;plains;1
2309;143;239;156;land;false;plains;1
2310;198;247;252;land;false;plains;1
2311;125;132;251;land;false;desert;1
2312;214;199;187;land;false;mountain;1
2313;241;65;201;land;false;plains;1
2314;132;217;218;land;false;plains;1
2315;167;214;232;land;false;plains;1
2316;132;195;243;land;false;plains;1
2317;198;220;134;land;false;desert;1
2318;164;96;243;land;false;plains;1
2319;225;254;137;land;false;desert;1
2320;245;117;247;land;false;plains;1
2321;180;166;234;land;false;plains;1
2322;209;251;50;land;false;plains;1
2323;106;161;241;land;false;plains;1
2324;56;200;253;land;false;desert;1
2325;98;237;183;land;false;plains;1
2326;93;221;225;land;false;plains;1
2327;248;192;63;land;false;plains;1
2328;125;227;202;land;false;plains;1
2329;144;246;195;land;false;plains;1
2330;248;89;175;land;false;plains;1
2331;237;191;134;land;false;hills;1
2332;184;225;171;land;false;plains;1
2333;238;165;180;land;false;forest;1
2334;233;213;156;land;false;mountain;1
2335;248;197;126;land;false;hills;1
2336;106;223;189;land;true;plains;1
2337;64;239;224;land;false;desert;1
2338;229;168;254;land;false;plains;1
2339;212;235;132;land;false;plains;1
2340;234;223;70;land;true;plains;1
2341;236;185;221;land;false;plains;1
2342;213;81;209;land;false;desert;1
2343;253;223;133;land;false;hills;1
2344;190;189;192;land;false;plains;1
2345;170;244;164;land;true;plains;1
2346;235;54;232;land;false;plains;1
2347;179;247;253;land;false;plains;1
2348;231;251;133;land;false;plains;1
2349;231;125;169;land;false;desert;1
2350;245;98;229;land;false;plains;1
2351;252;47;227;land;false;plains;1
2352;188;171;225;land;false;plains;1
2353;232;254;180;land;false;plains;1
2354;251;164;244;land;true;plains;1
2355;177;197;159;land;false;plains;1
2356;240;110;175;land;true;plains;1
2357;188;210;104;land;false;plains;1
2358;251;231;56;land;false;desert;1
2359;121;209;181;land;false;forest;1
2360;75;182;252;land;false;plains;1
2361;250;225;101;land;false;plains;1
2362;228;253;154;land;false;plains;1
2363;236;94;225;land;true;plains;1
2364;62;223;227;land;true;plains;1
2365;198;214;161;land;false;plains;1
2366;7;249;253;land;false;plains;1
2367;32;229;248;land;false;plains;1
2368;245;186;100;land;false;desert;1
2369;228;197;165;land;false;desert;1
2370;129;162;239;land;false;desert;1
2371;237;97;231;land;false;plains;1
2372;193;119;230;land;false;plains;1
2373;253;253;110;land;true;plains;1
2374;252;122;236;land;false;plains;1
2375;221;148;194;land;false;plains;1
2376;192;177;236;land;false;plains;1
2377;160;192;183;land;false;desert;1
2378;230;146;227;land;false;mountain;1
2379;176;249;155;land;false;plains;1
2380;213;216;109;land;false;urban;1
2381;227;167;162;land;false;plains;1
2382;182;206;171;land;false;hills;1
2383;133;236;139;land;false;plains;1
2384;94;217;214;land;false;desert;1
2385;140;165;243;land;false;desert;1
2386;201;239;133;land;false;plains;1
2387;232;216;136;land;false;plains;1
2388;101;204;249;land;false;plains;1
2389;201;238;194;land;false;plains;1
2390;232;89;227;land;false;plains;1
2391;173;195;167;land;false;plains;1
2392;240;27;238;land;false;plains;1
2393;252;190;84;land;false;plains;1
2394;206;215;91;land;false;plains;1
2395;213;109;198;land;false;plains;1
2396;197;180;252;land;false;plains;1
2397;163;241;200;land;false;plains;1
2398;203;174;162;land;false;plains;1
2399;213;214;238;land;false;plains;1
2400;238;102;173;land;false;plains;1
2401;188;155;200;land;false;plains;1
2402;170;209;188;land;false;plains;1
2403;204;220;206;land;false;desert;1
2404;54;244;220;land;false;plains;1
2405;179;252;122;land;false;plains;1
2406;214;214;154;land;false;plains;1
2407;235;254;111;land;false;plains;1
2408;235;198;125;land;false;desert;1
2409;192;152;229;land;false;plains;1
2410;142;250;225;land;false;plains;1
2411;204;141;215;land;false;plains;1
2412;249;171;215;land;false;plains;1
2413;245;59;253;land;true;plains;1
2414;230;236;114;land;false;desert;1
2415;126;233;164;land;false;plains;1
2416;209;146;175;land;false;plains;1
2417;254;177;169;land;false;plains;1
2418;205;167;146;land;true;plains;1
2419;252;132;254;land;false;desert;1
2420;103;165;234;land;false;plains;1
2421;158;167;237;land;false;plains;1
2422;126;225;203;land;false;plains;1
2423;182;198;248;land;false;plains;1
2424;196;150;200;land;false;desert;1
2425;211;146;179;land;false;plains;1
2426;220;179;251;land;false;desert;1
2427;224;62;254;land;false;plains;1
2428;206;117;218;land;false;forest;1
2429;164;225;126;land;false;desert;1
2430;203;213;148;land;true;plains;1
2431;224;134;210;land;false;plains;1
2432;234;83;235;land;false;plains;1
2433;245;172;236;land;false;plains;1
2434;228;174;205;land;false;plains;1
2435;235;108;178;land;false;plains;1
2436;195;241;66;land;false;plains;1
2437;189;199;230;land;false;desert;1
2438;238;238;174;land;false;plains;1
2439;196;218;172;land;false;forest;1
2440;203;210;240;land;false;desert;1
2441;235;184;128;land;false;plains;1
2442;231;143;173;land;false;plains;1
2443;204;230;222;land;false;plains;1
2444;253;220;192;land;false;forest;1
2445;147;207;221;land;false;desert;1
2446;209;196;196;land;false;plains;1
2447;121;194;253;land;false;plains;1
2448;169;237;181;land;false;plains;1
2449;133;239;197;land;false;desert;1
2450;200;111;216;land;false;plains;1
2451;211;211;168;land;false;plains;1
2452;246;44;252;land;false;plains;1
2453;222;97;204;land;false;desert;1
2454;155;200;166;land;false;desert;1
2455;221;235;144;land;false;plains;1
2456;181;192;198;land;false;plains;1
2457;148;164;198;land;false;plains;1
2458;213;207;115;land;false;plains;1
2459;247;66;226;land;false;plains;1
2460;243;187;99;land;false;plains;1
2461;210;239;71;land;false;plains;1
2462;195;202;201;land;false;plains;1
2463;227;253;28;land;false;plains;1
2464;198;242;173;land;false;plains;1
2465;167;215;224;land;false;plains;1
2466;159;224;245;land;false;plains;1
2467;210;190;178;land;false;plains;1
2468;43;247;232;land;false;desert;1
2469;248;41;230;land;false;plains;1
2470;108;221;209;land;false;forest;1
2471;83;245;231;land;false;plains;1
2472;233;162;150;land;false;plains;1
2473;180;177;194;land;false;plains;1
2474;190;206;224;land;false;plains;1
2475;101;205;206;land;false;plains;1
2476;234;254;128;land;false;plains;1
2477;214;254;55;land;false;desert;1
2478;90;240;249;land;true;plains;1
2479;253;74;178;land;false;desert;1
2480;224;96;185;land;false;desert;1
2481;94;208;203;land;false;hills;1
2482;227;224;123;land;true;plains;1
2483;109;203;211;land;false;desert;1
2484;177;142;193;land;false;plains;1
2485;230;26;251;land;false;plains;1
2486;130;220;164;land;false;plains;1
2487;254;219;110;land;false;plains;1
2488;238;133;140;land;false;plains;1
2489;210;100;194;land;false;plains;1
2490;113;221;254;land;false;plains;1
2491;233;183;94;land;false;plains;1
2492;178;91;239;land;false;plains;1
2493;180;214;151;land;false;plains;1
2494;252;225;106;land;false;plains;1
2495;245;138;234;land;false;plains;1
2496;124;230;238;land;false;plains;1
2497;222;151;190;land;false;plains;1
2498;110;220;208;land;false;plains;1
2499;229;81;247;land;false;plains;1
2500;244;246;179;land;false;forest;1
2501;192;247;149;land;false;plains;1
2502;124;208;203;land;false;plains;1
2503;181;232;189;land;false;desert;1
2504;220;250;205;land;false;plains;1
2505;218;227;103;land;false;plains;1
2506;175;118;237;land;false;plains;1
2507;213;243;122;land;true;plains;1
2508;223;35;251;land;false;plains;1
2509;233;179;167;land;true;plains;1
2510;75;252;186;land;false;plains;1
2511;250;161;196;land;true;desert;1
2512;202;181;205;land;true;plains;1
2513;148;216;207;land;false;plains;1
2514;173;237;193;land;false;plains;1
2515;197;160;229;land;false;marsh;1
2516;127;191;189;land;false;plains;1
2517;224;247;180;land;false;plains;1
2518;240;212;152;land;false;plains;1
2519;205;199;239;land;false;plains;1
2520;207;134;177;land;true;plains;1
2521;220;135;206;land;false;plains;1
2522;201;171;131;land;false;plains;1
2523;168;207;244;land;false;plains;1
2524;177;248;233;land;false;forest;1
2525;72;192;252;land;true;forest;1
2526;181;160;195;land;true;plains;1
2527;171;253;101;land;false;forest;1
2528;77;245;218;land;false;plains;1
2529;240;143;177;land;false;desert;1
2530;243;133;177;land;false;plains;1
2531;160;227;229;land;false;plains;1
2532;213;192;232;land;false;plains;1
2533;122;244;225;land;true;urban;1
2534;171;254;106;land;false;mountain;1
2535;175;227;218;land;false;plains;1
2536;185;122;253;land;false;plains;1
2537;137;210;186;land;false;plains;1
2538;225;245;224;land;false;plains;1
2539;223;233;254;land;false;plains;1
2540;152;157;216;land;false;plains;1
2541;115;224;194;land;false;plains;1
2542;152;230;176;land;false;forest;1
2543;107;217;226;land;false;plains;1
2544;215;210;187;land;false;desert;1
2545;235;239;241;land;false;plains;1
2546;122;207;199;land;false;plains;1
2547;226;123;235;land;false;plains;1
2548;217;172;153;land;false;plains;1
2549;40;249;216;land;false;plains;1
2550;234;207;251;land;true;forest;1
2551;202;203;105;land;false;plains;1
2552;175;207;232;land;false;plains;1
2553;195;224;151;land;false;plains;1
2554;230;253;121;land;false;plains;1
2555;250;230;100;land;false;forest;1
2556;225;237;239;land;false;plains;1
2557;197;213;171;land;false;plains;1
2558;179;246;135;land;false;plains;1
2559;157;178;187;land;false;plains;1
2560;211;173;242;land;false;plains;1
2561;112;191;227;land;false;plains;1
2562;217;45;243;land;false;plains;1
2563;163;215;218;land;false;plains;1
2564;229;165;178;land;false;mountain;1
2565;233;95;198;land;true;plains;1
2566;254;212;39;land;false;plains;1
2567;88;243;244;land;false;plains;1
2568;159;206;199;land;false;plains;1
2569;249;234;107;land;false;plains;1
2570;228;227;161;land;false;plains;1
2571;209;249;94;land;false;plains;1
2572;233;170;161;land;false;plains;1
2573;202;224;178;land;false;plains;1
2574;103;232;167;land;false;plains;1
2575;176;162;219;land;false;plains;1
2576;216;234;56;land;false;plains;1
2577;214;251;168;land;false;plains;1
2578;157;147;206;land;false;plains;1
2579;250;74;186;land;false;forest;1
2580;180;100;221;land;false;plains;1
2581;79;216;221;land;false;hills;1
2582;246;245;135;land;false;plains;1
2583;211;226;132;land;false;plains;1
2584;105;216;244;land;false;desert;1
2585;125;171;240;land;false;hills;1
2586;78;236;217;land;false;mountain;1
2587;113;213;178;land;false;plains;1
2588;165;226;173;land;false;plains;1
2589;235;73;229;land;false;plains;1
2590;144;160;222;land;false;plains;1
2591;233;179;107;land;false;plains;1
2592;229;225;136;land;false;plains;1
2593;242;168;99;land;false;plains;1
2594;239;245;252;land;false;plains;1
2595;180;178;220;land;false;plains;1
2596;232;233;64;land;false;plains;1
2597;240;196;157;land;false;plains;1
2598;247;166;183;land;false;forest;1
2599;175;210;239;land;false;desert;1
2600;237;140;135;land;false;plains;1
2601;223;213;219;land;false;plains;1
2602;254;52;203;land;true;plains;1
2603;161;244;178;land;false;desert;1
2604;120;248;219;land;false;plains;1
2605;229;203;238;land;false;plains;1
2606;151;176;199;land;false;plains;1
2607;180;117;216;land;false;plains;1
2608;252;245;191;land;false;plains;1
2609;247;178;114;land;false;plains;1
2610;250;172;141;land;false;desert;1
2611;249;85;212;land;false;desert;1
2612;152;190;228;land;false;plains;1
2613;217;89;235;land;true;plains;1
2614;195;244;148;land;true;plains;1
2615;218;140;168;land;false;plains;1
2616;210;121;247;land;false;plains;1
2617;226;239;218;land;true;plains;1
2618;236;195;186;land;false;plains;1
2619;211;142;191;land;false;plains;1
2620;240;83;229;land;false;plains;1
2621;245;244;221;land;false;plains;1
2622;240;145;178;land;false;desert;1
2623;189;119;194;land;false;plains;1
2624;125;166;227;land;false;desert;1
2625;88;254;165;land;false;desert;1
2626;123;216;199;land;false;hills;1
2627;214;109;236;land;false;plains;1
2628;247;214;136;land;false;plains;1
2629;188;223;231;land;false;desert;1
2630;115;242;227;land;false;plains;1
2631;156;221;250;land;false;plains;1
2632;250;202;146;land;false;plains;1
2633;94;246;162;land;false;desert;1
2634;235;95;222;land;false;plains;1
2635;198;218;90;land;false;desert;1
2636;116;211;188;land;false;desert;1
2637;114;183;251;land;false;plains;1
2638;81;238;203;land;false;desert;1
2639;154;177;238;land;false;plains;1
2640;171;197;148;land;false;forest;1
2641;72;201;254;land;false;desert;1
2642;156;246;247;land;false;plains;1
2643;249;237;233;land;false;plains;1
2644;247;252;152;land;false;plains;1
2645;146;224;243;land;false;plains;1
2646;244;235;247;land;false;desert;1
2647;248;89;176;land;false;plains;1
2648;242;175;253;land;false;plains;1
2649;123;178;206;land;false;forest;1
2650;182;231;209;land;false;desert;1
2651;173;205;215;land;false;plains;1
2652;223;95;197;land;false;desert;1
2653;242;209;103;land;false;mountain;1
2654;217;55;244;land;false;plains;1
2655;158;210;254;land;true;plains;1
2656;238;116;228;land;false;plains;1
2657;110;229;249;land;false;desert;1
2658;142;174;247;land;false;forest;1
2659;228;221;176;land;false;plains;1
2660;209;148;144;land;false;plains;1
2661;155;176;244;land;false;desert;1
2662;203;238;239;land;false;plains;1
2663;166;190;145;land;false;plains;1
2664;142;252;211;land;false;plains;1
2665;253;6;245;land;false;plains;1
2666;225;220;141;land;false;plains;1
2667;178;220;112;land;false;plains;1
2668;149;158;222;land;false;plains;1
2669;219;103;182;land;false;forest;1
2670;226;224;121;land;false;plains;1
2671;206;242;240;land;false;forest;1
2672;205;252;216;land;false;forest;1
2673;151;110;244;land;false;plains;1
2674;182;146;206;land;false;plains;1
2675;127;158;241;land;false;plains;1
2676;106;170;248;land;false;plains;1
2677;169;134;214;land;false;hills;1
2678;132;125;250;land;true;plains;1
2679;80;254;209;land;false;plains;1
2680;176;187;220;land;false;plains;1
2681;195;155;163;land;false;plains;1
2682;82;222;231;land;true;plains;1
2683;233;183;159;land;false;plains;1
2684;178;156;196;land;false;plains;1
2685;187;225;205;land;false;plains;1
2686;160;199;170;land;false;plains;1
2687;193;127;251;land;false;plains;1
2688;163;238;116;land;false;plains;1
2689;190;82;239;land;false;plains;1
2690;115;246;204;land;false;forest;1
2691;212;139;202;land;false;plains;1
2692;177;182;199;land;false;plains;1
2693;130;223;237;land;false;plains;1
2694;232;168;244;land;false;desert;1
2695;109;208;193;land;false;plains;1
2696;236;245;167;land;false;plains;1
2697;125;191;235;land;false;plains;1
2698;154;204;219;land;false;desert;1
2699;225;143;203;land;false;plains;1
2700;232;193;143;land;false;plains;1
2701;199;123;232;land;false;plains;1
2702;135;202;200;land;false;forest;1
2703;154;230;160;land;false;urban;1
2704;97;242;225;land;false;plains;1
2705;219;162;238;land;false;plains;1
2706;243;155;241;land;false;plains;1
2707;153;206;204;land;false;desert;1
2708;116;167;225;land;false;plains;1
2709;89;228;221;land;false;plains;1
2710;223;172;172;land;true;plains;1
2711;222;237;247;land;false;desert;1
2712;221;244;211;land;true;plains;1
2713;254;238;195;land;true;plains;1
2714;222;107;199;land;false;hills;1
2715;56;231;240;land;false;desert;1
2716;249;81;246;land;false;forest;1
2717;238;162;210;land;false;plains;1
2718;211;139;205;land;false;plains;1
2719;238;117;215;land;false;plains;1
2720;136;252;252;land;false;desert;1
2721;193;251;252;land;false;plains;1
2722;199;108;231;land;false;plains;1
2723;248;181;234;land;false;plains;1
2724;194;155;198;land;false;mountain;1
2725;109;202;227;land;false;plains;1
2726;185;153;246;land;false;plains;1
2727;200;182;192;land;false;plains;1
2728;225;188;104;land;false;plains;1
2729;249;252;6;land;false;desert;1
2730;175;186;239;land;false;hills;1
2731;209;251;105;land;false;plains;1
2732;211;127;199;land;false;plains;1
2733;245;223;69;land;false;plains;1
2734;232;78;198;land;false;plains;1
2735;218;127;217;land;false;plains;1
2736;254;214;201;land;false;plains;1
2737;160;142;248;land;false;urban;1
2738;95;178;249;land;true;forest;1
2739;179;195;165;land;false;plains;1
2740;214;141;196;land;false;plains;1
2741;101;234;208;land;false;plains;1
2742;181;239;150;land;false;plains;1
2743;197;146;192;land;false;plains;1
2744;230;53;252;land;false;plains;1
2745;170;212;138;land;false;plains;1
2746;126;248;202;land;false;plains;1
2747;181;198;249;land;false;desert;1
2748;152;170;244;land;false;plains;1
2749;189;222;212;land;false;hills;1
2750;207;108;251;land;false;plains;1
2751;211;161;200;land;false;desert;1
2752;215;76;249;land;true;plains;1
2753;171;148;209;land;false;plains;1
2754;241;119;222;land;false;desert;1
2755;153;144;215;land;false;plains;1
2756;232;138;242;land;false;plains;1
2757;171;159;185;land;false;jungle;1
2758;244;161;147;land;false;plains;1
2759;218;234;244;land;false;plains;1
2760;234;172;113;land;false;forest;1
2761;143;224;148;land;false;plains;1
2762;170;193;207;land;false;mountain;1
2763;242;164;110;land;false;plains;1
2764;254;119;133;land;false;mountain;1
2765;227;215;206;land;false;desert;1
2766;237;131;201;land;false;plains;1
2767;229;229;201;land;false;desert;1
2768;220;124;192;land;false;plains;1
2769;111;238;192;land;false;plains;1
2770;227;186;170;land;false;desert;1
2771;183;253;75;land;false;plains;1
2772;185;253;77;land;false;plains;1
2773;188;238;99;land;false;hills;1
2774;96;169;242;land;false;plains;1
2775;229;83;210;land;false;plains;1
2776;178;248;118;land;false;desert;1
2777;236;228;240;land;false;plains;1
2778;144;211;224;land;false;plains;1
2779;162;242;247;land;false;plains;1
2780;244;226;111;land;false;forest;1
2781;253;138;228;land;false;plains;1
2782;229;158;160;land;false;plains;1
2783;216;222;209;land;false;plains;1
2784;147;187;185;land;false;plains;1
2785;73;208;232;land;false;plains;1
2786;254;252;48;land;false;plains;1
2787;112;215;207;land;false;plains;1
2788;116;221;177;land;true;plains;1
2789;166;234;118;land;false;plains;1
2790;155;214;168;land;false;plains;1
2791;247;206;139;land;false;plains;1
2792;254;144;223;land;false;plains;1
2793;240;232;148;land;false;desert;1
2794;251;161;110;land;false;plains;1
2795;240;190;146;land;false;plains;1
2796;202;238;88;land;false;plains;1
2797;224;214;233;land;false;plains;1
2798;228;231;79;land;false;desert;1
2799;151;184;251;land;false;plains;1
2800;237;127;251;land;false;plains;1
2801;246;241;207;land;false;plains;1
2802;145;238;161;land;false;plains;1
2803;229;241;142;land;true;plains;1
2804;138;233;187;land;false;plains;1
2805;218;219;157;land;false;forest;1
2806;195;126;236;land;false;plains;1
2807;211;173;166;land;false;plains;1
2808;231;222;137;land;false;plains;1
2809;209;229;91;land;false;forest;1
2810;67;198;247;land;false;plains;1
2811;242;98;189;land;false;plains;1
2812;158;121;234;land;false;hills;1
2813;149;171;220;land;false;plains;1
2814;115;234;232;land;false;plains;1
2815;197;80;229;land;true;plains;1
2816;233;99;189;land;false;desert;1
2817;207;197;248;land;false;plains;1
2818;244;114;249;land;false;plains;1
2819;150;184;182;land;true;plains;1
2820;254;204;237;land;false;mountain;1
2821;249;110;198;land;false;plains;1
2822;124;212;181;land;false;plains;1
2823;157;221;141;land;false;plains;1
2824;198;190;209;land;false;plains;1
2825;116;171;245;land;false;plains;1
2826;222;211;154;land;false;desert;1
2827;218;222;228;land;false;plains;1
2828;213;219;232;land;false;forest;1
2829;223;174;196;land;false;plains;1
2830;252;155;190;land;false;plains;1
2831;226;95;251;land;true;plains;1
2832;208;118;226;land;false;forest;1
2833;196;129;230;land;false;desert;1
2834;245;215;187;land;false;plains;1
2835;223;162;127;land;false;plains;1
2836;229;160;239;land;false;plains;1
2837;240;116;218;land;false;hills;1
2838;246;130;192;land;false;mountain;1
2839;254;172;91;land;false;plains;1
2840;161;242;214;land;false;plains;1
2841;238;139;186;land;false;plains;1
2842;177;191;153;land;false;plains;1
2843;140;240;206;land;false;plains;1
2844;126;133;254;land;true;plains;1
2845;131;249;239;land;false;plains;1
2846;217;233;220;land;true;plains;1
2847;184;250;85;land;true;plains;1
2848;134;183;235;land;false;plains;1
2849;243;245;81;land;false;desert;1
2850;196;197;177;land;false;plains;1
2851;208;225;127;land;false;forest;1
2852;225;41;246;land;false;plains;1
2853;74;237;227;land;false;plains;1
2854;190;195;181;land;true;plains;1
2855;194;140;195;land;false;plains;1
2856;200;246;175;land;false;plains;1
2857;170;218;189;land;false;plains;1
2858;176;252;81;land;false;plains;1
2859;241;238;237;land;false;plains;1
2860;238;52;249;land;false;plains;1
2861;163;246;121;land;false;desert;1
2862;135;163;222;land;false;plains;1
2863;122;225;204;land;true;plains;1
2864;187;213;201;land;false;plains;1
2865;231;233;160;land;false;plains;1
2866;194;205;225;land;false;desert;1
2867;157;197;190;land;false;desert;1
2868;174;181;240;land;false;desert;1
2869;232;237;228;land;false;plains;1
2870;141;231;176;land;false;plains;1
2871;245;64;200;land;false;plains;1
2872;231;239;152;land;false;plains;1
2873;250;102;252;land;true;desert;1
2874;225;133;233;land;false;plains;1
2875;160;225;210;land;false;plains;1
2876;214;149;138;land;false;plains;1
2877;254;224;185;land;false;mountain;1
2878;214;166;183;land;false;plains;1
2879;142;200;181;land;false;desert;1
2880;242;145;218;land;false;desert;1
2881;204;192;200;land;false;plains;1
2882;175;184;148;land;false;plains;1
2883;238;215;123;land;false;plains;1
2884;218;241;56;land;false;plains;1
2885;145;244;177;land;false;plains;1
2886;221;159;234;land;false;desert;1
2887;221;97;213;land;false;plains;1
2888;166;203;153;land;false;hills;1
2889;149;175;222;land;false;plains;1
2890;215;156;207;land;false;plains;1
2891;217;144;191;land;false;plains;1
2892;96;243;248;land;false;plains;1
2893;172;253;176;land;false;plains;1
2894;244;146;184;land;false;plains;1
2895;149;161;228;land;false;plains;1
2896;188;158;218;land;false;plains;1
2897;235;154;167;land;false;plains;1
2898;95;202;210;land;false;forest;1
2899;178;204;188;land;false;forest;1
2900;224;230;174;land;false;plains;1
2901;97;207;206;land;false;forest;1
2902;247;246;77;land;false;plains;1
2903;179;234;202;land;false;hills;1
2904;172;221;192;land;false;desert;1
2905;80;211;253;land;false;jungle;1
2906;224;240;169;land;false;plains;1
2907;210;209;112;land;false;plains;1
2908;251;175;152;land;false;plains;1
2909;221;242;78;land;false;plains;1
2910;215;208;226;land;true;plains;1
2911;162;240;192;land;false;plains;1
2912;252;161;219;land;false;plains;1
2913;133;211;169;land;false;desert;1
2914;223;207;184;land;false;plains;1
2915;254;146;107;land;false;plains;1
2916;63;226;215;land;false;plains;1
2917;231;159;163;land;false;plains;1
2918;138;221;159;land;false;plains;1
2919;191;248;235;land;false;plains;1
2920;227;208;97;land;false;plains;1
2921;181;158;206;land;false;desert;1
2922;218;240;137;land;true;plains;1
2923;246;240;221;land;false;plains;1
2924;98;230;187;land;false;plains;1
2925;191;119;242;land;false;desert;1
2926;217;194;180;land;false;plains;1
2927;145;205;197;land;false;plains;1
2928;223;175;203;land;false;plains;1
2929;247;241;204;land;false;plains;1
2930;133;219;208;land;false;plains;1
2931;173;186;248;land;true;plains;1
2932;134;182;248;land;false;plains;1
2933;216;249;236;land;false;desert;1
2934;224;249;154;land;false;forest;1
2935;204;201;217;land;true;plains;1
2936;157;94;251;land;false;hills;1
2937;212;237;94;land;true;plains;1
2938;121;244;195;land;false;plains;1
2939;176;248;164;land;false;desert;1
2940;199;89;247;land;false;forest;1
2941;163;209;160;land;false;plains;1
2942;217;218;113;land;false;plains;1
2943;92;237;234;land;true;plains;1
2944;199;244;200;land;false;plains;1
2945;242;246;80;land;true;plains;1
2946;247;10;249;land;false;plains;1
2947;225;174;179;land;false;plains;1
2948;122;243;190;land;false;plains;1
2949;243;152;236;land;false;plains;1
2950;185;139;237;land;false;plains;1
2951;208;238;110;land;false;plains;1
2952;121;183;227;land;false;plains;1
2953;195;101;224;land;false;plains;1
2954;159;227;163;land;false;plains;1
2955;96;214;252;land;false;desert;1
2956;180;115;252;land;true;plains;1
2957;197;215;253;land;true;plains;1
2958;114;237;246;land;false;desert;1
2959;178;216;209;land;true;plains;1
2960;248;247;47;land;false;desert;1
2961;77;198;247;land;false;plains;1
2962;182;181;242;land;false;hills;1
2963;197;182;213;land;false;desert;1
2964;145;228;138;land;false;desert;1
2965;197;104;241;land;false;desert;1
2966;194;193;235;land;true;plains;1
2967;102;203;223;land;false;plains;1
2968;243;254;65;land;false;plains;1
2969;193;165;202;land;false;plains;1
2970;238;232;176;land;false;plains;1
2971;247;146;229;land;false;hills;1
2972;251;112;250;land;false;plains;1
2973;152;213;145;land;false;plains;1
2974;187;187;205;land;false;desert;1
2975;248;152;244;land;false;urban;1
2976;171;210;227;land;false;plains;1
2977;223;198;80;land;false;plains;1
2978;248;209;57;land;false;plains;1
2979;216;226;244;land;false;plains;1
2980;206;162;216;land;true;plains;1
2981;191;202;152;land;false;plains;1
2982;199;108;235;land;false;plains;1
2983;98;217;217;land;false;plains;1
2984;158;188;191;land;false;plains;1
2985;178;233;250;land;false;plains;1
2986;227;43;235;land;false;plains;1
2987;231;153;200;land;false;plains;1
2988;157;251;109;land;false;forest;1
2989;143;164;206;land;false;plains;1
2990;237;185;213;land;false;plains;1
2991;247;30;235;land;false;forest;1
2992;145;185;200;land;false;hills;1
2993;154;172;246;land;false;plains;1
2994;141;189;183;land;false;plains;1
2995;160;188;240;land;false;plains;1
2996;236;221;245;land;true;plains;1
2997;135;181;226;land;false;desert;1
2998;251;125;177;land;false;plains;1
2999;246;156;163;land;false;plains;1
3000;133;209;196;land;false;plains;1
3001;96;207;236;land;false;plains;1
3002;97;183;230;land;true;plains;1
3003;185;216;234;land;false;plains;1
3004;68;244;248;land;false;plains;1
3005;163;180;162;land;false;plains;1
3006;191;254;174;land;false;desert;1
3007;195;101;226;land;false;desert;1
3008;204;243;141;land;false;plains;1
3009;171;170;217;land;false;plains;1
3010;175;152;235;land;false;plains;1
3011;194;119;250;land;false;plains;1
3012;138;225;157;land;false;plains;1
3013;189;154;158;land;false;plains;1
3014;39;241;229;land;false;desert;1
3015;221;251;248;land;false;desert;1
3016;233;241;74;land;false;plains;1
3017;130;230;205;land;false;desert;1
3018;219;212;190;land;false;plains;1
3019;254;247;146;land;false;plains;1
3020;221;178;125;land;false;plains;1
3021;227;106;207;land;false;desert;1
3022;183;140;194;land;false;plains;1
3023;152;142;250;land;false;plains;1
3024;228;196;123;land;false;forest;1
3025;195;123;210;land;false;desert;1
3026;164;221;207;land;false;plains;1
3027;194;105;224;land;false;plains;1
3028;248;175;222;land;true;plains;1
3029;231;236;231;land;false;plains;1
3030;225;161;182;land;false;plains;1
3031;103;196;228;land;false;plains;1
3032;171;215;216;land;false;plains;1
3033;162;179;206;land;false;plains;1
3034;244;113;178;land;false;plains;1
3035;168;248;140;land;false;forest;1
3036;200;173;143;land;true;plains;1
3037;149;229;163;land;false;plains;1
3038;237;174;143;land;false;mountain;1
3039;140;244;178;land;false;plains;1
3040;224;181;153;land;false;plains;1
3041;245;217;172;land;false;plains;1
3042;218;222;146;land;false;plains;1
3043;220;69;237;land;false;plains;1
3044;91;238;244;land;false;plains;1
3045;237;235;170;land;false;plains;1
3046;240;164;168;land;false;plains;1
3047;118;212;213;land;false;plains;1
3048;136;219;227;land;false;hills;1
3049;212;217;109;land;false;plains;1
3050;106;226;214;land;false;desert;1
3051;125;184;198;land;false;plains;1
3052;212;239;143;land;false;plains;1
3053;182;146;183;land;false;plains;1
3054;90;165;253;land;false;desert;1
3055;250;200;238;land;false;plains;1
3056;52;226;228;land;false;plains;1
3057;137;202;181;land;false;desert;1
3058;166;245;164;land;false;plains;1
3059;182;136;223;land;false;plains;1
3060;99;221;195;land;false;plains;1
3061;139;153;226;land;false;plains;1
3062;105;221;175;land;false;desert;1
3063;161;196;240;land;false;forest;1
3064;233;200;101;land;false;plains;1
3065;234;177;249;land;false;hills;1
3066;163;122;249;land;false;plains;1
3067;98;186;226;land;true;plains;1
3068;203;138;251;land;false;plains;1
3069;192;144;191;land;false;desert;1
3070;206;212;253;land;false;plains;1
3071;248;127;139;land;false;plains;1
3072;228;177;148;land;false;plains;1
3073;170;215;122;land;true;plains;1
3074;152;215;221;land;false;plains;1
3075;124;200;194;land;false;plains;1
3076;177;252;195;land;false;hills;1
3077;211;242;192;land;false;desert;1
3078;156;249;199;land;false;plains;1
3079;129;220;208;land;true;plains;1
3080;237;30;243;land;false;plains;1
3081;223;213;151;land;false;desert;1
3082;44;246;239;land;true;plains;1
3083;231;147;155;land;false;plains;1
3084;246;233;198;land;false;plains;1
3085;196;113;234;land;false;hills;1
3086;214;105;188;land;false;plains;1
3087;139;218;150;land;false;plains;1
3088;207;218;230;land;false;plains;1
3089;179;252;222;land;false;plains;1
3090;234;248;249;land;false;plains;1
3091;195;178;201;land;false;plains;1
3092;220;222;99;land;false;plains;1
3093;228;178;221;land;false;plains;1
3094;196;196;126;land;false;plains;1
3095;249;116;180;land;false;plains;1
3096;198;186;132;land;false;plains;1
3097;140;208;214;land;false;plains;1
3098;66;223;226;land;false;desert;1
3099;214;112;214;land;false;plains;1
3100;108;184;226;land;false;plains;1
3101;231;213;217;land;false;plains;1
3102;224;123;187;land;false;desert;1
3103;220;231;214;land;false;forest;1
3104;151;172;196;land;false;plains;1
3105;115;231;165;land;false;plains;1
3106;247;248;13;land;false;plains;1
3107;220;177;110;land;false;plains;1
3108;231;211;183;land;false;plains;1
3109;185;103;254;land;false;plains;1
3110;216;216;77;land;false;urban;1
3111;226;169;186;land;false;plains;1
3112;166;227;247;land;false;plains;1
3113;133;193;213;land;true;plains;1
3114;132;152;235;land;false;plains;1
3115;254;244;218;land;false;forest;1
3116;251;208;60;land;false;plains;1
3117;235;222;78;land;false;plains;1
3118;245;121;213;land;false;plains;1
3119;133;213;164;land;false;plains;1
3120;180;187;181;land;false;plains;1
3121;224;141;227;land;true;plains;1
3122;176;247;191;land;false;plains;1
3123;184;245;75;land;false;plains;1
3124;250;243;11;land;false;plains;1
3125;241;46;238;land;false;plains;1
3126;200;172;133;land;false;desert;1
3127;183;185;150;land;false;mountain;1
3128;201;236;236;land;false;forest;1
3129;250;222;155;land;false;desert;1
3130;143;175;203;land;false;mountain;1
3131;190;109;227;land;false;plains;1
3132;205;126;193;land;false;forest;1
3133;208;196;160;land;false;plains;1
3134;193;235;218;land;false;plains;1
3135;219;168;236;land;false;forest;1
3136;110;176;252;land;false;desert;1
3137;151;244;221;land;false;plains;1
3138;159;182;242;land;false;plains;1
3139;131;212;180;land;false;plains;1
3140;223;102;238;land;false;plains;1
3141;254;146;164;land;false;plains;1
3142;222;224;244;land;false;forest;1
3143;246;181;159;land;false;plains;1
3144;192;216;183;land;false;desert;1
3145;196;211;153;land;false;plains;1
3146;228;248;29;land;false;hills;1
3147;192;194;171;land;false;plains;1
3148;178;122;242;land;false;mountain;1
3149;234;96;242;land;false;desert;1
3150;247;230;60;land;false;forest;1
3151;173;253;86;land;false;plains;1
3152;59;242;249;land;false;plains;1
3153;93;216;231;land;false;plains;1
3154;140;248;117;land;false;hills;1
3155;250;9;248;land;false;marsh;1
3156;105;246;230;land;false;plains;1
3157;238;216;190;land;false;plains;1
3158;245;200;186;land;false;plains;1
3159;182;251;127;land;false;plains;1
3160;242;164;155;land;false;plains;1
3161;205;186;183;land;false;plains;1
3162;250;66;195;land;false;hills;1
3163;205;225;194;land;false;plains;1
3164;217;200;238;land;false;plains;1
3165;250;94;172;land;false;plains;1
3166;245;179;84;land;false;plains;1
3167;237;232;175;land;true;plains;1
3168;162;218;234;land;false;plains;1
3169;246;138;205;land;false;mountain;1
3170;239;185;111;land;false;plains;1
3171;231;227;216;land;false;plains;1
3172;89;232;210;land;false;plains;1
3173;229;252;92;land;false;desert;1
3174;182;218;210;land;false;plains;1
3175;231;249;45;land;false;plains;1
3176;227;241;210;land;false;plains;1
3177;230;171;249;land;false;plains;1
3178;82;201;221;land;false;desert;1
3179;59;253;219;land;false;plains;1
3180;185;210;132;land;false;mountain;1
3181;190;206;109;land;false;plains;1
3182;130;234;249;land;false;plains;1
3183;110;213;221;land;false;plains;1
3184;172;183;161;land;false;plains;1
3185;139;192;185;land;false;plains;1
3186;250;253;219;land;false;plains;1
3187;193;234;172;land;false;plains;1
3188;164;240;186;land;false;plains;1
3189;199;109;232;land;false;desert;1
3190;198;228;225;land;false;plains;1
3191;158;253;125;land;false;hills;1
3192;182;225;107;land;false;plains;1
3193;103;252;229;land;false;plains;1
3194;253;188;196;land;false;plains;1
3195;227;128;253;land;false;desert;1
3196;146;228;233;land;false;mountain;1
3197;120;253;163;land;false;plains;1
3198;182;91;233;land;false;plains;1
3199;162;196;243;land;false;desert;1
3200;246;187;223;land;false;plains;1
3201;237;215;62;land;false;plains;1
3202;238;197;130;land;false;plains;1
3203;166;211;189;land;false;desert;1
3204;159;231;214;land;false;desert;1
3205;210;214;139;land;false;plains;1
3206;143;195;166;land;false;plains;1
3207;210;178;233;land;false;forest;1
3208;250;216;54;land;false;desert;1
3209;233;129;226;land;false;plains;1
3210;168;191;144;land;true;plains;1
3211;203;91;244;land;false;plains;1
3212;235;233;130;land;false;desert;1
3213;195;121;195;land;false;plains;1
3214;131;243;242;land;false;plains;1
3215;213;202;116;land;false;plains;1
3216;192;243;91;land;false;desert;1
3217;130;231;251;land;false;forest;1
3218;19;238;246;land;false;plains;1
3219;229;254;213;land;false;plains;1
3220;213;138;162;land;false;plains;1
3221;230;175;137;land;false;desert;1
3222;192;165;160;land;true;plains;1
3223;148;232;211;land;false;desert;1
3224;228;116;232;land;false;plains;1
3225;167;248;171;land;false;plains;1
3226;253;54;222;land;false;plains;1
3227;178;185;193;land;false;plains;1
3228;172;195;217;land;true;hills;1
3229;232;203;222;land;false;plains;1
3230;56;252;231;land;false;plains;1
3231;66;235;231;land;false;desert;1
3232;226;113;223;land;false;plains;1
3233;153;225;169;land;false;plains;1
3234;151;228;219;land;false;plains;1
3235;44;248;220;land;false;plains;1
3236;144;250;149;land;false;desert;1
3237;181;220;250;land;false;plains;1
3238;251;70;228;land;false;plains;1
3239;224;152;148;land;false;plains;1
3240;131;175;207;land;false;plains;1
3241;212;121;223;land;false;plains;1
3242;100;236;165;land;false;plains;1
3243;143;251;249;land;false;hills;1
3244;145;220;207;land;false;plains;1
3245;221;252;91;land;false;plains;1
3246;73;225;251;land;false;plains;1
3247;230;192;124;land;false;plains;1
3248;226;210;211;land;false;plains;1
3249;226;138;229;land;false;urban;1
3250;234;251;197;land;false;plains;1
3251;254;131;254;land;false;plains;1
3252;206;251;115;land;false;plains;1
3253;197;191;203;land;false;forest;1
3254;201;234;179;land;false;plains;1
3255;184;191;148;land;false;plains;1
3256;253;162;215;land;false;plains;1
3257;101;202;235;land;false;plains;1
3258;145;149;216;land;false;forest;1
3259;239;142;252;land;false;plains;1
3260;228;142;189;land;true;plains;1
3261;187;175;176;land;false;plains;1
3262;244;84;231;land;false;plains;1
3263;129;205;210;land;false;plains;1
3264;189;126;225;land;false;plains;1
3265;170;109;226;land;false;plains;1
3266;217;103;249;land;false;plains;1
3267;181;147;244;land;false;desert;1
3268;87;183;252;land;false;plains;1
3269;109;199;219;land;false;plains;1
3270;175;168;183;land;false;plains;1
3271;159;223;234;land;false;plains;1
3272;127;192;189;land;false;forest;1
3273;218;212;226;land;false;plains;1
3274;240;34;230;land;false;desert;1
3275;149;193;178;land;false;plains;1
3276;149;162;194;land;false;plains;1
3277;209;217;99;land;false;urban;1
3278;192;191;134;land;false;plains;1
3279;178;186;194;land;false;forest;1
3280;186;164;215;land;false;plains;1
3281;250;92;180;land;false;hills;1
3282;215;144;185;land;false;plains;1
3283;221;117;189;land;false;desert;1
3284;195;95;254;land;false;forest;1
3285;168;179;172;land;false;desert;1
3286;212;236;164;land;false;plains;1
3287;190;136;246;land;false;plains;1
3288;187;182;157;land;false;plains;1
3289;205;162;169;land;false;plains;1
3290;198;169;237;land;true;plains;1
3291;237;179;242;land;false;plains;1
3292;160;176;227;land;false;plains;1
3293;141;242;178;land;false;plains;1
3294;229;159;139;land;false;plains;1
3295;93;235;181;land;false;plains;1
3296;138;252;117;land;false;plains;1
3297;243;239;138;land;true;plains;1
3298;110;153;250;land;false;desert;1
3299;175;195;160;land;false;plains;1
3300;191;210;237;land;false;plains;1
3301;234;254;92;land;false;plains;1
3302;149;132;242;land;false;plains;1
3303;183;140;192;land;false;hills;1
3304;174;222;121;land;false;plains;1
3305;192;192;207;land;false;desert;1
3306;112;252;139;land;false;plains;1
3307;66;199;237;land;false;plains;1
3308;185;249;103;land;false;plains;1
3309;173;107;238;land;false;desert;1
3310;248;236;138;land;false;desert;1
3311;250;208;171;land;false;plains;1
3312;183;196;151;land;false;hills;1
3313;110;173;228;land;false;plains;1
3314;244;173;202;land;false;plains;1
3315;220;237;187;land;false;desert;1
3316;208;204;200;land;false;mountain;1
3317;104;196;225;land;false;plains;1
3318;241;128;200;land;false;plains;1
3319;210;208;152;land;true;plains;1
3320;179;126;226;land;false;plains;1
3321;250;230;183;land;false;forest;1
3322;147;181;229;land;false;hills;1
3323;66;249;208;land;false;plains;1
3324;211;81;232;land;false;desert;1
3325;235;160;202;land;false;plains;1
3326;167;138;228;land;false;plains;1
3327;247;45;214;land;false;desert;1
3328;252;233;76;land;false;plains;1
3329;245;103;204;land;true;plains;1
3330;40;236;236;land;false;plains;1
3331;200;252;197;land;false;plains;1
3332;231;170;159;land;false;plains;1
3333;192;81;246;land;false;plains;1
3334;117;199;210;land;false;desert;1
3335;218;236;118;land;false;plains;1
3336;249;251;5;land;false;plains;1
3337;251;251;128;land;false;forest;1
3338;164;195;203;land;true;plains;1
3339;209;249;194;land;false;plains;1
3340;245;212;192;land;false;plains;1
3341;222;129;174;land;false;desert;1
3342;109;227;226;land;false;plains;1
3343;220;159;161;land;false;plains;1
3344;229;71;248;land;false;plains;1
3345;142;186;220;land;false;plains;1
3346;223;205;186;land;false;plains;1
3347;236;211;210;land;false;plains;1
3348;227;213;76;land;false;plains;1
3349;253;146;223;land;false;plains;1
3350;251;200;167;land;false;plains;1
3351;213;206;184;land;false;plains;1
3352;202;140;232;land;false;plains;1
3353;55;243;217;land;false;plains;1
3354;238;38;238;land;false;plains;1
3355;244;233;47;land;false;plains;1
3356;178;110;234;land;true;plains;1
3357;171;245;157;land;false;plains;1
3358;172;247;203;land;false;desert;1
3359;244;121;174;land;false;forest;1
3360;178;154;221;land;false;plains;1
3361;234;220;147;land;false;desert;1
3362;233;254;212;land;false;desert;1
3363;196;199;191;land;false;plains;1
3364;161;253;181;land;false;plains;1
3365;174;223;214;land;true;plains;1
3366;227;49;251;land;false;desert;1
3367;218;194;125;land;false;plains;1
3368;232;235;117;land;false;plains;1
3369;152;173;205;land;false;plains;1
3370;217;139;194;land;false;desert;1
3371;141;230;184;land;false;plains;1
3372;249;99;203;land;false;plains;1
3373;19;250;236;land;false;mountain;1
3374;120;206;207;land;false;desert;1
3375;202;248;107;land;false;plains;1
3376;205;219;235;land;false;plains;1
3377;227;101;254;land;false;plains;1
3378;83;206;239;land;false;plains;1
3379;111;188;226;land;false;desert;1
3380;233;88;216;land;false;plains;1
3381;207;149;188;land;false;plains;1
3382;123;234;212;land;false;desert;1
3383;219;100;187;land;false;plains;1
3384;231;197;75;land;false;desert;1
3385;217;208;220;land;false;plains;1
3386;148;178;184;land;false;plains;1
3387;200;113;205;land;false;plains;1
3388;251;160;244;land;false;urban;1
3389;210;146;247;land;false;plains;1
3390;223;254;226;land;false;plains;1
3391;246;165;133;land;false;desert;1
3392;248;252;204;land;false;plains;1
3393;194;128;191;land;false;plains;1
3394;113;196;220;land;false;desert;1
3395;246;234;82;land;false;forest;1
3396;233;158;221;land;false;plains;1
3397;199;189;243;land;false;desert;1
3398;239;241;126;land;false;plains;1
3399;86;219;199;land;true;plains;1
3400;211;198;138;land;false;desert;1
3401;197;210;142;land;false;plains;1
3402;158;197;215;land;false;plains;1
3403;230;74;211;land;false;desert;1
3404;190;204;171;land;false;plains;1
3405;169;240;215;land;false;plains;1
3406;242;177;187;land;false;plains;1
3407;252;125;232;land;false;plains;1
3408;159;223;156;land;false;plains;1
3409;231;78;198;land;false;plains;1
3410;247;96;253;land;false;urban;1
3411;222;144;245;land;false;desert;1
3412;244;247;32;land;false;plains;1
3413;230;220;99;land;false;plains;1
3414;181;153;242;land;false;plains;1
3415;146;243;152;land;true;plains;1
3416;124;131;246;land;false;desert;1
3417;211;117;205;land;false;forest;1
3418;168;235;104;land;false;plains;1
3419;142;130;249;land;false;forest;1
3420;230;249;205;land;false;plains;1
3421;207;136;182;land;false;plains;1
3422;185;132;205;land;false;desert;1
3423;240;95;194;land;true;plains;1
3424;228;232;217;land;false;desert;1
3425;115;232;238;land;false;plains;1
3426;122;207;219;land;false;forest;1
3427;182;116;240;land;false;plains;1
3428;136;244;155;land;false;forest;1
3429;194;204;238;land;false;plains;1
3430;137;205;173;land;false;plains;1
3431;230;249;133;land;false;mountain;1
3432;240;137;203;land;false;plains;1
3433;216;223;186;land;false;desert;1
3434;235;85;221;land;false;plains;1
3435;60;204;238;land;false;plains;1
3436;131;194;213;land;true;plains;1
3437;190;112;230;land;false;plains;1
3438;156;188;194;land;false;plains;1
3439;231;98;248;land;false;forest;1
3440;141;250;146;land;false;plains;1
3441;144;110;247;land;false;desert;1
3442;216;236;56;land;false;mountain;1
3443;155;126;229;land;false;plains;1
3444;86;252;243;land;false;plains;1
3445;200;211;178;land;false;plains;1
3446;185;158;235;land;false;plains;1
3447;80;188;253;land;false;plains;1
3448;205;238;137;land;false;plains;1
3449;199;183;219;land;false;desert;1
3450;165;150;238;land;true;plains;1
3451;250;131;222;land;false;plains;1
3452;251;202;139;land;false;desert;1
3453;181;234;194;land;false;desert;1
3454;43;232;229;land;false;plains;1
3455;226;177;251;land;false;plains;1
3456;123;203;241;land;false;plains;1
3457;109;253;234;land;false;plains;1
3458;241;146;203;land;false;desert;1
3459;161;224;145;land;false;plains;1
3460;215;99;245;land;false;desert;1
3461;215;124;251;land;false;desert;1
3462;230;148;213;land;false;plains;1
3463;240;99;184;land;false;desert;1
3464;164;221;128;land;false;forest;1
3465;187;210;205;land;false;plains;1
3466;224;225;145;land;false;plains;1
3467;209;166;224;land;false;desert;1
3468;215;244;191;land;false;plains;1
3469;251;156;162;land;false;desert;1
3470;227;205;118;land;false;plains;1
3471;129;230;154;land;false;desert;1
3472;238;49;215;land;false;plains;1
3473;219;150;150;land;false;plains;1
3474;200;169;136;land;false;plains;1
3475;219;249;39;land;false;plains;1
3476;133;247;168;land;false;plains;1
3477;190;175;218;land;false;urban;1
3478;70;237;217;land;true;plains;1
3479;251;140;184;land;false;plains;1
3480;46;220;254;land;false;plains;1
3481;177;231;106;land;true;plains;1
3482;241;51;239;land;false;plains;1
3483;237;148;126;land;false;desert;1
3484;192;203;241;land;false;hills;1
3485;159;231;192;land;false;plains;1
3486;200;245;135;land;false;urban;1
3487;239;146;160;land;false;plains;1
3488;185;249;188;land;false;desert;1
3489;187;144;231;land;false;plains;1
3490;170;172;250;land;false;plains;1
3491;104;237;236;land;false;plains;1
3492;197;201;226;land;false;plains;1
3493;132;216;250;land;false;plains;1
3494;128;229;173;land;false;desert;1
3495;143;163;215;land;false;plains;1
3496;150;240;252;land;false;plains;1
3497;222;245;168;land;false;plains;1
3498;246;206;193;land;false;plains;1
3499;220;200;254;land;false;desert;1
3500;87;231;249;land;false;desert;1
3501;99;203;222;land;false;plains;1
3502;132;155;219;land;false;forest;1
3503;128;194;219;land;false;desert;1
3504;249;144;200;land;false;desert;1
3505;116;167;244;land;false;plains;1
3506;73;209;243;land;false;plains;1
3507;190;201;183;land;false;plains;1
3508;153;155;237;land;false;plains;1
3509;128;243;184;land;false;desert;1
3510;217;106;183;land;true;plains;1
3511;239;159;213;land;false;plains;1
3512;68;253;234;land;false;plains;1
3513;168;141;245;land;false;plains;1
3514;198;216;120;land;false;plains;1
3515;235;197;95;land;false;desert;1
3516;218;227;242;land;true;plains;1
3517;208;128;177;land;false;plains;1
3518;247;145;165;land;false;plains;1
3519;209;206;229;land;false;plains;1
3520;152;211;216;land;false;plains;1
3521;184;127;248;land;false;plains;1
3522;183;173;199;land;false;marsh;1
3523;252;205;76;land;false;plains;1
3524;245;106;250;land;false;desert;1
3525;89;219;228;land;false;plains;1
3526;235;220;136;land;false;desert;1
3527;202;199;224;land;false;plains;1
3528;194;170;157;land;false;plains;1
3529;195;208;170;land;false;plains;1
3530;101;178;235;land;false;plains;1
3531;248;159;121;land;false;plains;1
3532;182;139;241;land;false;plains;1
3533;196;232;250;land;false;plains;1
3534;204;232;219;land;false;plains;1
3535;233;199;179;land;false;plains;1
3536;209;249;198;land;false;plains;1
3537;200;239;124;land;false;urban;1
3538;218;143;196;land;false;plains;1
3539;158;164;232;land;false;plains;1
3540;233;232;82;land;false;plains;1
3541;196;107;213;land;false;plains;1
3542;214;148;240;land;false;plains;1
3543;230;184;196;land;false;plains;1
3544;126;123;252;land;false;plains;1
3545;220;97;252;land;false;urban;1
3546;127;213;222;land;false;desert;1
3547;151;204;248;land;false;forest;1
3548;205;185;209;land;false;plains;1
3549;139;230;135;land;false;plains;1
3550;235;94;196;land;false;plains;1
3551;142;241;238;land;true;plains;1
3552;181;217;216;land;false;desert;1
3553;170;253;134;land;false;plains;1
3554;201;216;107;land;false;plains;1
3555;251;174;165;land;true;plains;1
3556;235;218;58;land;false;urban;1
3557;139;133;229;land;false;plains;1
3558;196;250;251;land;false;desert;1
3559;147;169;194;land;false;plains;1
3560;172;153;213;land;false;plains;1
3561;248;222;156;land;false;forest;1
3562;206;238;202;land;false;plains;1
3563;201;128;174;land;false;plains;1
3564;171;173;209;land;false;forest;1
3565;243;197;216;land;false;plains;1
3566;211;84;217;land;false;plains;1
3567;244;82;197;land;false;plains;1
3568;254;96;239;land;false;desert;1
3569;219;194;188;land;false;plains;1
3570;244;150;221;land;false;plains;1
3571;241;204;233;land;false;desert;1
3572;209;226;219;land;false;plains;1
3573;162;138;204;land;false;plains;1
3574;245;147;229;land;false;plains;1
3575;140;184;240;land;true;plains;1
3576;157;206;234;land;false;desert;1
3577;169;102;235;land;false;plains;1
3578;144;208;167;land;false;plains;1
3579;221;227;136;land;false;plains;1
3580;230;206;124;land;false;plains;1
3581;222;216;79;land;false;plains;1
3582;99;177;244;land;false;plains;1
3583;109;245;202;land;false;plains;1
3584;202;248;171;land;false;jungle;1
3585;239;121;151;land;false;desert;1
3586;249;126;206;land;false;desert;1
3587;204;151;194;land;false;mountain;1
3588;187;168;177;land;false;plains;1
3589;94;206;203;land;false;plains;1
3590;230;237;240;land;false;plains;1
3591;231;109;225;land;false;plains;1
3592;246;132;230;land;false;plains;1
3593;206;203;171;land;false;plains;1
3594;222;85;252;land;false;hills;1
3595;253;229;59;land;false;plains;1
3596;244;251;153;land;false;desert;1
3597;129;231;155;land;false;plains;1
3598;191;224;235;land;false;plains;1
3599;107;223;240;land;false;desert;1
3600;179;167;156;land;false;plains;1
3601;154;186;168;land;false;forest;1
3602;231;203;179;land;false;plains;1
3603;199;237;247;land;false;desert;1
3604;187;253;247;land;false;plains;1
3605;247;171;107;land;false;plains;1
3606;154;182;242;land;false;plains;1
3607;111;231;159;land;false;plains;1
3608;203;238;251;land;false;plains;1
3609;68;221;232;land;false;plains;1
3610;148;193;249;land;false;plains;1
3611;163;245;230;land;false;plains;1
3612;165;206;232;land;false;plains;1
3613;229;222;233;land;false;plains;1
3614;229;133;139;land;false;plains;1
3615;183;113;206;land;false;plains;1
3616;138;169;247;land;false;plains;1
3617;235;225;177;land;false;desert;1
3618;155;239;166;land;false;plains;1
3619;234;50;226;land;false;plains;1
3620;235;193;95;land;false;plains;1
3621;134;239;179;land;false;plains;1
3622;177;223;104;land;false;plains;1
3623;162;153;240;land;false;desert;1
3624;253;125;241;land;false;marsh;1
3625;185;78;251;land;false;plains;1
3626;242;179;233;land;false;plains;1
3627;244;219;208;land;false;hills;1
3628;82;229;217;land;false;hills;1
3629;212;198;229;land;false;desert;1
3630;218;149;229;land;false;plains;1
3631;164;221;147;land;false;plains;1
3632;230;253;52;land;true;plains;1
3633;167;221;145;land;false;plains;1
3634;209;148;240;land;true;plains;1
3635;235;205;125;land;false;forest;1
3636;212;183;126;land;true;plains;1
3637;244;156;191;land;false;mountain;1
3638;225;226;87;land;false;desert;1
3639;211;251;63;land;false;plains;1
3640;251;236;37;land;false;plains;1
3641;134;198;243;land;false;plains;1
3642;225;176;237;land;false;plains;1
3643;155;168;213;land;false;plains;1
3644;223;40;245;land;false;desert;1
3645;179;249;118;land;false;plains;1
3646;232;249;227;land;false;plains;1
3647;161;194;212;land;false;plains;1
3648;60;248;201;land;false;urban;1
3649;142;252;196;land;false;plains;1
3650;44;225;248;land;false;plains;1
3651;220;208;218;land;false;plains;1
3652;189;199;197;land;false;plains;1
3653;190;74;241;land;false;plains;1
3654;146;195;169;land;false;plains;1
3655;150;238;247;land;false;plains;1
3656;194;202;222;land;false;plains;1
3657;220;178;115;land;false;desert;1
3658;240;227;190;land;false;plains;1
3659;113;175;246;land;false;plains;1
3660;145;244;173;land;false;plains;1
3661;235;235;203;land;false;plains;1
3662;176;241;254;land;false;hills;1
3663;201;224;253;land;false;plains;1
3664;138;210;235;land;false;plains;1
3665;171;206;133;land;false;plains;1
3666;149;240;187;land;false;desert;1
3667;208;253;212;land;false;plains;1
3668;162;217;198;land;false;plains;1
3669;123;183;204;land;false;plains;1
3670;121;248;246;land;false;plains;1
3671;235;197;148;land;false;desert;1
3672;188;160;213;land;false;plains;1
3673;176;203;253;land;false;plains;1
3674;248;247;14;land;false;plains;1
3675;156;222;180;land;false;desert;1
3676;209;214;244;land;false;plains;1
3677;217;167;213;land;false;plains;1
3678;228;214;158;land;false;plains;1
3679;71;230;250;land;false;plains;1
3680;223;163;123;land;false;plains;1
3681;119;160;244;land;false;plains;1
3682;213;251;79;land;false;desert;1
3683;214;195;242;land;false;plains;1
3684;214;248;87;land;false;hills;1
3685;179;191;132;land;false;hills;1
3686;166;197;225;land;false;forest;1
3687;241;198;95;land;false;plains;1
3688;220;230;65;land;false;forest;1
3689;226;221;209;land;false;plains;1
3690;230;103;253;land;false;plains;1
3691;208;144;221;land;false;plains;1
3692;243;209;158;land;false;plains;1
3693;248;222;242;land;false;plains;1
3694;165;244;207;land;false;plains;1
3695;200;225;182;land;false;desert;1
3696;199;241;109;land;false;desert;1
3697;234;248;218;land;false;desert;1
3698;131;223;207;land;false;plains;1
3699;123;240;251;land;false;desert;1
3700;106;228;233;land;false;mountain;1
3701;195;227;230;land;true;plains;1
3702;190;157;205;land;false;plains;1
3703;184;110;230;land;true;forest;1
3704;119;167;217;land;false;plains;1
3705;220;231;171;land;false;desert;1
3706;119;201;188;land;false;plains;1
3707;245;129;143;land;false;plains;1
3708;177;246;78;land;false;plains;1
3709;208;241;201;land;false;plains;1
3710;155;148;224;land;true;plains;1
3711;251;204;86;land;false;plains;1
3712;177;88;253;land;false;plains;1
3713;188;193;233;land;false;plains;1
3714;197;162;252;land;false;urban;1
3715;81;226;244;land;false;plains;1
3716;194;144;250;land;false;desert;1
3717;221;39;247;land;false;plains;1
3718;228;232;224;land;false;plains;1
3719;222;226;108;land;false;urban;1
3720;194;164;154;land;false;plains;1
3721;248;204;225;land;false;plains;1
3722;169;171;233;land;false;plains;1
3723;207;167;181;land;false;plains;1
3724;180;200;250;land;true;plains;1
3725;146;208;181;land;false;plains;1
3726;108;198;196;land;false;marsh;1
3727;235;87;186;land;false;plains;1
3728;71;240;197;land;false;plains;1
3729;238;215;79;land;false;plains;1
3730;153;210;185;land;false;plains;1
3731;189;217;202;land;false;plains;1
3732;148;139;226;land;false;desert;1
3733;176;218;143;land;false;plains;1
3734;240;251;27;land;true;plains;1
3735;161;147;217;land;false;plains;1
3736;225;183;164;land;false;desert;1
3737;228;194;186;land;false;desert;1
3738;127;237;254;land;false;plains;1
3739;70;252;200;land;false;plains;1
3740;242;169;133;land;false;plains;1
3741;201;223;114;land;false;plains;1
3742;206;210;184;land;false;plains;1
3743;179;238;224;land;false;plains;1
3744;115;214;179;land;false;plains;1
3745;134;145;251;land;false;forest;1
3746;230;170;197;land;false;desert;1
3747;251;246;125;land;false;forest;1
3748;138;243;191;land;false;plains;1
3749;169;249;124;land;false;plains;1
3750;243;188;111;land;false;forest;1
3751;206;57;249;land;false;plains;1
3752;133;248;131;land;false;plains;1
3753;175;213;123;land;false;plains;1
3754;214;240;139;land;false;plains;1
3755;234;216;155;land;false;plains;1
3756;166;221;135;land;false;plains;1
3757;253;194;61;land;false;plains;1
3758;231;223;107;land;false;urban;1
3759;193;199;118;land;true;plains;1
3760;140;203;202;land;false;plains;1
3761;108;242;190;land;false;plains;1
3762;216;192;135;land;true;plains;1
3763;253;226;168;land;false;plains;1
3764;230;134;234;land;false;plains;1
3765;248;247;60;land;false;hills;1
3766;98;223;220;land;false;desert;1
3767;107;213;182;land;false;plains;1
3768;164;154;225;land;false;plains;1
3769;196;177;163;land;false;plains;1
3770;201;230;173;land;false;desert;1
3771;226;200;202;land;false;forest;1
3772;114;196;232;land;false;plains;1
3773;236;214;77;land;false;forest;1
3774;242;152;188;land;false;plains;1
3775;215;188;101;land;false;plains;1
3776;238;160;165;land;false;plains;1
3777;203;79;219;land;false;desert;1
3778;217;231;122;land;false;plains;1
3779;220;60;234;land;false;plains;1
3780;170;195;253;land;false;plains;1
3781;157;230;203;land;false;plains;1
3782;213;136;188;land;false;desert;1
3783;185;148;172;land;false;plains;1
3784;204;149;218;land;false;desert;1
3785;158;176;198;land;false;plains;1
3786;174;213;219;land;false;desert;1
3787;148;158;249;land;false;plains;1
3788;150;237;145;land;false;plains;1
3789;185;142;203;land;false;plains;1
3790;219;181;234;land;false;plains;1
3791;220;222;136;land;true;desert;1
3792;106;182;232;land;false;plains;1
3793;202;170;206;land;false;forest;1
3794;84;241;186;land;false;plains;1
3795;244;186;155;land;false;plains;1
3796;230;180;123;land;false;plains;1
3797;225;245;52;land;false;hills;1
3798;235;243;144;land;false;plains;1
3799;226;75;215;land;false;plains;1
3800;237;153;121;land;true;plains;1
3801;205;101;234;land;false;plains;1
3802;204;228;219;land;false;plains;1
3803;192;161;152;land;true;plains;1
3804;108;187;252;land;false;plains;1
3805;156;208;238;land;false;plains;1
3806;105;219;242;land;false;plains;1
3807;231;180;191;land;false;plains;1
3808;217;246;233;land;false;plains;1
3809;142;234;209;land;false;plains;1
3810;244;119;156;land;false;plains;1
3811;143;210;183;land;false;plains;1
3812;235;81;221;land;false;desert;1
3813;181;214;165;land;false;plains;1
3814;210;201;189;land;false;plains;1
3815;179;128;207;land;false;plains;1
3816;249;171;125;land;false;plains;1
3817;107;194;220;land;false;plains;1
3818;153;234;219;land;false;plains;1
3819;253;212;91;land;false;plains;1
3820;197;246;233;land;false;desert;1
3821;95;229;210;land;false;plains;1
3822;232;163;150;land;true;plains;1
3823;214;225;194;land;false;plains;1
3824;207;185;137;land;false;forest;1
3825;127;212;164;land;false;plains;1
3826;219;205;181;land;false;plains;1
3827;241;213;189;land;false;plains;1
3828;218;154;209;land;false;forest;1
3829;222;157;239;land;false;plains;1
3830;164;218;119;land;false;plains;1
3831;254;77;182;land;false;desert;1
3832;106;229;186;land;false;plains;1
3833;212;251;46;land;false;desert;1
3834;219;172;171;land;true;plains;1
3835;88;207;231;land;false;plains;1
3836;249;126;130;land;false;plains;1
3837;217;206;206;land;false;plains;1
3838;235;227;106;land;false;plains;1
3839;119;241;240;land;false;plains;1
3840;116;205;246;land;false;plains;1
3841;244;205;202;land;false;plains;1
3842;238;106;246;land;false;forest;1
3843;152;154;247;land;false;plains;1
3844;141;176;220;land;false;forest;1
3845;177;244;181;land;false;plains;1
3846;170;181;216;land;false;plains;1
3847;153;222;253;land;false;plains;1
3848;212;246;158;land;false;plains;1
3849;236;109;239;land;false;plains;1
3850;83;245;198;land;false;plains;1
3851;186;89;226;land;false;plains;1
3852;166;230;183;land;false;forest;1
3853;122;220;204;land;false;desert;1
3854;199;200;114;land;false;plains;1
3855;192;235;247;land;false;plains;1
3856;221;96;191;land;false;plains;1
3857;242;247;150;land;false;plains;1
3858;237;97;207;land;false;desert;1
3859;123;232;195;land;false;plains;1
3860;217;248;66;land;false;plains;1
3861;237;171;214;land;false;plains;1
3862;190;225;106;land;false;hills;1
3863;235;240;67;land;false;plains;1
3864;216;191;122;land;false;plains;1
3865;186;159;193;land;false;plains;1
3866;99;179;251;land;false;plains;1
3867;155;162;206;land;false;plains;1
3868;126;194;228;land;false;plains;1
3869;215;233;131;land;false;plains;1
3870;154;209;173;land;false;desert;1
3871;246;177;210;land;false;plains;1
3872;251;234;224;land;false;plains;1
3873;251;155;106;land;false;plains;1
3874;206;131;223;land;false;plains;1
3875;230;240;105;land;false;plains;1
3876;228;145;147;land;false;urban;1
3877;218;188;226;land;false;plains;1
3878;224;62;251;land;false;plains;1
3879;219;103;221;land;false;forest;1
3880;134;254;224;land;false;plains;1
3881;112;179;235;land;true;plains;1
3882;130;237;245;land;false;plains;1
3883;219;111;195;land;false;desert;1
3884;249;202;155;land;false;desert;1
3885;181;222;154;land;false;desert;1
3886;205;215;196;land;false;plains;1
3887;229;190;179;land;false;plains;1
3888;188;178;232;land;false;plains;1
3889;144;238;166;land;false;plains;1
3890;230;104;253;land;false;plains;1
3891;159;238;145;land;false;desert;1
3892;177;164;193;land;false;desert;1
3893;216;188;114;land;false;desert;1
3894;158;232;142;land;false;desert;1
3895;249;205;63;land;false;plains;1
3896;179;167;232;land;false;plains;1
3897;248;130;204;land;false;plains;1
3898;161;218;211;land;false;plains;1
3899;141;231;253;land;false;plains;1
3900;90;231;235;land;false;plains;1
3901;193;76;236;land;false;plains;1
3902;131;216;245;land;false;forest;1
3903;119;254;192;land;false;plains;1
3904;250;233;121;land;false;plains;1
3905;243;195;164;land;false;plains;1
3906;193;146;229;land;false;plains;1
3907;177;168;226;land;false;plains;1
3908;240;154;192;land;false;hills;1
3909;247;159;238;land;false;plains;1
3910;87;244;214;land;false;plains;1
3911;221;245;225;land;false;plains;1
3912;62;253;207;land;false;plains;1
3913;206;228;139;land;false;plains;1
3914;205;117;224;land;true;plains;1
3915;211;167;197;land;false;plains;1
3916;106;225;209;land;false;plains;1
3917;182;106;218;land;false;hills;1
3918;202;156;235;land;false;plains;1
3919;157;153;210;land;false;plains;1
3920;66;240;222;land;false;plains;1
3921;202;96;243;land;false;plains;1
3922;246;164;160;land;false;plains;1
3923;220;207;188;land;false;plains;1
3924;98;216;235;land;false;desert;1
3925;170;200;193;land;false;hills;1
3926;240;197;195;land;false;plains;1
3927;137;242;157;land;false;plains;1
3928;205;222;153;land;false;plains;1
3929;136;181;244;land;false;urban;1
3930;230;167;245;land;false;plains;1
3931;73;238;242;land;false;plains;1
3932;164;244;251;land;true;plains;1
3933;202;191;251;land;false;plains;1
3934;160;149;208;land;false;plains;1
3935;126;154;245;land;false;plains;1
3936;114;211;221;land;false;plains;1
3937;173;192;185;land;false;plains;1
3938;209;253;241;land;false;urban;1
3939;254;206;211;land;false;desert;1
3940;210;198;142;land;false;plains;1
3941;229;231;251;land;false;desert;1
3942;238;140;230;land;false;hills;1
3943;165;139;249;land;false;plains;1
3944;213;194;234;land;false;hills;1
3945;234;207;196;land;false;plains;1
3946;210;177;212;land;false;plains;1
3947;239;136;157;land;false;desert;1
3948;209;235;85;land;false;desert;1
3949;172;123;220;land;false;plains;1
3950;111;204;197;land;false;plains;1
3951;190;227;194;land;false;desert;1
3952;234;129;191;land;false;plains;1
3953;176;225;163;land;false;plains;1
3954;223;183;173;land;false;plains;1
3955;93;189;226;land;false;plains;1
3956;204;254;121;land;false;desert;1
3957;187;137;229;land;false;desert;1
3958;197;236;142;land;false;desert;1
3959;215;104;193;land;false;plains;1
3960;109;167;240;land;false;plains;1
3961;153;247;228;land;false;plains;1
3962;217;168;204;land;false;plains;1
3963;168;209;147;land;false;plains;1
3964;234;74;237;land;false;plains;1
3965;213;196;219;land;false;desert;1
3966;214;79;254;land;false;plains;1
3967;171;246;91;land;false;desert;1
3968;198;123;224;land;false;plains;1
3969;160;116;231;land;false;forest;1
3970;151;152;237;land;false;plains;1
3971;209;156;153;land;false;plains;1
3972;214;133;225;land;false;urban;1
3973;220;210;86;land;false;plains;1
3974;194;212;244;land;false;plains;1
3975;211;171;121;land;false;plains;1
3976;146;208;195;land;false;plains;1
3977;173;209;202;land;false;plains;1
3978;241;196;107;land;false;forest;1
3979;226;248;32;land;false;plains;1
3980;153;201;212;land;false;plains;1
3981;198;183;161;land;false;plains;1
3982;252;142;170;land;false;plains;1
3983;253;219;111;land;false;plains;1
3984;182;248;130;land;true;plains;1
3985;242;210;195;land;false;plains;1
3986;222;145;232;land;false;jungle;1
3987;172;116;242;land;false;forest;1
3988;185;217;228;land;false;hills;1
3989;202;200;134;land;false;plains;1
3990;239;26;238;land;false;desert;1
3991;101;154;251;land;false;plains;1
3992;213;232;175;land;false;plains;1
3993;219;240;134;land;false;plains;1
3994;218;206;169;land;false;plains;1
3995;135;168;211;land;false;plains;1
3996;243;207;210;land;false;plains;1
3997;210;247;177;land;false;plains;1
3998;250;253;128;land;false;plains;1
3999;240;100;195;land;false;plains;1
4000;215;144;156;land;false;plains;1
4001;193;126;205;land;false;plains;1
4002;53;235;247;land;false;plains;1
4003;219;149;237;land;false;plains;1
4004;241;71;218;land;false;plains;1
4005;33;248;230;land;false;plains;1
4006;234;219;164;land;false;plains;1
4007;243;181;87;land;false;plains;1
4008;177;249;197;land;false;desert;1
4009;167;247;104;land;false;plains;1
4010;213;244;166;land;false;desert;1
4011;146;249;254;land;false;plains;1
4012;244;152;135;land;false;plains;1
4013;241;175;159;land;false;plains;1
4014;175;219;141;land;false;plains;1
4015;206;206;200;land;false;desert;1
4016;73;231;238;land;false;jungle;1
4017;247;254;127;land;false;plains;1
4018;210;206;183;land;false;plains;1
4019;171;97;245;land;false;hills;1
4020;240;183;118;land;true;plains;1
4021;156;178;249;land;false;plains;1
4022;192;153;160;land;false;plains;1
4023;177;236;136;land;false;plains;1
4024;119;236;241;land;false;desert;1
4025;192;96;244;land;false;plains;1
4026;213;198;95;land;false;desert;1
4027;211;216;203;land;false;plains;1
4028;144;223;169;land;false;hills;1
4029;125;242;156;land;false;plains;1
4030;237;252;206;land;false;hills;1
4031;175;184;164;land;false;desert;1
4032;155;141;230;land;false;plains;1
4033;108;226;171;land;false;plains;1
4034;254;25;242;land;true;plains;1
4035;167;220;238;land;false;plains;1
4036;251;198;77;land;true;plains;1
4037;237;219;61;land;false;plains;1
4038;195;178;138;land;true;plains;1
4039;161;237;143;land;false;plains;1
4040;203;220;144;land;false;desert;1
4041;152;249;243;land;false;forest;1
4042;71;245;249;land;false;plains;1
4043;214;193;129;land;false;forest;1
4044;174;151;198;land;false;plains;1
4045;246;222;165;land;false;plains;1
4046;252;237;65;land;false;plains;1
4047;229;132;152;land;false;plains;1
4048;235;169;206;land;true;plains;1
4049;205;85;223;land;false;plains;1
4050;125;251;202;land;false;plains;1
4051;165;168;210;land;false;plains;1
4052;226;53;243;land;true;plains;1
4053;158;247;207;land;false;plains;1
4054;109;196;200;land;false;desert;1
4055;247;89;201;land;false;plains;1
4056;192;165;168;land;false;plains;1
4057;245;175;187;land;false;plains;1
4058;217;210;78;land;true;plains;1
4059;203;220;123;land;false;plains;1
4060;192;137;237;land;false;plains;1
4061;177;205;122;land;false;plains;1
4062;137;213;215;land;false;plains;1
4063;191;133;190;land;true;plains;1
4064;223;232;150;land;false;plains;1
4065;164;132;215;land;false;plains;1
4066;196;108;236;land;false;desert;1
4067;192;122;194;land;false;plains;1
4068;250;223;243;land;false;plains;1
4069;253;236;111;land;false;plains;1
4070;174;224;112;land;false;plains;1
4071;142;216;176;land;false;plains;1
4072;174;245;200;land;false;desert;1
4073;241;238;33;land;true;plains;1
4074;140;219;152;land;false;plains;1
4075;206;139;198;land;false;plains;1
4076;172;248;108;land;true;plains;1
4077;180;184;249;land;false;forest;1
4078;116;239;222;land;false;plains;1
4079;174;156;186;land;false;plains;1
4080;229;228;250;land;false;plains;1
4081;205;148;170;land;false;plains;1
4082;118;251;166;land;false;plains;1
4083;207;147;194;land;false;plains;1
4084;183;135;186;land;false;plains;1
4085;231;100;211;land;false;plains;1
4086;177;191;239;land;false;plains;1
4087;213;168;167;land;false;plains;1
4088;244;145;232;land;false;plains;1
4089;172;163;199;land;true;plains;1
4090;166;215;148;land;false;plains;1
4091;167;208;183;land;false;plains;1
4092;241;153;214;land;false;plains;1
4093;120;176;209;land;false;urban;1
4094;150;227;149;land;false;desert;1
4095;133;220;177;land;false;plains;1
4096;220;190;165;land;false;plains;1
4097;161;200;252;land;false;plains;1
4098;97;209;213;land;true;plains;1
4099;234;185;108;land;false;plains;1
4100;167;235;222;land;false;plains;1
4101;236;20;250;land;false;desert;1
4102;234;171;150;land;false;plains;1
4103;200;127;225;land;false;plains;1
4104;251;137;172;land;false;plains;1
4105;107;231;246;land;false;hills;1
4106;229;221;177;land;true;plains;1
4107;238;95;231;land;false;urban;1
4108;126;246;159;land;false;plains;1
4109;209;45;248;land;false;plains;1
4110;218;170;212;land;false;plains;1
4111;203;182;236;land;false;urban;1
4112;244;221;57;land;false;plains;1
4113;187;81;236;land;false;plains;1
4114;143;141;252;land;false;plains;1
4115;248;124;133;land;false;plains;1
4116;229;173;170;land;false;plains;1
4117;119;138;244;land;false;plains;1
4118;150;165;237;land;false;desert;1
4119;225;150;211;land;false;plains;1
4120;235;234;251;land;false;plains;1
4121;238;246;39;land;false;plains;1
4122;206;96;251;land;false;desert;1
4123;191;234;205;land;false;plains;1
4124;147;208;193;land;false;plains;1
4125;169;244;195;land;false;plains;1
4126;163;152;249;land;false;desert;1
4127;208;172;189;land;false;plains;1
4128;215;106;212;land;false;plains;1
4129;189;179;223;land;false;plains;1
4130;136;230;218;land;false;plains;1
4131;233;234;92;land;false;desert;1
4132;150;163;212;land;false;plains;1
4133;211;133;193;land;false;plains;1
4134;252;148;149;land;false;plains;1
4135;242;241;146;land;true;plains;1
4136;182;115;235;land;true;plains;1
4137;196;204;190;land;false;plains;1
4138;210;125;223;land;false;desert;1
4139;186;218;166;land;false;plains;1
4140;157;216;251;land;true;plains;1
4141;224;122;178;land;false;plains;1
4142;227;224;183;land;false;plains;1
4143;188;196;155;land;false;desert;1
4144;188;202;219;land;false;desert;1
4145;71;253;226;land;false;plains;1
4146;57;251;235;land;false;plains;1
4147;248;28;239;land;false;plains;1
4148;230;236;187;land;true;plains;1
4149;250;254;121;land;false;plains;1
4150;251;131;183;land;true;plains;1
4151;225;156;141;land;false;plains;1
4152;252;242;56;land;false;plains;1
4153;88;239;179;land;false;hills;1
4154;195;220;94;land;false;desert;1
4155;250;214;114;land;false;desert;1
4156;164;206;226;land;false;plains;1
4157;229;226;50;land;false;plains;1
4158;213;243;109;land;false;plains;1
4159;196;201;222;land;false;plains;1
4160;177;182;191;land;false;forest;1
4161;151;144;239;land;false;plains;1
4162;215;146;228;land;false;plains;1
4163;207;169;136;land;false;plains;1
4164;122;139;253;land;false;desert;1
4165;176;154;244;land;false;plains;1
4166;233;234;210;land;false;plains;1
4167;236;43;248;land;true;plains;1
4168;224;212;131;land;false;forest;1
4169;194;254;176;land;false;plains;1
4170;180;173;233;land;true;plains;1
4171;224;105;211;land;false;plains;1
4172;210;138;158;land;false;plains;1
4173;252;235;207;land;false;plains;1
4174;221;193;244;land;false;plains;1
4175;239;127;246;land;false;plains;1
4176;104;239;202;land;false;plains;1
4177;227;205;78;land;false;plains;1
4178;79;232;236;land;false;plains;1
4179;243;244;113;land;false;forest;1
4180;65;248;243;land;false;desert;1
4181;33;243;238;land;false;hills;1
4182;173;145;224;land;false;plains;1
4183;162;230;196;land;false;plains;1
4184;153;224;163;land;false;plains;1
4185;215;127;176;land;false;desert;1
4186;226;141;217;land;false;desert;1
4187;227;187;98;land;false;plains;1
4188;205;171;150;land;false;plains;1
4189;144;243;174;land;false;plains;1
4190;135;231;140;land;false;plains;1
4191;221;208;145;land;false;jungle;1
4192;195;114;201;land;false;plains;1
4193;232;201;150;land;false;forest;1
4194;162;236;137;land;false;forest;1
4195;227;252;42;land;false;desert;1
4196;237;237;99;land;false;desert;1
4197;178;210;138;land;true;plains;1
4198;184;229;121;land;true;plains;1
4199;238;111;232;land;false;plains;1
4200;245;156;125;land;false;plains;1
4201;254;84;232;land;false;plains;1
4202;221;240;130;land;false;plains;1
4203;240;95;229;land;false;desert;1
4204;182;208;168;land;false;desert;1
4205;152;208;226;land;false;plains;1
4206;213;196;153;land;true;plains;1
4207;158;238;189;land;false;plains;1
4208;225;74;254;land;false;desert;1
4209;79;238;241;land;false;mountain;1
4210;194;215;204;land;false;plains;1
4211;207;221;182;land;false;plains;1
4212;114;198;218;land;true;plains;1
4213;252;212;82;land;false;plains;1
4214;195;223;142;land;false;plains;1
4215;232;50;219;land;false;plains;1
4216;190;149;196;land;false;plains;1
4217;246;234;97;land;false;plains;1
4218;238;132;208;land;false;plains;1
4219;139;248;137;land;false;plains;1
4220;215;141;157;land;false;hills;1
4221;149;202;203;land;false;plains;1
4222;166;220;250;land;false;desert;1
4223;113;164;241;land;false;plains;1
4224;111;181;226;land;false;plains;1
4225;233;41;238;land;false;desert;1
4226;154;250;139;land;false;plains;1
4227;185;177;157;land;true;plains;1
4228;219;177;208;land;false;plains;1
4229;243;187;233;land;false;plains;1
4230;39;254;237;land;false;plains;1
4231;233;227;214;land;false;plains;1
4232;204;199;241;land;false;desert;1
4233;240;196;182;land;true;forest;1
4234;225;244;228;land;false;plains;1
4235;87;198;226;land;false;plains;1
4236;224;207;143;land;false;plains;1
4237;185;253;140;land;false;plains;1
4238;242;158;205;land;false;plains;1
4239;241;186;141;land;false;desert;1
4240;202;162;198;land;false;plains;1
4241;175;193;248;land;true;plains;1
4242;191;149;219;land;false;plains;1
4243;190;242;252;land;false;plains;1
4244;205;141;165;land;false;forest;1
4245;252;172;187;land;false;plains;1
4246;202;109;249;land;false;plains;1
4247;149;167;247;land;false;plains;1
4248;231;59;236;land;false;plains;1
4249;136;214;206;land;false;urban;1
4250;253;161;184;land;false;plains;1
4251;114;215;193;land;false;forest;1
4252;135;195;217;land;false;desert;1
4253;161;121;221;land;false;plains;1
4254;137;227;200;land;false;plains;1
4255;16;252;238;land;false;desert;1
4256;206;184;230;land;false;plains;1
4257;194;125;231;land;false;hills;1
4258;161;162;211;land;false;plains;1
4259;140;172;201;land;false;plains;1
4260;148;227;223;land;false;plains;1
4261;214;193;186;land;false;desert;1
4262;159;197;225;land;false;plains;1
4263;169;220;201;land;false;plains;1
4264;177;181;155;land;false;hills;1
4265;218;238;171;land;false;plains;1
4266;254;163;188;land;false;plains;1
4267;244;145;207;land;false;plains;1
4268;231;48;238;land;false;plains;1
4269;216;189;104;land;false;forest;1
4270;194;227;159;land;false;hills;1
4271;223;169;143;land;false;plains;1
4272;120;220;172;land;false;plains;1
4273;82;234;201;land;true;plains;1
4274;235;190;164;land;false;plains;1
4275;189;252;123;land;false;desert;1
4276;202;196;192;land;false;forest;1
4277;198;248;145;land;false;plains;1
4278;103;231;210;land;false;plains;1
4279;214;214;231;land;false;plains;1
4280;220;151;179;land;false;plains;1
4281;233;179;102;land;false;plains;1
4282;176;212;189;land;false;plains;1
4283;254;90;194;land;false;plains;1
4284;209;232;244;land;false;plains;1
4285;237;221;59;land;false;plains;1
4286;194;196;229;land;false;plains;1
4287;132;180;204;land;false;plains;1
4288;224;102;205;land;true;plains;1
4289;215;81;239;land;false;desert;1
4290;235;157;204;land;false;plains;1
4291;192;165;222;land;false;plains;1
4292;223;246;127;land;true;plains;1
4293;219;121;166;land;false;desert;1
4294;170;211;178;land;false;hills;1
4295;158;164;212;land;false;plains;1
4296;183;208;204;land;false;plains;1
4297;186;136;244;land;false;plains;1
4298;230;193;245;land;true;plains;1
4299;142;196;247;land;false;plains;1
4300;120;226;225;land;false;forest;1
4301;171;189;206;land;false;plains;1
4302;120;216;247;land;false;plains;1
4303;207;189;247;land;false;plains;1
4304;150;247;210;land;false;plains;1
4305;245;115;182;land;false;desert;1
4306;161;143;212;land;false;plains;1
4307;83;229;251;land;false;plains;1
4308;164;182;176;land;false;hills;1
4309;206;144;248;land;false;plains;1
4310;209;245;136;land;false;plains;1
4311;226;243;195;land;false;plains;1
4312;243;69;205;land;false;forest;1
4313;221;89;194;land;false;plains;1
4314;62;212;236;land;false;forest;1
4315;140;234;213;land;false;hills;1
4316;229;148;226;land;false;plains;1
4317;215;220;81;land;false;plains;1
4318;200;238;125;land;false;plains;1
4319;98;173;235;land;false;plains;1
4320;158;143;217;land;false;plains;1
4321;223;160;138;land;false;plains;1
4322;245;82;204;land;true;plains;1
4323;239;152;228;land;false;plains;1
4324;245;246;125;land;false;plains;1
4325;129;185;203;land;false;plains;1
4326;246;194;189;land;false;plains;1
4327;251;14;237;land;false;plains;1
4328;103;250;254;land;false;desert;1
4329;214;83;222;land;false;plains;1
4330;225;147;236;land;false;plains;1
4331;251;219;174;land;false;plains;1
4332;201;191;244;land;false;plains;1
4333;86;245;207;land;false;plains;1
4334;144;182;201;land;false;forest;1
4335;186;246;205;land;false;plains;1
4336;220;201;188;land;false;plains;1
4337;56;211;238;land;false;plains;1
4338;194;227;118;land;true;plains;1
4339;175;248;231;land;false;desert;1
4340;230;229;93;land;false;plains;1
4341;202;199;179;land;false;plains;1
4342;91;244;174;land;true;plains;1
4343;241;195;244;land;false;plains;1
4344;211;123;205;land;false;plains;1
4345;247;192;162;land;false;plains;1
4346;146;250;140;land;false;desert;1
4347;206;226;110;land;false;plains;1
4348;126;200;209;land;false;plains;1
4349;238;208;89;land;false;plains;1
4350;146;146;223;land;false;plains;1
4351;187;251;175;land;false;desert;1
4352;43;239;226;land;false;plains;1
4353;154;220;127;land;true;plains;1
4354;212;176;250;land;false;plains;1
4355;221;129;212;land;false;plains;1
4356;171;252;97;land;false;plains;1
4357;161;202;214;land;false;plains;1
4358;239;204;72;land;false;desert;1
4359;196;227;91;land;false;plains;1
4360;213;221;161;land;false;forest;1
4361;230;232;94;land;false;plains;1
4362;250;111;220;land;false;plains;1
4363;241;171;110;land;false;plains;1
4364;207;212;241;land;false;mountain;1
4365;187;197;153;land;false;plains;1
4366;251;221;91;land;false;mountain;1
4367;232;244;134;land;false;plains;1
4368;239;231;248;land;false;plains;1
4369;225;199;128;land;false;plains;1
4370;180;236;162;land;false;forest;1
4371;201;189;245;land;false;plains;1
4372;226;175;219;land;false;desert;1
4373;210;153;236;land;false;desert;1
4374;81;197;233;land;false;plains;1
4375;139;237;235;land;false;plains;1
4376;223;196;112;land;true;plains;1
4377;161;156;250;land;true;plains;1
4378;139;252;174;land;false;urban;1
4379;137;160;216;land;false;plains;1
4380;100;231;183;land;false;plains;1
4381;223;217;106;land;false;plains;1
4382;241;234;215;land;false;desert;1
4383;52;223;239;land;false;plains;1
4384;190;254;232;land;true;plains;1
4385;201;142;158;land;false;plains;1
4386;151;202;177;land;false;plains;1
4387;251;224;44;land;false;plains;1
4388;221;170;178;land;false;plains;1
4389;79;185;239;land;false;plains;1
4390;193;228;90;land;false;plains;1
4391;225;42;239;land;true;urban;1
4392;245;208;225;land;true;plains;1
4393;244;69;197;land;false;plains;1
4394;218;94;236;land;true;plains;1
4395;171;112;240;land;false;plains;1
4396;177;218;115;land;false;plains;1
4397;180;186;204;land;false;desert;1
4398;210;119;237;land;false;plains;1
4399;252;143;214;land;false;plains;1
4400;245;96;180;land;false;plains;1
4401;125;242;145;land;false;forest;1
4402;204;149;149;land;false;plains;1
4403;81;241;210;land;false;plains;1
4404;219;183;163;land;false;plains;1
4405;198;92;238;land;false;desert;1
4406;212;230;162;land;false;plains;1
4407;201;191;194;land;false;plains;1
4408;100;227;242;land;false;desert;1
4409;180;178;211;land;false;plains;1
4410;207;135;196;land;true;plains;1
4411;199;195;206;land;false;plains;1
4412;208;192;143;land;false;plains;1
4413;247;222;34;land;false;plains;1
4414;198;203;230;land;false;plains;1
4415;218;231;163;land;false;plains;1
4416;233;102;224;land;false;plains;1
4417;223;178;110;land;true;plains;1
4418;162;247;98;land;false;desert;1
4419;254;125;176;land;false;plains;1
4420;202;208;195;land;false;hills;1
4421;241;93;195;land;false;plains;1
4422;174;128;241;land;false;plains;1
4423;219;152;154;land;false;plains;1
4424;234;245;59;land;true;plains;1
4425;109;174;249;land;false;plains;1
4426;65;227;240;land;false;plains;1
4427;245;233;138;land;false;plains;1
4428;227;173;236;land;false;desert;1
4429;129;222;199;land;false;plains;1
4430;184;79;246;land;false;plains;1
4431;183;253;140;land;false;plains;1
4432;218;211;231;land;false;plains;1
4433;226;230;87;land;true;plains;1
4434;235;231;194;land;false;plains;1
4435;207;130;175;land;false;plains;1
4436;143;194;184;land;true;plains;1
4437;215;180;248;land;false;mountain;1
4438;178;247;83;land;false;plains;1
4439;119;207;183;land;false;plains;1
4440;187;248;196;land;false;plains;1
4441;216;230;188;land;false;plains;1
4442;173;189;246;land;false;plains;1
4443;202;182;200;land;false;desert;1
4444;139;188;181;land;false;plains;1
4445;147;224;156;land;false;plains;1
4446;245;188;247;land;false;plains;1
4447;246;247;81;land;false;desert;1
4448;220;145;147;land;false;desert;1
4449;250;119;166;land;false;hills;1
4450;144;183;189;land;false;desert;1
4451;253;61;239;land;false;plains;1
4452;188;158;201;land;false;plains;1
4453;236;163;225;land;false;plains;1
4454;218;177;223;land;false;plains;1
4455;55;224;246;land;false;desert;1
4456;79;205;236;land;false;plains;1
4457;239;171;160;land;false;plains;1
4458;227;211;183;land;false;mountain;1
4459;111;240;193;land;false;plains;1
4460;197;170;226;land;false;plains;1
4461;162;151;196;land;false;desert;1
4462;188;240;183;land;false;plains;1
4463;238;80;201;land;false;plains;1
4464;99;228;238;land;false;plains;1
4465;149;157;236;land;false;plains;1
4466;200;252;246;land;true;plains;1
4467;242;248;33;land;false;desert;1
4468;44;250;213;land;false;desert;1
4469;186;198;150;land;false;plains;1
4470;222;153;202;land;false;desert;1
4471;208;134;170;land;false;plains;1
4472;247;138;177;land;true;plains;1
4473;92;181;239;land;false;desert;1
4474;182;161;254;land;false;plains;1
4475;181;237;97;land;false;desert;1
4476;127;249;206;land;false;plains;1
4477;227;144;144;land;false;desert;1
4478;196;189;182;land;false;plains;1
4479;244;89;220;land;false;plains;1
4480;231;241;179;land;false;plains;1
4481;153;215;157;land;false;plains;1
4482;250;229;67;land;true;plains;1
4483;249;173;235;land;false;plains;1
4484;169;236;159;land;false;desert;1
4485;232;199;101;land;false;desert;1
4486;66;248;253;land;false;urban;1
4487;166;143;196;land;false;desert;1
4488;176;197;195;land;false;desert;1
4489;242;243;92;land;false;plains;1
4490;238;64;234;land;false;plains;1
4491;250;83;251;land;false;forest;1
4492;116;251;238;land;false;plains;1
4493;168;115;229;land;false;desert;1
4494;175;151;209;land;false;desert;1
4495;210;82;248;land;false;plains;1
4496;86;240;224;land;true;plains;1
4497;151;230;241;land;false;plains;1
4498;153;252;158;land;false;plains;1
4499;191;234;161;land;false;plains;1
4500;178;172;153;land;true;plains;1
4501;243;234;204;land;false;plains;1
4502;238;203;238;land;false;plains;1
4503;133;237;169;land;false;plains;1
4504;198;161;170;land;false;plains;1
4505;213;141;237;land;false;plains;1
4506;245;250;18;land;false;plains;1
4507;210;181;245;land;false;plains;1
4508;233;104;166;land;false;forest;1
4509;157;198;235;land;false;plains;1
4510;136;215;162;land;false;urban;1
4511;183;156;186;land;false;urban;1
4512;209;184;119;land;false;plains;1
4513;232;189;97;land;true;plains;1
4514;198;240;179;land;false;plains;1
4515;237;158;201;land;false;desert;1
4516;252;224;55;land;false;desert;1
4517;105;224;254;land;false;plains;1
4518;241;252;27;land;false;plains;1
4519;176;173;217;land;true;plains;1
4520;225;126;250;land;true;plains;1
4521;243;215;114;land;false;plains;1
4522;175;245;168;land;false;plains;1
4523;232;199;191;land;false;plains;1
4524;196;179;196;land;false;plains;1
4525;223;221;240;land;false;plains;1
4526;212;213;199;land;false;plains;1
4527;57;250;241;land;false;plains;1
4528;249;225;91;land;false;plains;1
4529;155;231;216;land;false;plains;1
4530;100;239;182;land;false;desert;1
4531;229;168;235;land;false;desert;1
4532;111;203;247;land;false;plains;1
4533;236;207;248;land;false;desert;1
4534;154;229;191;land;false;plains;1
4535;227;173;147;land;false;plains;1
4536;172;188;249;land;false;plains;1
4537;240;217;98;land;false;plains;1
4538;251;138;220;land;false;plains;1
4539;225;254;181;land;false;plains;1
4540;215;83;232;land;false;plains;1
4541;239;196;195;land;false;plains;1
4542;221;239;245;land;false;plains;1
4543;183;116;227;land;false;plains;1
4544;240;220;116;land;false;plains;1
4545;229;164;197;land;false;desert;1
4546;220;247;217;land;false;plains;1
4547;206;247;180;land;false;plains;1
4548;235;121;187;land;false;plains;1
4549;172;145;235;land;false;desert;1
4550;226;253;69;land;false;plains;1
4551;218;212;106;land;false;plains;1
4552;229;243;126;land;false;desert;1
4553;242;223;72;land;false;desert;1
4554;233;111;174;land;false;desert;1
4555;121;210;202;land;false;plains;1
4556;228;186;173;land;false;plains;1
4557;214;236;157;land;false;plains;1
4558;253;55;194;land;false;plains;1
4559;252;161;179;land;false;plains;1
4560;69;245;208;land;false;plains;1
4561;191;155;174;land;false;plains;1
4562;223;240;89;land;false;plains;1
4563;157;210;238;land;false;plains;1
4564;238;173;220;land;false;forest;1
4565;76;248;178;land;false;forest;1
4566;222;214;202;land;false;plains;1
4567;143;248;139;land;false;plains;1
4568;143;243;216;land;false;plains;1
4569;242;187;231;land;false;plains;1
4570;223;241;145;land;false;plains;1
4571;236;241;30;land;false;forest;1
4572;181;210;186;land;false;hills;1
4573;251;230;85;land;false;plains;1
4574;118;202;250;land;false;plains;1
4575;210;214;146;land;false;plains;1
4576;127;210;208;land;true;plains;1
4577;98;235;201;land;false;plains;1
4578;214;148;172;land;false;plains;1
4579;248;22;246;land;false;desert;1
4580;248;205;182;land;false;plains;1
4581;231;192;138;land;false;hills;1
4582;156;121;248;land;true;plains;1
4583;101;166;245;land;false;forest;1
4584;241;216;225;land;false;plains;1
4585;241;149;155;land;false;plains;1
4586;189;225;179;land;false;plains;1
4587;216;222;84;land;false;plains;1
4588;6;252;244;land;false;desert;1
4589;174;220;157;land;false;plains;1
4590;216;196;177;land;false;plains;1
4591;246;98;243;land;false;plains;1
4592;174;238;214;land;false;forest;1
4593;239;28;246;land;false;plains;1
4594;235;97;175;land;false;plains;1
4595;225;55;230;land;false;plains;1
4596;51;237;244;land;false;plains;1
4597;168;132;250;land;false;desert;1
4598;188;191;204;land;false;plains;1
4599;241;244;21;land;false;plains;1
4600;253;57;199;land;false;plains;1
4601;240;60;236;land;false;plains;1
4602;250;183;224;land;false;plains;1
4603;233;127;246;land;false;plains;1
4604;132;188;250;land;false;plains;1
4605;229;125;195;land;false;plains;1
4606;149;176;194;land;false;plains;1
4607;147;232;130;land;false;desert;1
4608;127;217;201;land;false;desert;1
4609;113;186;202;land;false;plains;1
4610;248;120;137;land;false;hills;1
4611;165;252;152;land;false;plains;1
4612;217;137;200;land;false;forest;1
4613;187;139;190;land;false;plains;1
4614;241;199;251;land;false;plains;1
4615;196;197;113;land;false;plains;1
4616;179;200;140;land;false;plains;1
4617;232;234;133;land;false;plains;1
4618;251;95;223;land;false;plains;1
4619;228;213;72;land;false;plains;1
4620;209;185;149;land;false;plains;1
4621;246;225;120;land;false;desert;1
4622;222;97;193;land;false;desert;1
4623;204;92;214;land;false;plains;1
4624;195;153;194;land;false;forest;1
4625;113;236;251;land;false;plains;1
4626;177;148;254;land;false;plains;1
4627;167;214;151;land;false;plains;1
4628;175;230;108;land;false;plains;1
4629;252;185;108;land;false;plains;1
4630;111;187;238;land;false;plains;1
4631;211;140;173;land;false;plains;1
4632;171;198;159;land;false;plains;1
4633;121;211;213;land;false;plains;1
4634;146;218;203;land;false;plains;1
4635;246;214;126;land;false;plains;1
4636;189;245;182;land;false;plains;1
4637;155;221;166;land;false;desert;1
4638;242;202;82;land;false;plains;1
4639;220;75;247;land;false;plains;1
4640;196;132;190;land;false;urban;1
4641;208;238;134;land;false;plains;1
4642;225;104;202;land;true;plains;1
4643;203;239;202;land;false;plains;1
4644;130;204;191;land;false;desert;1
4645;217;253;167;land;false;plains;1
4646;244;79;246;land;false;urban;1
4647;158;251;157;land;false;plains;1
4648;112;184;221;land;true;plains;1
4649;220;236;169;land;false;plains;1
4650;140;220;169;land;false;plains;1
4651;172;137;225;land;false;plains;1
4652;231;169;143;land;false;plains;1
4653;243;194;152;land;false;plains;1
4654;212;232;60;land;false;plains;1
4655;146;183;194;land;false;plains;1
4656;202;243;251;land;false;desert;1
4657;133;186;241;land;false;plains;1
4658;148;240;180;land;false;hills;1
4659;148;241;125;land;false;plains;1
4660;217;158;219;land;false;plains;1
4661;185;171;181;land;false;plains;1
4662;191;194;254;land;false;plains;1
4663;181;106;234;land;false;forest;1
4664;81;253;219;land;false;plains;1
4665;163;241;244;land;false;plains;1
4666;234;120;194;land;false;plains;1
4667;149;132;244;land;false;desert;1
4668;173;132;206;land;false;desert;1
4669;206;69;249;land;false;plains;1
4670;213;160;144;land;false;desert;1
4671;190;218;191;land;false;plains;1
4672;213;144;191;land;false;plains;1
4673;232;200;71;land;false;desert;1
4674;211;239;183;land;false;plains;1
4675;187;189;237;land;false;desert;1
4676;162;226;181;land;false;plains;1
4677;233;229;210;land;false;plains;1
4678;232;210;223;land;false;plains;1
4679;227;173;254;land;false;plains;1
4680;157;200;234;land;false;plains;1
4681;191;246;186;land;true;plains;1
4682;186;195;168;land;false;plains;1
4683;120;167;230;land;false;plains;1
4684;239;126;179;land;false;desert;1
4685;162;136;231;land;false;plains;1
4686;190;195;231;land;false;urban;1
4687;237;187;83;land;false;desert;1
4688;65;233;209;land;false;plains;1
4689;230;207;223;land;false;plains;1
4690;175;202;166;land;true;plains;1
4691;216;200;155;land;false;plains;1
4692;211;228;81;land;false;plains;1
4693;229;90;192;land;false;plains;1
4694;180;229;243;land;false;jungle;1
4695;207;147;155;land;false;desert;1
4696;208;108;200;land;false;desert;1
4697;154;140;238;land;false;plains;1
4698;153;213;201;land;false;desert;1
4699;203;208;205;land;false;hills;1
4700;117;196;252;land;false;desert;1
4701;120;249;189;land;false;plains;1
4702;132;202;206;land;false;plains;1
4703;216;151;170;land;false;plains;1
4704;200;244;62;land;false;plains;1
4705;252;195;194;land;true;plains;1
4706;156;108;244;land;false;plains;1
4707;206;198;189;land;false;plains;1
4708;226;100;226;land;false;desert;1
4709;240;175;126;land;false;plains;1
4710;217;213;137;land;false;plains;1
4711;139;244;253;land;false;plains;1
4712;131;221;203;land;false;plains;1
4713;139;151;238;land;true;plains;1
4714;228;158;157;land;false;forest;1
4715;205;142;179;land;false;desert;1
4716;183;105;219;land;false;plains;1
4717;223;177;160;land;false;plains;1
4718;250;195;254;land;false;plains;1
4719;157;216;233;land;false;plains;1
4720;241;83;195;land;false;desert;1
4721;246;252;67;land;false;forest;1
4722;233;149;247;land;false;plains;1
4723;214;150;140;land;false;plains;1
4724;237;230;250;land;false;plains;1
4725;164;233;113;land;false;desert;1
4726;83;208;212;land;false;desert;1
4727;156;160;231;land;false;plains;1
4728;216;196;228;land;true;plains;1
4729;126;208;180;land;false;desert;1
4730;210;212;229;land;false;desert;1
4731;189;239;232;land;false;urban;1
4732;225;233;52;land;false;desert;1
4733;171;166;187;land;false;plains;1
4734;186;99;250;land;false;mountain;1
4735;234;82;210;land;false;plains;1
4736;142;252;182;land;false;plains;1
4737;254;166;220;land;false;plains;1
4738;229;232;176;land;false;plains;1
4739;170;208;181;land;false;plains;1
4740;207;172;246;land;false;desert;1
4741;129;214;217;land;false;plains;1
4742;151;183;180;land;false;desert;1
4743;226;68;251;land;false;plains;1
4744;129;233;189;land;false;plains;1
4745;248;226;62;land;false;plains;1
4746;244;204;92;land;false;desert;1
4747;252;227;220;land;false;plains;1
4748;252;237;95;land;true;plains;1
4749;200;235;77;land;false;plains;1
4750;49;237;225;land;true;plains;1
4751;105;226;185;land;false;plains;1
4752;252;120;184;land;false;desert;1
4753;198;240;209;land;false;plains;1
4754;165;246;234;land;true;plains;1
4755;214;226;106;land;false;plains;1
4756;213;193;169;land;false;urban;1
4757;196;166;221;land;false;plains;1
4758;231;185;179;land;false;plains;1
4759;226;127;249;land;false;plains;1
4760;96;214;239;land;false;plains;1
4761;154;225;221;land;true;plains;1
4762;106;205;242;land;false;plains;1
4763;198;144;188;land;false;desert;1
4764;166;141;206;land;false;plains;1
4765;235;62;244;land;false;hills;1
4766;130;209;247;land;true;plains;1
4767;208;218;81;land;false;plains;1
4768;85;254;238;land;false;plains;1
4769;204;109;190;land;true;plains;1
4770;232;189;213;land;false;plains;1
4771;168;88;251;land;false;plains;1
4772;214;144;143;land;false;plains;1
4773;207;251;61;land;false;plains;1
4774;154;213;224;land;false;plains;1
4775;231;172;227;land;false;plains;1
4776;209;192;120;land;false;plains;1
4777;231;232;214;land;false;plains;1
4778;228;146;169;land;false;plains;1
4779;117;198;209;land;false;plains;1
4780;206;158;145;land;false;plains;1
4781;249;204;122;land;false;forest;1
4782;128;134;248;land;false;plains;1
4783;253;18;230;land;false;plains;1
4784;119;224;236;land;false;hills;1
4785;230;61;239;land;false;plains;1
4786;135;148;247;land;false;plains;1
4787;212;238;132;land;false;plains;1
4788;193;172;216;land;false;plains;1
4789;140;231;236;land;false;plains;1
4790;251;221;97;land;false;plains;1
4791;235;67;246;land;false;plains;1
4792;126;211;253;land;false;plains;1
4793;103;228;246;land;false;plains;1
4794;130;235;250;land;true;plains;1
4795;223;192;188;land;false;plains;1
4796;237;198;201;land;false;desert;1
4797;230;159;144;land;false;plains;1
4798;237;253;248;land;false;forest;1
4799;140;208;167;land;false;plains;1
4800;164;147;219;land;false;plains;1
4801;246;205;122;land;false;plains;1
4802;230;175;100;land;false;plains;1
4803;236;191;96;land;false;plains;1
4804;175;239;92;land;false;plains;1
4805;119;173;211;land;false;plains;1
4806;254;235;181;land;false;plains;1
4807;250;160;213;land;false;plains;1
4808;202;230;158;land;false;plains;1
4809;232;241;69;land;true;plains;1
4810;158;221;159;land;true;plains;1
4811;213;76;234;land;false;desert;1
4812;179;188;238;land;false;mountain;1
4813;233;242;81;land;false;desert;1
4814;213;145;221;land;false;plains;1
4815;186;178;161;land;false;desert;1
4816;253;206;239;land;false;plains;1
4817;216;217;179;land;false;plains;1
4818;220;206;176;land;false;plains;1
4819;237;220;229;land;false;plains;1
4820;90;242;198;land;false;plains;1
4821;82;194;242;land;false;plains;1
4822;212;187;220;land;false;plains;1
4823;179;149;246;land;false;plains;1
4824;195;140;206;land;false;urban;1
4825;253;222;51;land;false;plains;1
4826;97;201;240;land;false;plains;1
4827;222;252;223;land;false;plains;1
4828;243;86;178;land;false;forest;1
4829;178;127;235;land;false;plains;1
4830;69;209;237;land;false;plains;1
4831;139;250;118;land;false;desert;1
4832;170;212;242;land;false;plains;1
4833;246;175;120;land;false;desert;1
4834;205;212;223;land;false;forest;1
4835;142;220;169;land;false;desert;1
4836;235;136;162;land;false;plains;1
4837;208;151;216;land;false;plains;1
4838;158;185;227;land;true;plains;1
4839;185;183;248;land;false;plains;1
4840;139;253;248;land;false;plains;1
4841;246;163;227;land;false;plains;1
4842;237;117;207;land;false;plains;1
4843;195;245;170;land;false;plains;1
4844;229;230;233;land;false;desert;1
4845;141;196;181;land;false;plains;1
4846;205;254;191;land;false;plains;1
4847;212;103;202;land;false;plains;1
4848;145;209;224;land;false;desert;1
4849;161;211;136;land;false;plains;1
4850;147;215;203;land;false;plains;1
4851;213;231;154;land;false;plains;1
4852;44;254;232;land;false;urban;1
4853;112;234;176;land;false;desert;1
4854;235;202;234;land;false;desert;1
4855;226;237;124;land;false;desert;1
4856;211;152;150;land;false;plains;1
4857;243;59;220;land;false;plains;1
4858;165;248;197;land;false;plains;1
4859;127;193;196;land;false;desert;1
4860;48;230;250;land;false;hills;1
4861;251;224;54;land;false;plains;1
4862;234;232;88;land;false;desert;1
4863;152;225;139;land;false;plains;1
4864;131;222;208;land;false;plains;1
4865;247;155;106;land;true;plains;1
4866;235;158;235;land;false;forest;1
4867;169;201;138;land;false;plains;1
4868;135;249;167;land;false;plains;1
4869;198;209;136;land;false;desert;1
4870;190;203;128;land;false;plains;1
4871;232;200;104;land;false;plains;1
4872;134;236;225;land;false;hills;1
4873;80;228;239;land;false;plains;1
4874;128;202;193;land;false;plains;1
4875;243;249;33;land;false;plains;1
4876;100;185;238;land;false;plains;1
4877;96;250;213;land;false;desert;1
4878;228;48;237;land;false;desert;1
4879;182;128;222;land;false;plains;1
4880;252;149;141;land;false;desert;1
4881;181;189;205;land;false;plains;1
4882;205;195;125;land;false;mountain;1
4883;233;178;234;land;false;plains;1
4884;234;119;237;land;false;plains;1
4885;160;173;248;land;false;plains;1
4886;186;239;133;land;false;plains;1
4887;178;232;105;land;false;plains;1
4888;225;109;249;land;false;plains;1
4889;86;238;219;land;false;plains;1
4890;195;191;124;land;false;plains;1
4891;192;174;204;land;false;desert;1
4892;217;71;237;land;true;plains;1
4893;205;189;133;land;false;plains;1
4894;152;251;249;land;false;plains;1
4895;153;244;132;land;false;plains;1
4896;215;116;173;land;false;forest;1
4897;146;212;211;land;false;forest;1
4898;153;250;149;land;false;desert;1
4899;220;136;175;land;false;plains;1
4900;241;221;70;land;false;plains;1
4901;234;229;61;land;false;forest;1
4902;137;162;220;land;false;plains;1
4903;158;243;100;land;false;plains;1
4904;252;203;91;land;false;plains;1
4905;172;238;198;land;false;forest;1
4906;235;144;194;land;false;desert;1
4907;254;138;208;land;false;plains;1
4908;226;73;232;land;false;plains;1
4909;228;200;199;land;false;plains;1
4910;205;246;56;land;false;desert;1
4911;225;143;206;land;false;hills;1
4912;151;208;241;land;false;plains;1
4913;195;245;236;land;false;plains;1
4914;176;206;142;land;false;plains;1
4915;176;188;215;land;false;plains;1
4916;220;234;90;land;false;plains;1
4917;41;235;238;land;false;plains;1
4918;241;164;113;land;false;plains;1
4919;229;211;91;land;false;plains;1
4920;250;164;229;land;true;plains;1
4921;183;142;225;land;false;plains;1
4922;192;126;202;land;false;plains;1
4923;224;212;251;land;false;plains;1
4924;114;181;222;land;false;plains;1
4925;129;253;244;land;true;plains;1
4926;208;167;173;land;false;plains;1
4927;208;242;156;land;false;plains;1
4928;73;220;253;land;false;plains;1
4929;179;148;210;land;false;plains;1
4930;191;243;234;land;false;plains;1
4931;203;120;198;land;false;plains;1
4932;251;186;171;land;false;plains;1
4933;224;240;123;land;false;plains;1
4934;208;210;236;land;false;plains;1
4935;237;109;183;land;false;forest;1
4936;121;213;218;land;false;plains;1
4937;158;253;238;land;true;plains;1
4938;243;243;37;land;false;plains;1
4939;123;216;169;land;false;plains;1
4940;199;202;184;land;false;desert;1
4941;227;220;99;land;false;plains;1
4942;187;137;247;land;false;plains;1
4943;226;97;203;land;false;marsh;1
4944;138;226;194;land;false;plains;1
4945;118;138;249;land;false;plains;1
4946;164;175;176;land;false;plains;1
4947;225;78;245;land;false;plains;1
4948;234;236;74;land;false;plains;1
4949;165;228;172;land;false;plains;1
4950;251;173;163;land;true;plains;1
4951;237;229;104;land;false;hills;1
4952;244;163;137;land;false;plains;1
4953;251;221;31;land;false;plains;1
4954;65;252;184;land;false;plains;1
4955;234;230;175;land;false;plains;1
4956;164;212;160;land;false;plains;1
4957;76;241;199;land;false;plains;1
4958;186;143;218;land;false;plains;1
4959;137;173;197;land;false;plains;1
4960;161;203;246;land;false;plains;1
4961;156;234;113;land;false;plains;1
4962;247;224;44;land;false;plains;1
4963;225;103;245;land;false;hills;1
4964;228;253;149;land;false;plains;1
4965;253;144;210;land;false;plains;1
4966;241;213;207;land;false;plains;1
4967;198;246;198;land;false;plains;1
4968;169;172;198;land;false;plains;1
4969;69;235;222;land;false;plains;1
4970;70;197;239;land;false;desert;1
4971;111;248;158;land;false;plains;1
4972;67;202;250;land;false;plains;1
4973;247;245;215;land;true;plains;1
4974;180;136;195;land;false;plains;1
4975;201;239;211;land;false;plains;1
4976;133;245;235;land;false;plains;1
4977;245;181;147;land;false;desert;1
4978;122;170;248;land;false;plains;1
4979;141;211;248;land;false;desert;1
4980;92;194;216;land;false;desert;1
4981;93;220;241;land;false;plains;1
4982;149;251;185;land;false;plains;1
4983;207;247;65;land;false;plains;1
4984;175;127;227;land;false;desert;1
4985;177;216;246;land;false;plains;1
4986;234;130;243;land;false;plains;1
4987;239;74;190;land;false;plains;1
4988;212;93;228;land;false;forest;1
4989;98;254;247;land;false;plains;1
4990;254;120;186;land;false;desert;1
4991;199;253;78;land;false;plains;1
4992;198;240;203;land;false;mountain;1
4993;244;248;157;land;false;plains;1
4994;180;188;251;land;false;plains;1
4995;172;178;225;land;true;plains;1
4996;189;206;232;land;false;plains;1
4997;193;154;155;land;false;plains;1
4998;159;170;193;land;false;plains;1
4999;199;170;176;land;false;plains;1
5000;208;79;220;land;false;plains;1
5001;204;163;199;land;false;plains;1
5002;198;122;237;land;false;plains;1
5003;191;100;244;land;false;forest;1
5004;202;156;224;land;false;plains;1
5005;86;240;231;land;false;plains;1
5006;216;132;169;land;false;plains;1
5007;159;226;183;land;false;plains;1
5008;249;250;150;land;false;plains;1
5009;221;68;221;land;false;plains;1
5010;250;195;84;land;false;desert;1
5011;150;222;242;land;false;plains;1
5012;251;198;101;land;false;plains;1
5013;233;243;145;land;false;plains;1
5014;229;240;55;land;true;plains;1
5015;183;220;254;land;false;plains;1
5016;183;207;150;land;false;desert;1
5017;59;225;229;land;false;plains;1
5018;105;224;213;land;false;plains;1
5019;153;182;194;land;false;forest;1
5020;242;121;161;land;true;plains;1
5021;192;176;246;land;false;plains;1
5022;239;111;209;land;false;desert;1
5023;191;189;222;land;false;plains;1
5024;195;109;198;land;false;desert;1
5025;192;148;188;land;false;plains;1
5026;236;206;214;land;true;plains;1
5027;254;153;176;land;false;plains;1
5028;197;207;216;land;false;desert;1
5029;227;125;220;land;false;plains;1
5030;191;139;227;land;false;plains;1
5031;243;59;216;land;false;forest;1
5032;170;175;202;land;false;plains;1
5033;235;167;254;land;false;plains;1
5034;213;175;145;land;false;plains;1
5035;213;103;250;land;false;urban;1
5036;230;156;175;land;false;plains;1
5037;248;253;24;land;false;plains;1
5038;218;162;166;land;false;plains;1
5039;197;213;185;land;false;hills;1
5040;235;151;183;land;false;plains;1
5041;201;228;243;land;false;plains;1
5042;119;229;240;land;false;plains;1
5043;162;207;135;land;false;desert;1
5044;81;189;241;land;false;plains;1
5045;129;247;159;land;false;plains;1
5046;252;46;232;land;false;desert;1
5047;195;242;163;land;false;plains;1
5048;68;203;249;land;false;desert;1
5049;193;183;247;land;false;plains;1
5050;225;225;210;land;false;plains;1
5051;181;143;190;land;true;urban;1
5052;168;248;246;land;false;plains;1
5053;233;47;235;land;false;plains;1
5054;117;207;233;land;false;plains;1
5055;240;235;139;land;false;plains;1
5056;188;165;162;land;false;plains;1
5057;220;215;97;land;false;hills;1
5058;235;246;203;land;false;plains;1
5059;187;193;225;land;false;plains;1
5060;250;133;199;land;false;plains;1
5061;231;177;206;land;false;plains;1
5062;236;222;64;land;false;plains;1
5063;218;87;198;land;false;plains;1
5064;249;211;196;land;false;hills;1
5065;197;179;186;land;false;plains;1
5066;228;164;162;land;true;plains;1
5067;30;249;229;land;false;desert;1
5068;233;158;188;land;false;plains;1
5069;119;247;168;land;false;plains;1
5070;142;252;163;land;false;plains;1
5071;249;202;52;land;true;plains;1
5072;153;220;234;land;false;plains;1
5073;223;185;229;land;false;desert;1
5074;231;113;220;land;true;plains;1
5075;83;186;248;land;false;desert;1
5076;221;252;58;land;false;plains;1
5077;214;97;192;land;false;plains;1
5078;103;199;209;land;false;plains;1
5079;243;238;236;land;false;plains;1
5080;225;178;146;land;false;mountain;1
5081;168;215;223;land;false;plains;1
5082;138;253;180;land;false;plains;1
5083;206;248;222;land;false;plains;1
5084;228;132;146;land;false;plains;1
5085;66;229;247;land;false;plains;1
5086;104;201;209;land;false;plains;1
5087;115;180;206;land;false;plains;1
5088;177;211;217;land;false;plains;1
5089;119;188;195;land;false;plains;1
5090;201;213;184;land;false;plains;1
5091;194;213;250;land;false;forest;1
5092;195;169;177;land;false;plains;1
5093;228;129;204;land;false;plains;1
5094;211;134;204;land;false;plains;1
5095;225;205;154;land;false;plains;1
5096;183;220;187;land;false;plains;1
5097;138;161;242;land;false;desert;1
5098;254;229;192;land;true;plains;1
5099;247;228;139;land;false;plains;1
5100;246;214;136;land;false;forest;1
5101;189;196;214;land;false;plains;1
5102;117;223;219;land;false;plains;1
5103;187;224;213;land;false;plains;1
5104;201;236;191;land;false;plains;1
5105;248;62;223;land;false;plains;1
5106;211;198;253;land;false;plains;1
5107;242;84;244;land;false;urban;1
5108;83;214;229;land;false;plains;1
5109;36;251;251;land;false;mountain;1
5110;224;133;245;land;false;forest;1
5111;236;227;151;land;false;desert;1
5112;187;154;229;land;false;plains;1
5113;130;242;132;land;false;plains;1
5114;251;86;252;land;false;plains;1
5115;234;218;88;land;false;plains;1
5116;110;177;244;land;false;plains;1
5117;222;235;153;land;false;plains;1
5118;238;178;233;land;false;plains;1
5119;155;224;175;land;false;plains;1
5120;176;246;172;land;false;plains;1
5121;142;251;144;land;false;plains;1
5122;225;237;85;land;false;plains;1
5123;160;161;254;land;false;plains;1
5124;120;235;186;land;false;plains;1
5125;176;149;250;land;false;plains;1
5126;161;112;248;land;false;plains;1
5127;248;9;249;land;false;plains;1
5128;166;200;233;land;false;plains;1
5129;204;178;167;land;false;plains;1
5130;155;159;243;land;false;plains;1
5131;175;252;92;land;false;plains;1
5132;203;214;236;land;false;plains;1
5133;123;210;173;land;false;plains;1
5134;190;214;234;land;false;plains;1
5135;59;244;251;land;false;plains;1
5136;167;236;104;land;false;desert;1
5137;73;215;233;land;false;plains;1
5138;213;128;240;land;false;desert;1
5139;233;254;226;land;false;plains;1
5140;189;247;225;land;false;plains;1
5141;215;175;149;land;false;forest;1
5142;142;227;220;land;false;plains;1
5143;188;166;245;land;false;plains;1
5144;231;48;247;land;false;plains;1
5145;209;237;246;land;false;plains;1
5146;239;210;186;land;false;desert;1
5147;216;160;146;land;false;plains;1
5148;227;100;241;land;false;desert;1
5149;167;182;176;land;true;plains;1
5150;238;198;152;land;false;plains;1
5151;240;113;227;land;false;forest;1
5152;206;188;161;land;true;plains;1
5153;236;167;149;land;true;plains;1
5154;227;193;114;land;true;plains;1
5155;127;244;210;land;false;plains;1
5156;209;160;195;land;false;plains;1
5157;158;247;121;land;false;plains;1
5158;241;222;215;land;true;plains;1
5159;241;212;187;land;false;plains;1
5160;102;246;253;land;false;desert;1
5161;193;158;218;land;false;plains;1
5162;253;225;73;land;false;plains;1
5163;156;213;149;land;true;plains;1
5164;158;238;214;land;false;plains;1
5165;152;218;249;land;false;mountain;1
5166;196;253;233;land;false;plains;1
5167;241;188;142;land;false;plains;1
5168;219;227;59;land;false;plains;1
5169;213;211;200;land;false;desert;1
5170;153;127;239;land;true;plains;1
5171;248;135;164;land;false;forest;1
5172;245;198;77;land;false;plains;1
5173;226;110;203;land;true;plains;1
5174;239;8;254;land;true;plains;1
5175;202;194;181;land;false;plains;1
5176;117;190;231;land;false;plains;1
5177;230;119;175;land;false;plains;1
5178;232;242;41;land;true;plains;1
5179;244;153;179;land;false;plains;1
5180;101;152;251;land;false;desert;1
5181;175;250;121;land;false;hills;1
5182;187;245;223;land;false;plains;1
5183;156;138;238;land;false;desert;1
5184;229;62;249;land;false;plains;1
5185;117;254;229;land;false;plains;1
5186;120;222;247;land;false;plains;1
5187;241;89;192;land;false;plains;1
5188;249;238;18;land;false;desert;1
5189;178;121;213;land;false;plains;1
5190;158;145;199;land;false;desert;1
5191;122;233;146;land;false;plains;1
5192;178;208;181;land;false;plains;1
5193;121;214;182;land;false;desert;1
5194;133;205;189;land;false;plains;1
5195;205;198;227;land;false;plains;1
5196;178;250;249;land;false;plains;1
5197;236;178;165;land;false;plains;1
5198;122;214;240;land;false;desert;1
5199;129;224;164;land;false;plains;1
5200;101;254;231;land;false;urban;1
5201;215;145;188;land;false;plains;1
5202;200;157;192;land;true;plains;1
5203;162;178;193;land;false;plains;1
5204;241;251;57;land;false;plains;1
5205;170;214;144;land;false;desert;1
5206;237;171;218;land;false;plains;1
5207;220;96;238;land;true;plains;1
5208;177;246;242;land;false;forest;1
5209;158;241;128;land;false;plains;1
5210;204;203;167;land;true;plains;1
5211;214;176;173;land;false;plains;1
5212;217;250;232;land;false;plains;1
5213;222;38;246;land;false;plains;1
5214;230;223;240;land;false;plains;1
5215;156;228;233;land;false;plains;1
5216;87;224;229;land;false;plains;1
5217;222;254;231;land;false;desert;1
5218;228;116;161;land;false;plains;1
5219;207;224;200;land;true;plains;1
5220;104;231;233;land;false;plains;1
5221;181;73;254;land;false;plains;1
5222;127;181;199;land;false;plains;1
5223;164;251;174;land;false;forest;1
5224;244;193;80;land;false;plains;1
5225;130;249;157;land;false;plains;1
5226;254;184;211;land;false;plains;1
5227;164;232;163;land;false;plains;1
5228;238;111;199;land;false;plains;1
5229;233;161;190;land;false;plains;1
5230;196;104;254;land;false;plains;1
5231;234;203;213;land;false;plains;1
5232;181;133;253;land;false;desert;1
5233;115;234;243;land;false;plains;1
5234;221;199;122;land;false;plains;1
5235;143;168;210;land;false;plains;1
5236;219;249;33;land;false;plains;1
5237;219;183;231;land;false;desert;1
5238;246;120;199;land;false;plains;1
5239;171;141;194;land;false;forest;1
5240;252;189;164;land;false;desert;1
5241;149;219;216;land;false;plains;1
5242;205;153;209;land;false;plains;1
5243;254;172;213;land;false;plains;1
5244;195;162;178;land;false;plains;1
5245;95;208;209;land;false;plains;1
5246;166;174;188;land;false;plains;1
5247;241;250;164;land;false;plains;1
5248;224;149;232;land;false;plains;1
5249;135;190;220;land;false;plains;1
5250;184;218;161;land;false;desert;1
5251;201;250;180;land;false;plains;1
5252;251;153;175;land;false;plains;1
5253;183;228;220;land;true;plains;1
5254;240;215;142;land;false;desert;1
5255;44;248;221;land;false;plains;1
5256;142;236;224;land;false;plains;1
5257;176;215;119;land;false;plains;1
5258;231;228;63;land;false;plains;1
5259;231;123;233;land;false;plains;1
5260;177;248;118;land;false;plains;1
5261;240;137;186;land;false;plains;1
5262;247;210;182;land;false;desert;1
5263;205;248;169;land;false;plains;1
5264;239;235;204;land;false;plains;1
5265;183;216;234;land;false;forest;1
5266;202;133;237;land;false;plains;1
5267;234;182;244;land;false;plains;1
5268;213;176;141;land;false;forest;1
5269;240;199;74;land;false;desert;1
5270;115;247;235;land;false;plains;1
5271;119;230;203;land;false;plains;1
5272;211;221;216;land;false;plains;1
5273;165;186;171;land;true;plains;1
5274;189;211;249;land;true;plains;1
5275;101;194;209;land;false;plains;1
5276;227;205;75;land;false;plains;1
5277;153;208;149;land;false;plains;1
5278;238;67;253;land;false;plains;1
5279;196;244;176;land;false;plains;1
5280;200;218;168;land;true;plains;1
5281;247;253;224;land;false;plains;1
5282;104;238;241;land;false;plains;1
5283;164;248;139;land;false;plains;1
5284;241;198;96;land;false;plains;1
5285;184;207;141;land;false;plains;1
5286;156;165;253;land;false;plains;1
5287;178;254;126;land;false;plains;1
5288;142;162;252;land;false;forest;1
5289;225;201;232;land;false;mountain;1
5290;190;144;200;land;false;plains;1
5291;189;205;143;land;false;plains;1
5292;114;220;195;land;false;forest;1
5293;156;154;203;land;false;mountain;1
5294;175;138;223;land;false;plains;1
5295;227;96;253;land;false;desert;1
5296;209;168;134;land;true;plains;1
5297;234;216;170;land;false;plains;1
5298;228;197;155;land;false;plains;1
5299;157;224;217;land;false;plains;1
5300;246;116;200;land;false;plains;1
5301;48;239;238;land;false;plains;1
5302;90;222;208;land;false;plains;1
5303;161;221;214;land;true;plains;1
5304;164;168;246;land;false;plains;1
5305;237;247;122;land;false;plains;1
5306;250;191;149;land;false;plains;1
5307;140;210;196;land;false;desert;1
5308;239;134;148;land;false;plains;1
5309;150;207;205;land;false;plains;1
5310;123;242;159;land;false;desert;1
5311;210;209;132;land;true;forest;1
5312;230;236;82;land;false;plains;1
5313;209;200;159;land;false;plains;1
5314;109;232;245;land;false;plains;1
5315;223;115;228;land;false;desert;1
5316;182;232;198;land;false;desert;1
5317;227;238;69;land;false;plains;1
5318;146;229;245;land;false;plains;1
5319;167;191;251;land;true;plains;1
5320;227;106;234;land;false;plains;1
5321;198;215;217;land;false;plains;1
5322;99;237;233;land;false;hills;1
5323;249;208;107;land;false;desert;1
5324;178;179;217;land;false;plains;1
5325;219;187;226;land;false;plains;1
5326;174;248;110;land;false;hills;1
5327;115;219;209;land;false;desert;1
5328;199;163;146;land;false;plains;1
5329;190;170;228;land;false;hills;1
5330;165;199;223;land;false;plains;1
5331;248;194;156;land;false;desert;1
5332;251;137;127;land;false;plains;1
5333;203;244;218;land;false;forest;1
5334;133;230;215;land;false;plains;1
5335;239;254;116;land;false;plains;1
5336;62;237;231;land;false;plains;1
5337;252;120;237;land;true;plains;1
5338;189;223;212;land;false;plains;1
5339;205;173;168;land;false;plains;1
5340;70;185;250;land;true;plains;1
5341;214;254;160;land;false;plains;1
5342;207;176;161;land;false;plains;1
5343;212;130;187;land;false;desert;1
5344;137;219;186;land;false;plains;1
5345;222;236;51;land;false;plains;1
5346;225;171;176;land;false;plains;1
5347;188;142;252;land;false;plains;1
5348;151;196;250;land;false;hills;1
5349;80;231;237;land;false;plains;1
5350;235;201;190;land;false;plains;1
5351;197;192;113;land;false;plains;1
5352;45;252;216;land;false;plains;1
5353;173;118;234;land;true;plains;1
5354;240;118;247;land;false;plains;1
5355;207;191;116;land;false;plains;1
5356;145;239;245;land;false;plains;1
5357;175;241;143;land;false;plains;1
5358;220;115;229;land;false;plains;1
5359;171;172;228;land;false;plains;1
5360;150;223;228;land;false;plains;1
5361;230;225;95;land;false;plains;1
5362;144;209;227;land;false;plains;1
5363;183;154;211;land;false;forest;1
5364;238;78;199;land;true;plains;1
5365;246;49;232;land;false;plains;1
5366;228;248;167;land;false;hills;1
5367;159;144;221;land;false;desert;1
5368;147;244;207;land;false;plains;1
5369;223;236;137;land;false;plains;1
5370;129;242;247;land;false;forest;1
5371;252;227;213;land;false;plains;1
5372;226;249;152;land;false;desert;1
5373;110;207;196;land;false;plains;1
5374;200;238;91;land;false;plains;1
5375;132;229;144;land;false;plains;1
5376;234;213;124;land;false;plains;1
5377;253;222;70;land;false;plains;1
5378;218;135;173;land;false;plains;1
5379;202;194;228;land;false;plains;1
5380;208;234;220;land;false;plains;1
5381;207;144;210;land;false;plains;1
5382;254;78;248;land;false;hills;1
5383;213;254;133;land;false;plains;1
5384;245;250;228;land;false;plains;1
5385;180;234;168;land;false;plains;1
5386;110;252;216;land;false;plains;1
5387;87;242;239;land;false;plains;1
5388;232;76;238;land;false;plains;1
5389;90;251;179;land;false;plains;1
5390;209;229;222;land;false;plains;1
5391;182;157;240;land;false;plains;1
5392;216;74;229;land;false;plains;1
5393;234;225;96;land;false;plains;1
5394;219;207;204;land;false;plains;1
5395;234;232;60;land;true;plains;1
5396;235;172;244;land;false;desert;1
5397;222;73;236;land;false;plains;1
5398;117;201;211;land;false;mountain;1
5399;215;226;116;land;false;plains;1
5400;230;216;78;land;false;forest;1
5401;244;222;102;land;false;plains;1
5402;178;202;186;land;false;desert;1
5403;183;87;244;land;false;plains;1
5404;234;234;231;land;false;plains;1
5405;248;222;238;land;false;plains;1
5406;190;182;178;land;false;plains;1
5407;236;213;206;land;false;plains;1
5408;39;241;227;land;false;forest;1
5409;193;223;241;land;false;plains;1
5410;183;168;235;land;false;plains;1
5411;162;206;253;land;false;desert;1
5412;52;245;228;land;false;mountain;1
5413;250;209;151;land;true;forest;1
5414;110;254;231;land;true;hills;1
5415;133;173;235;land;true;plains;1
5416;220;248;196;land;true;plains;1
5417;200;121;253;land;false;plains;1
5418;197;117;245;land;false;plains;1
5419;237;136;182;land;false;plains;1
5420;211;150;224;land;false;plains;1
5421;110;245;252;land;false;forest;1
5422;249;219;117;land;false;desert;1
5423;120;238;211;land;false;forest;1
5424;184;132;247;land;false;marsh;1
5425;252;235;243;land;false;plains;1
5426;176;117;242;land;false;plains;1
5427;202;251;231;land;false;plains;1
5428;103;178;222;land;false;mountain;1
5429;252;158;246;land;false;urban;1
5430;202;134;187;land;false;plains;1
5431;117;242;198;land;false;plains;1
5432;213;126;234;land;false;plains;1
5433;214;249;56;land;false;plains;1
5434;207;207;228;land;false;forest;1
5435;137;204;199;land;false;plains;1
5436;167;223;170;land;false;plains;1
5437;254;36;248;land;false;plains;1
5438;232;75;226;land;false;plains;1
5439;213;94;199;land;false;plains;1
5440;123;194;237;land;false;plains;1
5441;248;248;30;land;true;plains;1
5442;109;238;190;land;false;plains;1
5443;239;160;246;land;false;plains;1
5444;125;198;221;land;false;marsh;1
5445;199;148;222;land;false;plains;1
5446;106;192;244;land;false;plains;1
5447;215;184;186;land;false;plains;1
5448;53;248;245;land;true;desert;1
5449;184;111;233;land;false;plains;1
5450;228;247;229;land;false;plains;1
5451;195;113;222;land;false;plains;1
5452;96;213;199;land;false;plains;1
5453;177;169;157;land;false;plains;1
5454;253;103;178;land;false;forest;1
5455;203;244;252;land;false;plains;1
5456;150;226;240;land;false;urban;1
5457;240;208;74;land;false;plains;1
5458;230;40;244;land;false;plains;1
5459;238;191;165;land;false;plains;1
5460;216;216;132;land;false;desert;1
5461;171;253;204;land;false;plains;1
5462;233;136;181;land;false;plains;1
5463;127;254;233;land;false;plains;1
5464;223;178;247;land;false;plains;1
5465;84;215;234;land;false;plains;1
5466;215;234;250;land;false;plains;1
5467;180;211;225;land;false;plains;1
5468;195;231;107;land;false;mountain;1
5469;86;251;193;land;false;desert;1
5470;225;126;185;land;false;plains;1
5471;176;192;195;land;false;plains;1
5472;210;185;153;land;false;plains;1
5473;210;148;185;land;false;desert;1
5474;246;223;212;land;false;desert;1
5475;122;186;207;land;false;plains;1
5476;168;214;238;land;false;plains;1
5477;252;158;103;land;false;plains;1
5478;145;185;251;land;false;desert;1
5479;171;166;214;land;false;plains;1
5480;160;247;136;land;false;forest;1
5481;56;212;237;land;false;plains;1
5482;92;220;203;land;false;forest;1
5483;133;182;248;land;false;desert;1
5484;231;183;234;land;false;plains;1
5485;160;161;204;land;false;plains;1
5486;128;252;139;land;false;plains;1
5487;179;204;162;land;false;plains;1
5488;220;219;130;land;false;plains;1
5489;169;206;181;land;false;plains;1
5490;211;142;188;land;false;forest;1
5491;109;225;236;land;false;plains;1
5492;200;253;230;land;false;plains;1
5493;122;190;218;land;false;plains;1
5494;187;134;252;land;false;desert;1
5495;174;123;206;land;false;plains;1
5496;147;144;222;land;false;plains;1
5497;219;136;235;land;false;desert;1
5498;225;90;201;land;false;plains;1
5499;133;174;228;land;false;plains;1
5500;252;55;235;land;false;plains;1
5501;225;205;142;land;false;plains;1
5502;132;234;241;land;false;plains;1
5503;160;249;210;land;false;plains;1
5504;174;221;184;land;false;plains;1
5505;222;242;236;land;false;plains;1
5506;109;171;241;land;false;plains;1
5507;110;252;183;land;false;plains;1
5508;212;175;117;land;false;plains;1
5509;250;224;234;land;false;plains;1
5510;184;128;227;land;false;plains;1
5511;197;135;174;land;false;plains;1
5512;238;181;217;land;false;plains;1
5513;171;223;225;land;true;plains;1
5514;247;206;112;land;false;plains;1
5515;207;231;150;land;false;plains;1
5516;216;153;245;land;false;plains;1
5517;120;254;191;land;true;plains;1
5518;169;167;169;land;false;plains;1
5519;245;129;177;land;true;plains;1
5520;123;204;222;land;false;plains;1
5521;80;225;212;land;false;plains;1
5522;66;214;235;land;false;plains;1
5523;231;237;203;land;false;plains;1
5524;223;214;161;land;false;plains;1
5525;142;161;224;land;false;plains;1
5526;227;115;181;land;false;plains;1
5527;89;215;203;land;false;plains;1
5528;250;253;163;land;false;plains;1
5529;204;228;148;land;false;plains;1
5530;230;212;184;land;false;forest;1
5531;174;122;239;land;false;plains;1
5532;245;38;247;land;false;plains;1
5533;218;190;253;land;false;plains;1
5534;246;199;148;land;true;plains;1
5535;241;187;169;land;false;plains;1
5536;253;46;231;land;false;plains;1
5537;251;187;126;land;false;plains;1
5538;152;199;180;land;false;plains;1
5539;199;119;207;land;false;plains;1
5540;156;193;204;land;false;plains;1
5541;178;191;240;land;false;desert;1
5542;210;239;85;land;true;plains;1
5543;202;112;248;land;false;desert;1
5544;195;170;244;land;false;desert;1
5545;55;247;203;land;false;plains;1
5546;202;206;102;land;false;desert;1
5547;232;128;167;land;false;mountain;1
5548;159;235;112;land;true;plains;1
5549;218;156;211;land;false;plains;1
5550;229;151;132;land;false;plains;1
5551;254;246;187;land;false;plains;1
5552;246;164;117;land;false;plains;1
5553;213;164;203;land;false;plains;1
5554;151;185;199;land;false;plains;1
5555;187;212;190;land;false;plains;1
5556;218;140;233;land;false;plains;1
5557;196;212;229;land;false;plains;1
5558;182;174;182;land;false;desert;1
5559;156;213;156;land;false;plains;1
5560;140;189;174;land;false;desert;1
5561;99;190;241;land;false;plains;1
5562;163;191;236;land;false;desert;1
5563;207;207;182;land;false;desert;1
5564;210;212;222;land;false;desert;1
5565;239;181;252;land;false;forest;1
5566;224;254;163;land;false;plains;1
5567;155;167;218;land;false;hills;1
5568;226;253;135;land;false;forest;1
5569;151;193;173;land;true;plains;1
5570;251;187;169;land;false;plains;1
5571;196;220;171;land;false;plains;1
5572;183;246;141;land;false;urban;1
5573;240;131;205;land;false;plains;1
5574;212;53;248;land;false;desert;1
5575;252;232;155;land;false;desert;1
5576;230;160;117;land;false;desert;1
5577;219;104;211;land;false;plains;1
5578;235;126;191;land;false;plains;1
5579;247;173;125;land;false;plains;1
5580;245;155;221;land;false;plains;1
5581;71;250;245;land;false;marsh;1
5582;199;231;234;land;false;plains;1
5583;225;185;233;land;false;plains;1
5584;244;168;225;land;false;desert;1
5585;232;124;202;land;false;plains;1
5586;226;225;50;land;false;plains;1
5587;154;126;224;land;false;plains;1
5588;241;19;248;land;false;desert;1
5589;68;254;241;land;false;plains;1
5590;214;137;237;land;false;plains;1
5591;241;172;218;land;false;plains;1
5592;216;193;147;land;false;plains;1
5593;113;205;249;land;false;forest;1
5594;237;82;195;land;false;desert;1
5595;87;229;240;land;false;plains;1
5596;248;137;213;land;false;plains;1
5597;190;240;150;land;true;plains;1
5598;71;226;207;land;false;desert;1
5599;245;74;203;land;true;plains;1
5600;199;174;142;land;false;plains;1
5601;206;212;104;land;false;forest;1
5602;214;184;124;land;false;plains;1
5603;221;169;184;land;false;plains;1
5604;237;176;152;land;false;plains;1
5605;251;49;220;land;false;hills;1
5606;238;241;151;land;false;plains;1
5607;240;229;141;land;false;plains;1
5608;108;243;169;land;false;plains;1
5609;83;224;213;land;false;desert;1
5610;214;227;180;land;false;plains;1
5611;247;219;142;land;false;plains;1
5612;224;235;210;land;false;plains;1
5613;240;121;240;land;false;plains;1
5614;193;167;188;land;false;plains;1
5615;253;148;120;land;false;plains;1
5616;177;251;138;land;false;plains;1
5617;225;214;147;land;false;plains;1
5618;118;207;201;land;false;plains;1
5619;246;190;133;land;false;desert;1
5620;195;239;110;land;false;plains;1
5621;225;165;143;land;false;plains;1
5622;106;237;242;land;false;plains;1
5623;176;212;204;land;false;plains;1
5624;250;251;172;land;false;plains;1
5625;224;229;168;land;false;forest;1
5626;122;171;228;land;false;plains;1
5627;202;223;143;land;false;plains;1
5628;103;207;237;land;false;forest;1
5629;78;220;218;land;true;plains;1
5630;243;98;176;land;false;plains;1
5631;163;242;248;land;false;desert;1
5632;212;254;174;land;true;plains;1
5633;198;247;208;land;false;plains;1
5634;225;245;204;land;false;desert;1
5635;247;201;189;land;false;plains;1
5636;203;241;81;land;false;plains;1
5637;253;244;230;land;false;plains;1
5638;235;133;251;land;false;plains;1
5639;223;238;167;land;false;plains;1
5640;254;124;200;land;false;desert;1
5641;224;164;126;land;false;plains;1
5642;132;198;240;land;false;plains;1
5643;143;203;199;land;false;plains;1
5644;58;219;237;land;false;plains;1
5645;196;208;187;land;false;plains;1
5646;183;136;236;land;false;plains;1
5647;179;229;168;land;false;plains;1
5648;95;204;202;land;false;plains;1
5649;241;213;103;land;false;plains;1
5650;138;232;220;land;false;plains;1
5651;151;204;206;land;false;desert;1
5652;247;170;200;land;false;desert;1
5653;203;225;254;land;false;plains;1
5654;227;62;213;land;false;plains;1
5655;100;194;207;land;false;desert;1
5656;193;205;186;land;false;plains;1
5657;228;238;127;land;false;plains;1
5658;244;224;139;land;false;plains;1
5659;242;251;27;land;false;forest;1
5660;136;215;177;land;false;plains;1
5661;85;233;197;land;false;plains;1
5662;199;239;189;land;false;plains;1
5663;238;224;53;land;false;plains;1
5664;205;208;206;land;false;plains;1
5665;252;251;26;land;false;plains;1
5666;55;244;227;land;false;plains;1
5667;71;248;219;land;false;desert;1
5668;242;221;251;land;false;desert;1
5669;200;238;66;land;false;forest;1
5670;243;238;227;land;false;plains;1
5671;216;156;237;land;false;desert;1
5672;30;250;244;land;false;plains;1
5673;123;172;219;land;false;plains;1
5674;254;231;141;land;false;plains;1
5675;164;252;215;land;false;plains;1
5676;236;221;161;land;false;plains;1
5677;231;124;237;land;false;plains;1
5678;165;196;227;land;false;plains;1
5679;145;230;208;land;false;urban;1
5680;212;250;252;land;false;plains;1
5681;135;207;240;land;false;plains;1
5682;80;218;249;land;false;desert;1
5683;229;83;251;land;false;hills;1
5684;140;201;172;land;false;urban;1
5685;248;88;249;land;false;plains;1
5686;155;206;197;land;false;plains;1
5687;179;226;155;land;false;hills;1
5688;140;240;151;land;false;desert;1
5689;224;52;233;land;false;plains;1
5690;250;204;247;land;false;jungle;1
5691;242;175;174;land;false;plains;1
5692;169;137;225;land;false;marsh;1
5693;188;238;113;land;false;plains;1
5694;247;248;225;land;false;plains;1
5695;184;185;252;land;false;plains;1
5696;197;169;235;land;false;plains;1
5697;242;174;173;land;false;plains;1
5698;90;231;207;land;false;plains;1
5699;235;114;209;land;false;plains;1
5700;210;126;171;land;false;plains;1
5701;195;222;154;land;false;plains;1
5702;206;233;190;land;false;forest;1
5703;199;111;236;land;false;plains;1
5704;247;205;239;land;false;plains;1
5705;133;249;214;land;false;plains;1
5706;194;154;193;land;false;desert;1
5707;230;166;196;land;false;plains;1
5708;201;251;101;land;false;plains;1
5709;90;219;207;land;false;urban;1
5710;172;242;186;land;false;desert;1
5711;225;154;151;land;false;plains;1
5712;119;223;207;land;false;plains;1
5713;253;194;132;land;false;plains;1
5714;219;127;207;land;false;plains;1
5715;253;213;67;land;false;plains;1
5716;214;184;190;land;false;jungle;1
5717;187;210;189;land;false;plains;1
5718;142;159;236;land;true;plains;1
5719;208;216;101;land;false;plains;1
5720;206;87;220;land;false;plains;1
5721;176;186;253;land;false;plains;1
5722;197;138;244;land;false;plains;1
5723;238;112;170;land;false;desert;1
5724;208;232;199;land;false;desert;1
5725;185;231;116;land;false;desert;1
5726;246;61;219;land;false;plains;1
5727;254;248;111;land;false;plains;1
5728;115;187;202;land;false;desert;1
5729;159;168;215;land;false;plains;1
5730;226;155;149;land;true;plains;1
5731;176;218;160;land;false;plains;1
5732;165;178;213;land;false;plains;1
5733;215;248;121;land;false;desert;1
5734;191;125;213;land;true;plains;1
5735;193;248;97;land;false;hills;1
5736;148;236;125;land;false;plains;1
5737;211;228;233;land;false;plains;1
5738;250;96;194;land;false;desert;1
5739;59;243;218;land;false;forest;1
5740;148;235;152;land;false;hills;1
5741;199;166;188;land;false;forest;1
5742;37;231;248;land;false;plains;1
5743;254;86;214;land;false;plains;1
5744;227;117;219;land;false;plains;1
5745;139;199;164;land;false;forest;1
5746;253;246;127;land;false;plains;1
5747;239;230;45;land;true;plains;1
5748;229;208;113;land;false;desert;1
5749;218;85;202;land;false;plains;1
5750;228;220;231;land;false;plains;1
5751;147;226;181;land;false;plains;1
5752;254;163;89;land;false;plains;1
5753;205;145;198;land;false;plains;1
5754;163;211;154;land;false;plains;1
5755;211;214;161;land;false;plains;1
5756;188;210;233;land;false;plains;1
5757;224;153;241;land;false;plains;1
5758;206;139;253;land;false;forest;1
5759;215;178;129;land;false;plains;1
5760;154;241;204;land;false;forest;1
5761;209;226;125;land;false;plains;1
5762;97;237;191;land;false;hills;1
5763;201;249;150;land;false;plains;1
5764;130;162;248;land;false;desert;1
5765;167;189;157;land;false;desert;1
5766;169;210;152;land;false;mountain;1
5767;116;244;154;land;false;forest;1
5768;155;187;192;land;false;plains;1
5769;232;251;248;land;false;forest;1
5770;206;231;181;land;true;plains;1
5771;244;223;167;land;false;plains;1
5772;252;234;203;land;false;plains;1
5773;168;126;225;land;false;plains;1
5774;146;205;214;land;false;plains;1
5775;250;69;186;land;false;plains;1
5776;196;198;153;land;false;plains;1
5777;245;206;166;land;false;plains;1
5778;176;200;147;land;false;desert;1
5779;250;109;173;land;false;plains;1
5780;233;209;196;land;false;plains;1
5781;219;198;127;land;false;plains;1
5782;243;211;251;land;false;plains;1
5783;247;122;228;land;false;plains;1
5784;53;248;231;land;true;plains;1
5785;240;121;248;land;false;plains;1
5786;150;153;244;land;true;plains;1
5787;194;251;135;land;false;plains;1
5788;151;202;157;land;false;plains;1
5789;36;254;235;land;false;plains;1
5790;228;158;147;land;false;plains;1
5791;241;234;196;land;false;plains;1
5792;239;64;234;land;false;plains;1
5793;251;121;178;land;false;plains;1
5794;249;169;147;land;false;plains;1
5795;223;151;246;land;false;plains;1
5796;139;193;202;land;false;plains;1
5797;234;184;154;land;false;plains;1
5798;235;134;242;land;false;plains;1
5799;249;209;192;land;false;plains;1
5800;239;227;77;land;false;plains;1
5801;231;163;199;land;false;plains;1
5802;232;160;153;land;false;plains;1
5803;161;245;230;land;false;hills;1
5804;225;190;202;land;false;plains;1
5805;209;224;174;land;true;plains;1
5806;114;246;216;land;false;plains;1
5807;227;246;53;land;false;plains;1
5808;249;158;176;land;false;plains;1
5809;143;226;253;land;false;desert;1
5810;231;249;234;land;false;plains;1
5811;188;161;241;land;false;plains;1
5812;38;249;224;land;false;desert;1
5813;146;245;131;land;false;plains;1
5814;232;117;223;land;false;plains;1
5815;150;186;170;land;false;desert;1
5816;191;249;228;land;true;plains;1
5817;146;199;177;land;false;plains;1
5818;98;243;207;land;false;plains;1
5819;214;102;191;land;false;plains;1
5820;138;232;168;land;false;desert;1
5821;223;131;253;land;false;plains;1
5822;226;232;86;land;false;plains;1
5823;88;249;247;land;true;plains;1
5824;216;122;182;land;true;urban;1
5825;149;192;240;land;false;plains;1
5826;171;158;253;land;false;forest;1
5827;127;213;173;land;false;plains;1
5828;180;183;158;land;false;plains;1
5829;204;221;93;land;false;plains;1
5830;150;237;228;land;true;plains;1
5831;173;252;83;land;false;plains;1
5832;202;225;231;land;false;plains;1
5833;151;155;227;land;false;plains;1
5834;192;215;185;land;false;plains;1
5835;240;228;152;land;false;plains;1
5836;181;235;148;land;false;forest;1
5837;220;120;203;land;false;plains;1
5838;194;221;225;land;false;urban;1
5839;241;76;250;land;false;forest;1
5840;159;184;218;land;false;plains;1
5841;86;251;190;land;true;plains;1
5842;215;241;200;land;false;forest;1
5843;207;168;180;land;false;plains;1
5844;157;249;230;land;false;plains;1
5845;239;34;229;land;false;plains;1
5846;210;97;246;land;false;plains;1
5847;196;197;217;land;false;plains;1
5848;149;152;251;land;false;plains;1
5849;253;162;144;land;false;urban;1
5850;134;188;250;land;false;marsh;1
5851;213;226;106;land;false;desert;1
5852;170;109;225;land;false;plains;1
5853;156;153;194;land;false;plains;1
5854;221;185;118;land;false;plains;1
5855;196;235;133;land;false;plains;1
5856;205;245;196;land;false;desert;1
5857;249;162;174;land;false;desert;1
5858;128;155;230;land;true;plains;1
5859;194;217;191;land;false;plains;1
5860;99;202;247;land;false;desert;1
5861;156;164;203;land;false;plains;1
5862;249;139;144;land;true;plains;1
5863;248;230;169;land;false;mountain;1
5864;252;80;237;land;false;plains;1
5865;224;145;204;land;false;plains;1
5866;212;185;166;land;false;plains;1
5867;182;195;219;land;false;plains;1
5868;229;246;136;land;false;plains;1
5869;249;224;159;land;false;desert;1
5870;249;199;193;land;false;plains;1
5871;154;183;204;land;false;desert;1
5872;142;129;244;land;false;desert;1
5873;227;98;214;land;false;plains;1
5874;144;238;210;land;true;plains;1
5875;206;54;244;land;false;desert;1
5876;221;193;253;land;false;plains;1
5877;229;79;235;land;true;plains;1
5878;240;155;252;land;false;hills;1
5879;216;191;247;land;false;plains;1
5880;182;98;221;land;false;plains;1
5881;250;220;138;land;false;plains;1
5882;224;197;174;land;false;plains;1
5883;171;147;195;land;false;desert;1
5884;180;223;209;land;false;plains;1
5885;129;225;159;land;false;hills;1
5886;238;216;55;land;false;plains;1
5887;163;164;209;land;false;plains;1
5888;214;203;149;land;false;desert;1
5889;154;254;226;land;false;plains;1
5890;238;209;171;land;false;desert;1
5891;236;157;198;land;false;desert;1
5892;116;200;186;land;false;plains;1
5893;254;132;143;land;false;plains;1
5894;155;212;152;land;false;plains;1
5895;151;191;198;land;false;plains;1
5896;234;219;58;land;false;plains;1
5897;89;239;246;land;false;plains;1
5898;250;204;128;land;false;plains;1
5899;229;44;253;land;false;plains;1
5900;212;175;200;land;false;forest;1
5901;238;236;200;land;false;plains;1
5902;176;128;199;land;true;plains;1
5903;246;224;189;land;false;forest;1
5904;198;131;210;land;false;plains;1
5905;133;232;143;land;false;plains;1
5906;241;248;166;land;true;plains;1
5907;100;204;253;land;false;plains;1
5908;195;115;191;land;false;plains;1
5909;201;207;238;land;true;plains;1
5910;141;134;237;land;false;plains;1
5911;140;243;211;land;false;plains;1
5912;227;89;219;land;false;plains;1
5913;216;212;126;land;false;desert;1
5914;189;221;106;land;false;desert;1
5915;187;212;130;land;false;plains;1
5916;247;78;207;land;false;plains;1
5917;160;227;222;land;false;plains;1
5918;58;244;234;land;false;plains;1
5919;142;236;147;land;false;plains;1
5920;221;245;227;land;false;desert;1
5921;150;217;222;land;false;forest;1
5922;226;242;246;land;false;plains;1
5923;153;119;229;land;false;plains;1
5924;137;238;227;land;false;plains;1
5925;169;152;181;land;false;forest;1
5926;142;125;238;land;false;desert;1
5927;157;169;241;land;false;desert;1
5928;236;209;233;land;false;plains;1
5929;254;35;250;land;false;plains;1
5930;192;176;226;land;false;plains;1
5931;226;242;195;land;false;plains;1
5932;193;199;244;land;false;plains;1
5933;239;130;236;land;false;plains;1
5934;235;214;60;land;false;plains;1
5935;150;186;218;land;false;plains;1
5936;237;174;245;land;true;plains;1
5937;175;244;130;land;true;plains;1
5938;172;237;215;land;false;plains;1
5939;162;240;204;land;false;plains;1
5940;205;71;244;land;true;plains;1
5941;241;202;110;land;false;desert;1
5942;250;149;238;land;false;plains;1
5943;218;68;222;land;false;forest;1
5944;121;223;159;land;false;plains;1
5945;226;209;201;land;true;plains;1
5946;170;207;223;land;false;plains;1
5947;197;155;231;land;false;plains;1
5948;238;252;158;land;false;plains;1
5949;190;237;103;land;false;plains;1
5950;249;247;6;land;false;marsh;1
5951;234;167;180;land;false;desert;1
5952;243;154;194;land;false;plains;1
5953;161;232;211;land;false;plains;1
5954;231;245;120;land;false;plains;1
5955;220;105;187;land;false;urban;1
5956;247;157;140;land;false;plains;1
5957;252;117;204;land;false;forest;1
5958;182;240;228;land;false;plains;1
5959;241;59;250;land;true;plains;1
5960;196;115;226;land;false;plains;1
5961;242;139;228;land;true;plains;1
5962;236;254;211;land;false;desert;1
5963;60;223;226;land;false;plains;1
5964;129;132;249;land;false;plains;1
5965;216;69;253;land;false;hills;1
5966;224;113;230;land;false;desert;1
5967;243;235;158;land;false;plains;1
5968;227;63;212;land;false;plains;1
5969;237;206;206;land;false;plains;1
5970;227;128;244;land;false;plains;1
5971;223;205;190;land;false;desert;1
5972;171;238;148;land;false;plains;1
5973;133;145;240;land;false;plains;1
5974;143;135;250;land;false;plains;1
5975;157;178;209;land;false;plains;1
5976;108;254;204;land;false;plains;1
5977;158;162;247;land;false;plains;1
5978;204;118;242;land;false;forest;1
5979;220;118;184;land;false;desert;1
5980;205;199;232;land;false;desert;1
5981;234;168;253;land;true;plains;1
5982;196;245;212;land;false;plains;1
5983;224;203;138;land;false;desert;1
5984;196;88;233;land;false;plains;1
5985;201;244;219;land;true;plains;1
5986;207;196;174;land;false;plains;1
5987;152;247;120;land;true;desert;1
5988;240;111;151;land;false;plains;1
5989;184;158;212;land;false;plains;1
5990;249;142;174;land;false;plains;1
5991;227;65;220;land;false;plains;1
5992;182;198;210;land;false;plains;1
5993;216;242;141;land;false;desert;1
5994;190;213;200;land;false;plains;1
5995;246;124;167;land;false;plains;1
5996;221;194;154;land;false;desert;1
5997;189;147;168;land;true;plains;1
5998;127;165;211;land;false;plains;1
5999;247;153;132;land;false;plains;1
6000;254;202;187;land;false;plains;1
6001;218;250;204;land;false;desert;1
6002;223;225;76;land;false;desert;1
6003;217;177;138;land;false;plains;1
6004;95;248;178;land;false;plains;1
6005;209;236;173;land;false;desert;1
6006;157;172;195;land;false;plains;1
6007;129;235;149;land;false;plains;1
6008;66;212;236;land;false;plains;1
6009;183;107;218;land;false;plains;1
6010;236;158;232;land;false;plains;1
6011;113;249;218;land;false;plains;1
6012;40;227;248;land;false;plains;1
6013;201;227;147;land;false;plains;1
6014;242;85;212;land;true;plains;1
6015;110;185;253;land;false;plains;1
6016;212;240;254;land;false;plains;1
6017;96;244;228;land;false;desert;1
6018;72;234;209;land;false;marsh;1
6019;176;234;242;land;false;plains;1
6020;92;196;240;land;false;plains;1
6021;174;148;189;land;false;plains;1
6022;158;224;200;land;false;plains;1
6023;189;176;219;land;false;plains;1
6024;202;176;205;land;false;plains;1
6025;246;157;135;land;false;forest;1
6026;176;233;151;land;false;plains;1
6027;144;190;223;land;false;forest;1
6028;201;195;242;land;false;plains;1
6029;177;184;145;land;false;desert;1
6030;240;90;233;land;false;plains;1
6031;221;225;199;land;false;urban;1
6032;251;193;235;land;false;desert;1
6033;30;222;252;land;false;plains;1
6034;166;185;241;land;false;plains;1
6035;136;198;182;land;false;plains;1
6036;184;181;153;land;false;desert;1
6037;227;82;197;land;false;plains;1
6038;245;242;120;land;false;desert;1
6039;192;120;199;land;false;desert;1
6040;167;189;149;land;false;plains;1
6041;145;159;211;land;false;plains;1
6042;200;248;213;land;false;hills;1
6043;221;169;230;land;false;plains;1
6044;203;247;188;land;false;plains;1
6045;231;158;121;land;false;desert;1
6046;84;252;222;land;false;plains;1
6047;240;127;144;land;false;urban;1
6048;108;228;222;land;false;plains;1
6049;254;164;95;land;false;desert;1
6050;236;211;228;land;false;forest;1
6051;165;125;242;land;false;plains;1
6052;68;244;214;land;true;plains;1
6053;212;243;249;land;false;plains;1
6054;250;193;145;land;false;plains;1
6055;175;209;251;land;false;plains;1
6056;204;178;198;land;false;plains;1
6057;235;199;134;land;false;plains;1
6058;210;78;216;land;false;hills;1
6059;224;224;204;land;false;plains;1
6060;165;226;193;land;true;plains;1
6061;242;156;163;land;false;plains;1
6062;232;69;237;land;false;plains;1
6063;251;182;79;land;false;plains;1
6064;199;143;161;land;false;plains;1
6065;131;232;166;land;false;plains;1
6066;240;234;212;land;false;plains;1
6067;233;190;190;land;false;plains;1
6068;119;172;233;land;false;plains;1
6069;245;183;175;land;false;desert;1
6070;172;203;136;land;false;hills;1
6071;254;101;233;land;false;plains;1
6072;202;205;138;land;false;plains;1
6073;112;187;227;land;false;plains;1
6074;230;158;172;land;false;desert;1
6075;174;218;214;land;true;plains;1
6076;169;223;197;land;false;plains;1
6077;174;122;237;land;false;plains;1
6078;144;252;167;land;false;plains;1
6079;116;193;253;land;false;plains;1
6080;120;200;232;land;true;plains;1
6081;155;205;253;land;false;plains;1
6082;132;134;250;land;false;plains;1
6083;197;192;210;land;false;mountain;1
6084;66;233;234;land;false;forest;1
6085;238;236;110;land;false;plains;1
6086;199;184;191;land;false;marsh;1
6087;208;174;176;land;false;plains;1
6088;208;151;144;land;true;plains;1
6089;224;93;240;land;false;plains;1
6090;237;95;237;land;false;forest;1
6091;146;189;224;land;false;plains;1
6092;209;157;230;land;false;desert;1
6093;231;239;190;land;false;plains;1
6094;246;155;110;land;false;plains;1
6095;221;124;165;land;false;plains;1
6096;103;187;218;land;false;plains;1
6097;201;251;206;land;false;plains;1
6098;210;221;209;land;false;plains;1
6099;223;162;251;land;false;plains;1
6100;235;179;159;land;false;plains;1
6101;208;237;156;land;false;hills;1
6102;158;235;229;land;true;plains;1
6103;199;169;150;land;true;plains;1
6104;181;201;198;land;false;desert;1
6105;108;220;208;land;false;urban;1
6106;228;230;99;land;true;plains;1
6107;206;225;218;land;false;plains;1
6108;238;186;201;land;false;plains;1
6109;121;180;252;land;false;plains;1
6110;67;226;246;land;false;plains;1
6111;171;158;187;land;false;plains;1
6112;205;184;115;land;false;plains;1
6113;254;233;47;land;false;plains;1
6114;115;207;229;land;false;forest;1
6115;80;222;242;land;false;plains;1
6116;245;229;55;land;false;plains;1
6117;209;211;230;land;false;plains;1
6118;155;189;187;land;false;desert;1
6119;165;212;236;land;false;plains;1
6120;127;152;232;land;false;plains;1
6121;133;236;217;land;false;plains;1
6122;102;187;220;land;false;desert;1
6123;160;252;193;land;true;plains;1
6124;153;222;173;land;true;plains;1
6125;249;206;168;land;false;plains;1
6126;197;184;134;land;false;plains;1
6127;146;130;238;land;false;desert;1
6128;170;145;245;land;false;plains;1
6129;230;81;227;land;false;desert;1
6130;228;218;117;land;false;plains;1
6131;249;76;243;land;false;plains;1
6132;245;208;228;land;false;plains;1
6133;234;78;251;land;false;mountain;1
6134;236;220;213;land;false;forest;1
6135;95;168;249;land;false;plains;1
6136;135;147;221;land;false;desert;1
6137;103;197;231;land;false;plains;1
6138;233;92;241;land;true;plains;1
6139;156;242;116;land;false;plains;1
6140;212;234;158;land;false;desert;1
6141;253;236;115;land;true;plains;1
6142;241;163;162;land;false;desert;1
6143;252;77;251;land;false;plains;1
6144;254;227;187;land;true;plains;1
6145;239;170;151;land;false;plains;1
6146;244;51;251;land;false;plains;1
6147;210;214;152;land;false;plains;1
6148;199;144;223;land;false;plains;1
6149;231;198;231;land;false;desert;1
6150;185;235;192;land;true;plains;1
6151;153;224;220;land;false;plains;1
6152;235;201;201;land;true;plains;1
6153;200;201;127;land;false;plains;1
6154;95;225;224;land;false;desert;1
6155;163;236;130;land;false;plains;1
6156;243;115;179;land;true;plains;1
6157;122;234;241;land;false;desert;1
6158;70;251;198;land;false;plains;1
6159;249;173;246;land;false;plains;1
6160;220;222;231;land;false;hills;1
6161;241;85;250;land;false;plains;1
6162;129;140;239;land;false;plains;1
6163;159;157;241;land;false;hills;1
6164;164;216;194;land;false;plains;1
6165;248;141;157;land;true;plains;1
6166;253;223;189;land;true;plains;1
6167;199;175;148;land;true;plains;1
6168;209;254;114;land;false;plains;1
6169;161;247;237;land;false;plains;1
6170;163;234;170;land;false;plains;1
6171;232;190;158;land;false;plains;1
6172;132;171;228;land;false;plains;1
6173;132;214;172;land;false;plains;1
6174;103;244;200;land;false;plains;1
6175;214;230;143;land;false;plains;1
6176;133;243;233;land;false;plains;1
6177;90;254;214;land;false;plains;1
6178;196;227;107;land;false;plains;1
6179;218;222;144;land;false;plains;1
6180;218;211;82;land;false;desert;1
6181;69;219;216;land;false;desert;1
6182;220;202;84;land;false;plains;1
6183;211;227;193;land;true;plains;1
6184;140;210;211;land;false;plains;1
6185;237;251;95;land;false;plains;1
6186;222;218;134;land;false;plains;1
6187;235;192;248;land;false;plains;1
6188;93;223;239;land;false;plains;1
6189;82;223;231;land;false;plains;1
6190;223;163;206;land;false;plains;1
6191;126;214;161;land;false;plains;1
6192;248;69;233;land;false;desert;1
6193;218;107;222;land;false;plains;1
6194;243;113;208;land;false;plains;1
6195;193;247;172;land;false;marsh;1
6196;252;154;106;land;false;plains;1
6197;250;118;182;land;false;desert;1
6198;161;222;240;land;false;plains;1
6199;179;125;247;land;false;plains;1
6200;221;237;49;land;false;plains;1
6201;250;36;221;land;false;plains;1
6202;246;230;101;land;false;plains;1
6203;174;124;207;land;false;plains;1
6204;204;173;188;land;false;desert;1
6205;151;238;251;land;false;forest;1
6206;243;192;199;land;false;desert;1
6207;225;220;233;land;false;plains;1
6208;150;174;185;land;false;plains;1
6209;247;247;204;land;true;plains;1
6210;130;247;245;land;false;plains;1
6211;219;225;105;land;false;desert;1
6212;160;226;146;land;false;plains;1
6213;131;170;238;land;false;desert;1
6214;165;217;234;land;true;plains;1
6215;231;207;111;land;false;plains;1
6216;236;89;218;land;false;plains;1
6217;206;242;238;land;false;plains;1
6218;237;204;218;land;false;desert;1
6219;178;252;103;land;false;desert;1
6220;154;126;221;land;false;plains;1
6221;71;190;251;land;false;plains;1
6222;215;237;224;land;false;plains;1
6223;144;207;177;land;false;plains;1
6224;234;191;178;land;false;plains;1
6225;153;237;171;land;false;desert;1
6226;63;209;232;land;false;plains;1
6227;247;180;175;land;false;desert;1
6228;224;58;220;land;false;plains;1
6229;193;193;170;land;false;plains;1
6230;242;151;233;land;false;plains;1
6231;218;218;146;land;false;desert;1
6232;224;175;188;land;false;desert;1
6233;139;229;225;land;true;plains;1
6234;230;153;246;land;false;desert;1
6235;247;146;164;land;false;plains;1
6236;191;155;248;land;false;desert;1
6237;190;254;63;land;false;plains;1
6238;49;252;229;land;false;plains;1
6239;231;176;163;land;false;desert;1
6240;187;235;195;land;false;plains;1
6241;128;246;223;land;false;desert;1
6242;203;118;241;land;false;plains;1
6243;208;227;142;land;false;urban;1
6244;240;30;234;land;false;plains;1
6245;226;247;91;land;false;plains;1
6246;185;152;216;land;true;plains;1
6247;241;120;191;land;false;plains;1
6248;163;126;238;land;false;desert;1
6249;203;100;243;land;false;plains;1
6250;199;190;201;land;false;desert;1
6251;231;242;66;land;false;desert;1
6252;230;220;53;land;false;desert;1
6253;203;141;167;land;false;hills;1
6254;211;169;168;land;false;plains;1
6255;167;222;153;land;false;plains;1
6256;125;252;194;land;false;plains;1
6257;192;206;239;land;false;plains;1
6258;211;216;223;land;false;plains;1
6259;84;202;222;land;true;plains;1
6260;219;198;193;land;false;desert;1
6261;177;199;200;land;false;plains;1
6262;157;181;211;land;false;plains;1
6263;157;180;225;land;false;plains;1
6264;234;128;139;land;false;plains;1
6265;148;251;191;land;false;plains;1
6266;225;222;124;land;false;urban;1
6267;249;92;201;land;false;plains;1
6268;222;196;167;land;false;desert;1
6269;215;150;170;land;false;urban;1
6270;140;156;214;land;false;plains;1
6271;224;26;254;land;false;plains;1
6272;197;243;253;land;false;plains;1
6273;215;213;240;land;false;desert;1
6274;75;198;238;land;false;plains;1
6275;232;192;145;land;false;plains;1
6276;197;146;246;land;false;plains;1
6277;161;221;235;land;false;plains;1
6278;161;161;237;land;false;desert;1
6279;149;221;132;land;false;desert;1
6280;188;95;224;land;false;plains;1
6281;230;54;235;land;false;forest;1
6282;151;253;148;land;false;plains;1
6283;204;249;99;land;false;plains;1
6284;233;239;207;land;false;hills;1
6285;116;219;202;land;true;plains;1
6286;253;251;39;land;false;plains;1
6287;206;227;116;land;false;plains;1
6288;248;120;227;land;false;plains;1
6289;223;143;218;land;false;plains;1
6290;242;113;153;land;false;plains;1
6291;190;195;229;land;false;desert;1
6292;191;129;252;land;false;plains;1
6293;230;166;124;land;false;desert;1
6294;123;245;215;land;false;desert;1
6295;95;241;238;land;false;plains;1
6296;253;180;86;land;false;plains;1
6297;248;147;127;land;false;mountain;1
6298;97;252;163;land;false;plains;1
6299;248;136;137;land;false;plains;1
6300;196;239;205;land;false;plains;1
6301;131;130;249;land;false;plains;1
6302;184;104;237;land;false;plains;1
6303;84;234;216;land;false;urban;1
6304;235;193;93;land;false;desert;1
6305;227;248;192;land;false;plains;1
6306;218;231;248;land;false;plains;1
6307;253;221;38;land;false;plains;1
6308;203;139;212;land;false;forest;1
6309;191;129;246;land;false;plains;1
6310;219;171;237;land;false;desert;1
6311;245;136;244;land;false;plains;1
6312;142;194;171;land;true;plains;1
6313;248;185;87;land;false;plains;1
6314;71;249;243;land;false;plains;1
6315;189;215;118;land;true;plains;1
6316;196;253;162;land;false;desert;1
6317;243;109;221;land;false;plains;1
6318;109;172;245;land;false;plains;1
6319;152;179;241;land;false;plains;1
6320;160;150;222;land;false;desert;1
6321;248;221;121;land;false;plains;1
6322;223;227;246;land;false;desert;1
6323;241;219;160;land;false;plains;1
6324;245;253;37;land;false;plains;1
6325;226;225;148;land;false;plains;1
6326;253;133;185;land;false;plains;1
6327;178;228;177;land;false;desert;1
6328;224;237;129;land;false;desert;1
6329;179;153;198;land;false;forest;1
6330;237;212;148;land;false;plains;1
6331;232;230;62;land;false;desert;1
6332;246;196;110;land;false;plains;1
6333;208;137;189;land;false;plains;1
6334;217;118;221;land;false;forest;1
6335;239;89;179;land;false;plains;1
6336;220;114;191;land;false;plains;1
6337;217;57;254;land;false;forest;1
6338;136;139;244;land;false;plains;1
6339;213;170;243;land;false;plains;1
6340;226;183;204;land;false;plains;1
6341;245;136;247;land;false;plains;1
6342;180;185;253;land;false;plains;1
6343;237;157;131;land;false;plains;1
6344;199;104;241;land;false;plains;1
6345;240;213;183;land;false;plains;1
6346;231;193;119;land;false;plains;1
6347;148;231;241;land;false;plains;1
6348;110;160;252;land;false;desert;1
6349;159;181;171;land;false;plains;1
6350;229;241;214;land;true;plains;1
6351;246;246;180;land;false;plains;1
6352;253;104;168;land;false;plains;1
6353;236;94;214;land;false;plains;1
6354;251;212;182;land;false;plains;1
6355;249;141;189;land;false;plains;1
6356;248;251;80;land;true;plains;1
6357;127;250;138;land;false;hills;1
6358;238;150;235;land;false;plains;1
6359;238;108;156;land;false;hills;1
6360;169;161;177;land;false;hills;1
6361;209;158;248;land;false;plains;1
6362;250;93;227;land;false;desert;1
6363;130;197;190;land;true;plains;1
6364;158;251;201;land;false;forest;1
6365;220;111;216;land;false;plains;1
6366;207;195;228;land;false;plains;1
6367;103;215;213;land;false;plains;1
6368;135;122;249;land;false;plains;1
6369;163;208;132;land;false;plains;1
6370;248;221;99;land;false;desert;1
6371;189;234;143;land;false;desert;1
6372;215;132;225;land;false;plains;1
6373;252;221;187;land;false;plains;1
6374;245;219;142;land;false;forest;1
6375;210;184;211;land;false;plains;1
6376;241;235;159;land;false;desert;1
6377;217;210;208;land;false;plains;1
6378;221;122;239;land;false;plains;1
6379;90;176;237;land;false;urban;1
6380;122;251;211;land;false;plains;1
6381;233;90;249;land;false;plains;1
6382;158;215;158;land;true;plains;1
6383;170;254;82;land;false;plains;1
6384;192;147;248;land;false;plains;1
6385;251;249;89;land;false;forest;1
6386;128;225;201;land;false;plains;1
6387;176;172;177;land;true;plains;1
6388;253;205;163;land;false;plains;1
6389;224;212;224;land;false;plains;1
6390;172;223;208;land;false;desert;1
6391;204;246;128;land;false;plains;1
6392;240;150;155;land;false;desert;1
6393;253;165;85;land;true;plains;1
6394;228;229;122;land;false;forest;1
6395;161;205;206;land;false;plains;1
6396;163;143;252;land;false;plains;1
6397;71;217;253;land;false;forest;1
6398;120;182;224;land;false;desert;1
6399;126;226;205;land;false;plains;1
6400;103;179;253;land;true;plains;1
6401;226;142;145;land;false;plains;1
6402;75;233;247;land;false;plains;1
6403;150;253;155;land;false;plains;1
6404;204;174;211;land;false;plains;1
6405;239;254;21;land;false;hills;1
6406;166;223;234;land;false;plains;1
6407;205;205;129;land;false;hills;1
6408;221;215;129;land;false;plains;1
6409;229;160;145;land;false;plains;1
6410;253;80;182;land;false;plains;1
6411;210;127;165;land;false;plains;1
6412;245;176;244;land;false;plains;1
6413;137;219;197;land;false;plains;1
6414;38;245;223;land;false;forest;1
6415;173;112;232;land;false;forest;1
6416;164;204;200;land;false;urban;1
6417;247;240;100;land;false;plains;1
6418;215;181;172;land;false;plains;1
6419;111;240;246;land;false;plains;1
6420;254;42;214;land;false;plains;1
6421;225;194;252;land;false;hills;1
6422;177;173;251;land;false;desert;1
6423;179;123;225;land;false;plains;1
6424;171;252;107;land;false;plains;1
6425;232;167;147;land;true;plains;1
6426;252;213;116;land;false;plains;1
6427;193;193;211;land;false;plains;1
6428;198;251;137;land;false;plains;1
6429;214;241;62;land;false;plains;1
6430;154;151;227;land;false;desert;1
6431;33;225;244;land;false;forest;1
6432;172;200;253;land;false;plains;1
6433;146;222;166;land;false;plains;1
6434;112;221;238;land;false;plains;1
6435;220;245;115;land;true;plains;1
6436;199;194;131;land;true;plains;1
6437;237;115;150;land;false;desert;1
6438;219;108;192;land;false;desert;1
6439;145;232;144;land;false;plains;1
6440;242;248;25;land;false;desert;1
6441;211;155;174;land;false;plains;1
6442;201;138;228;land;false;plains;1
6443;247;191;203;land;false;plains;1
6444;247;200;55;land;false;plains;1
6445;189;241;176;land;false;plains;1
6446;219;209;172;land;false;plains;1
6447;160;203;142;land;false;plains;1
6448;229;238;182;land;true;plains;1
6449;210;208;225;land;true;plains;1
6450;237;238;226;land;true;plains;1
6451;211;212;116;land;true;plains;1
6452;45;243;226;land;true;plains;1
6453;7;251;246;land;true;plains;1
6454;149;234;168;land;true;plains;1
6455;253;117;241;land;true;plains;1
6456;87;247;206;land;true;plains;1
6457;229;199;244;land;false;plains;1
6458;252;81;236;land;true;plains;1
6459;244;228;68;land;false;plains;1
6460;197;246;132;land;false;plains;1
6461;253;246;7;land;false;plains;1
6462;233;210;58;land;false;plains;1
6463;148;226;196;land;false;plains;1
6464;202;189;123;land;true;plains;1
6465;235;158;151;land;true;plains;1
6466;159;244;150;land;true;plains;1
6467;250;72;230;land;false;plains;1
6468;232;82;202;land;true;plains;1
6469;177;214;237;land;false;plains;1
6470;205;107;211;land;false;plains;1
6471;252;188;251;land;true;plains;1
6472;192;228;243;land;false;plains;1
6473;103;226;218;land;true;plains;1
6474;234;202;182;land;true;plains;1
6475;252;183;139;land;false;plains;1
6476;88;200;236;land;false;plains;1
6477;173;207;188;land;false;plains;1
6478;212;225;204;land;true;plains;1
6479;187;225;217;land;true;plains;1
6480;113;196;243;land;true;plains;1
6481;168;119;229;land;false;plains;1
6482;218;253;44;land;true;plains;1
6483;237;86;197;land;true;plains;1
6484;154;211;189;land;false;plains;1
6485;213;178;243;land;true;plains;1
6486;204;86;254;land;false;plains;1
6487;222;253;147;land;false;plains;1
6488;131;197;199;land;true;plains;1
6489;233;250;170;land;false;plains;1
6490;230;176;158;land;true;plains;1
6491;108;220;177;land;true;plains;1
6492;129;195;207;land;false;plains;1
6493;220;249;242;land;false;plains;1
6494;164;241;126;land;false;plains;1
6495;205;163;185;land;true;plains;1
6496;204;119;211;land;true;plains;1
6497;203;167;219;land;true;plains;1
6498;153;125;235;land;true;plains;1
6499;249;249;111;land;false;plains;1
6500;238;235;62;land;false;hills;1
6501;181;175;230;land;false;plains;1
6502;131;162;211;land;false;plains;1
6503;171;148;198;land;true;plains;1
6504;238;200;226;land;true;plains;1
6505;156;204;165;land;false;plains;1
6506;144;243;177;land;true;plains;1
6507;210;210;180;land;false;plains;1
6508;167;247;189;land;false;plains;1
6509;211;154;151;land;true;plains;1
6510;226;250;111;land;false;plains;1
6511;250;228;72;land;false;plains;1
6512;247;159;144;land;false;plains;1
6513;92;171;245;land;true;plains;1
6514;179;212;235;land;true;plains;1
6515;235;166;216;land;true;plains;1
6516;206;144;247;land;true;plains;1
6517;235;253;32;land;true;plains;1
6518;209;128;219;land;false;plains;1
6519;126;161;224;land;false;plains;1
6520;213;173;236;land;true;plains;1
6521;225;195;124;land;true;plains;1
6522;188;231;216;land;false;plains;1
6523;241;222;76;land;false;plains;1
6524;197;207;138;land;true;plains;1
6525;206;233;90;land;true;plains;1
6526;190;180;166;land;false;plains;1
6527;213;179;224;land;false;plains;1
6528;220;145;156;land;false;plains;1
6529;207;158;168;land;false;plains;1
6530;158;147;243;land;false;plains;1
6531;154;147;226;land;false;plains;1
6532;223;127;170;land;false;plains;1
6533;137;236;250;land;false;plains;1
6534;245;238;231;land;true;plains;1
6535;237;99;169;land;false;plains;1
6536;222;224;131;land;false;plains;1
6537;124;252;129;land;true;plains;1
6538;212;50;251;land;false;plains;1
6539;172;182;161;land;false;plains;1
6540;232;177;113;land;false;hills;1
6541;244;170;243;land;false;plains;1
6542;47;217;252;land;false;mountain;1
6543;214;234;63;land;true;plains;1
6544;223;193;90;land;false;plains;1
6545;161;208;179;land;false;plains;1
6546;236;66;252;land;false;desert;1
6547;224;223;219;land;true;plains;1
6548;159;158;233;land;false;plains;1
6549;219;188;116;land;false;plains;1
6550;238;155;168;land;false;plains;1
6551;140;183;217;land;true;plains;1
6552;249;235;34;land;false;plains;1
6553;88;170;253;land;false;plains;1
6554;200;252;183;land;false;plains;1
6555;131;206;175;land;false;plains;1
6556;248;224;136;land;false;plains;1
6557;250;221;119;land;false;plains;1
6558;99;251;206;land;true;plains;1
6559;237;183;89;land;false;plains;1
6560;225;129;183;land;false;plains;1
6561;164;245;123;land;false;plains;1
6562;152;135;214;land;false;plains;1
6563;193;249;193;land;false;plains;1
6564;229;99;239;land;false;plains;1
6565;205;191;192;land;false;plains;1
6566;223;148;204;land;false;plains;1
6567;181;200;231;land;false;plains;1
6568;120;219;162;land;false;mountain;1
6569;109;208;190;land;false;plains;1
6570;249;217;121;land;false;plains;1
6571;254;142;181;land;false;plains;1
6572;219;247;55;land;false;plains;1
6573;188;164;248;land;false;plains;1
6574;192;224;170;land;false;plains;1
6575;179;253;231;land;false;plains;1
6576;251;216;131;land;false;plains;1
6577;243;222;215;land;false;marsh;1
6578;240;195;170;land;false;plains;1
6579;125;224;232;land;false;mountain;1
6580;238;226;67;land;false;plains;1
6581;140;201;251;land;false;plains;1
6582;87;172;251;land;false;plains;1
6583;212;252;194;land;false;plains;1
6584;161;233;168;land;false;plains;1
6585;142;151;253;land;false;desert;1
6586;218;133;172;land;false;plains;1
6587;251;11;253;land;false;plains;1
6588;225;218;161;land;true;plains;1
6589;89;250;193;land;false;plains;1
6590;114;225;186;land;false;plains;1
6591;209;204;98;land;false;plains;1
6592;202;237;97;land;false;desert;1
6593;229;157;198;land;false;plains;1
6594;132;209;194;land;false;plains;1
6595;156;212;218;land;false;plains;1
6596;138;159;244;land;false;plains;1
6597;177;187;149;land;false;plains;1
6598;127;189;231;land;false;plains;1
6599;165;135;247;land;false;plains;1
6600;210;154;233;land;false;plains;1
6601;201;96;245;land;false;plains;1
6602;167;117;253;land;false;plains;1
6603;132;236;238;land;false;plains;1
6604;179;222;234;land;false;mountain;1
6605;72;246;223;land;false;plains;1
6606;233;100;252;land;false;plains;1
6607;200;83;245;land;false;desert;1
6608;139;234;162;land;false;plains;1
6609;237;169;142;land;false;plains;1
6610;235;247;184;land;false;marsh;1
6611;206;92;252;land;false;plains;1
6612;222;188;108;land;false;hills;1
6613;71;228;220;land;false;plains;1
6614;205;81;226;land;false;plains;1
6615;180;200;137;land;false;plains;1
6616;248;220;58;land;false;plains;1
6617;221;228;57;land;false;plains;1
6618;93;250;196;land;false;plains;1
6619;208;195;101;land;false;desert;1
6620;245;216;248;land;false;plains;1
6621;201;168;227;land;false;desert;1
6622;114;138;251;land;false;plains;1
6623;195;236;117;land;false;plains;1
6624;231;243;202;land;false;plains;1
6625;249;128;144;land;false;plains;1
6626;228;96;194;land;false;plains;1
6627;232;230;214;land;false;plains;1
6628;209;173;165;land;false;plains;1
6629;167;118;254;land;false;plains;1
6630;195;186;138;land;false;plains;1
6631;168;217;187;land;false;plains;1
6632;95;241;195;land;false;plains;1
6633;235;228;142;land;false;mountain;1
6634;250;203;98;land;false;plains;1
6635;140;252;125;land;false;plains;1
6636;128;190;240;land;false;plains;1
6637;163;214;248;land;false;plains;1
6638;254;9;246;land;false;plains;1
6639;214;183;207;land;false;mountain;1
6640;222;79;204;land;false;plains;1
6641;79;218;230;land;false;plains;1
6642;206;109;239;land;false;plains;1
6643;239;68;200;land;false;plains;1
6644;248;209;121;land;false;hills;1
6645;197;161;196;land;false;plains;1
6646;180;166;178;land;false;plains;1
6647;212;237;228;land;false;plains;1
6648;225;241;249;land;false;plains;1
6649;66;246;242;land;false;plains;1
6650;162;207;221;land;false;plains;1
6651;246;34;234;land;false;plains;1
6652;195;215;243;land;false;mountain;1
6653;140;217;148;land;false;plains;1
6654;236;148;238;land;false;plains;1
6655;205;252;249;land;false;plains;1
6656;185;204;159;land;false;plains;1
6657;204;184;150;land;false;hills;1
6658;158;217;138;land;false;plains;1
6659;229;141;153;land;false;plains;1
6660;161;174;225;land;false;desert;1
6661;206;95;254;land;false;plains;1
6662;195;94;217;land;false;plains;1
6663;183;221;218;land;false;plains;1
6664;219;144;224;land;false;plains;1
6665;157;184;254;land;false;plains;1
6666;105;183;230;land;false;plains;1
6667;126;206;224;land;false;mountain;1
6668;196;156;208;land;false;plains;1
6669;243;239;176;land;false;plains;1
6670;243;238;52;land;false;plains;1
6671;74;248;243;land;false;plains;1
6672;150;193;226;land;false;plains;1
6673;247;131;248;land;false;plains;1
6674;106;242;215;land;false;plains;1
6675;211;177;211;land;false;plains;1
6676;249;209;243;land;false;plains;1
6677;194;210;140;land;false;desert;1
6678;230;245;147;land;false;plains;1
6679;217;222;196;land;false;plains;1
6680;161;239;161;land;false;mountain;1
6681;197;156;247;land;false;plains;1
6682;242;247;93;land;false;plains;1
6683;122;172;250;land;false;plains;1
6684;151;161;212;land;false;plains;1
6685;218;184;229;land;false;plains;1
6686;221;200;121;land;false;plains;1
6687;140;249;246;land;false;plains;1
6688;108;252;173;land;true;plains;1
6689;205;186;166;land;false;plains;1
6690;233;179;141;land;false;plains;1
6691;111;233;232;land;false;desert;1
6692;211;189;218;land;false;plains;1
6693;189;209;242;land;false;plains;1
6694;225;154;145;land;false;plains;1
6695;188;227;182;land;false;plains;1
6696;76;248;200;land;false;plains;1
6697;106;232;195;land;false;plains;1
6698;247;190;126;land;false;plains;1
6699;223;153;231;land;false;plains;1
6700;169;235;151;land;false;plains;1
6701;146;160;221;land;false;plains;1
6702;173;165;191;land;false;plains;1
6703;182;113;233;land;false;plains;1
6704;201;126;198;land;false;plains;1
6705;168;240;109;land;false;desert;1
6706;80;248;239;land;false;plains;1
6707;235;224;148;land;false;plains;1
6708;248;163;241;land;false;plains;1
6709;99;219;225;land;false;desert;1
6710;218;246;216;land;false;plains;1
6711;135;227;153;land;false;desert;1
6712;189;81;249;land;false;plains;1
6713;140;130;241;land;false;plains;1
6714;221;173;124;land;false;marsh;1
6715;178;201;191;land;false;marsh;1
6716;170;197;222;land;false;plains;1
6717;210;251;139;land;false;plains;1
6718;219;106;216;land;false;plains;1
6719;201;175;148;land;false;plains;1
6720;80;233;219;land;false;plains;1
6721;211;168;199;land;false;plains;1
6722;106;175;225;land;false;desert;1
6723;133;191;243;land;false;desert;1
6724;205;178;184;land;false;plains;1
6725;227;217;68;land;false;plains;1
6726;193;229;141;land;false;plains;1
6727;66;253;217;land;false;desert;1
6728;86;191;245;land;false;desert;1
6729;248;187;164;land;false;plains;1
6730;83;208;220;land;false;plains;1
6731;165;172;223;land;false;plains;1
6732;248;63;253;land;false;plains;1
6733;166;114;234;land;false;plains;1
6734;174;204;194;land;false;plains;1
6735;108;221;197;land;false;desert;1
6736;250;245;67;land;false;plains;1
6737;177;239;231;land;false;plains;1
6738;209;205;184;land;false;plains;1
6739;240;230;209;land;false;plains;1
6740;70;252;252;land;false;plains;1
6741;118;225;181;land;false;plains;1
6742;185;160;160;land;false;plains;1
6743;144;241;124;land;false;plains;1
6744;223;189;233;land;false;desert;1
6745;113;175;234;land;false;plains;1
6746;146;137;245;land;false;plains;1
6747;132;245;148;land;false;plains;1
6748;213;230;159;land;false;plains;1
6749;156;206;143;land;false;plains;1
6750;197;246;196;land;false;plains;1
6751;113;214;210;land;false;plains;1
6752;219;236;49;land;false;plains;1
6753;244;143;238;land;false;plains;1
6754;200;246;220;land;false;plains;1
6755;219;218;159;land;false;plains;1
6756;217;244;229;land;false;plains;1
6757;244;196;188;land;false;hills;1
6758;198;210;136;land;false;plains;1
6759;243;244;42;land;false;plains;1
6760;191;217;244;land;false;plains;1
6761;181;206;204;land;false;plains;1
6762;245;53;214;land;false;plains;1
6763;217;196;223;land;false;plains;1
6764;125;213;173;land;false;plains;1
6765;85;214;248;land;false;plains;1
6766;146;190;182;land;false;desert;1
6767;186;212;188;land;false;plains;1
6768;196;179;155;land;false;plains;1
6769;245;201;135;land;false;plains;1
6770;241;131;244;land;false;desert;1
6771;128;225;214;land;false;plains;1
6772;167;243;151;land;false;plains;1
6773;194;233;250;land;false;plains;1
6774;242;155;175;land;false;desert;1
6775;243;156;194;land;false;plains;1
6776;76;215;211;land;false;plains;1
6777;200;192;209;land;false;plains;1
6778;210;121;234;land;false;desert;1
6779;223;98;189;land;false;plains;1
6780;212;149;147;land;false;plains;1
6781;241;103;245;land;false;plains;1
6782;170;227;109;land;false;plains;1
6783;184;178;206;land;false;plains;1
6784;166;249;147;land;false;plains;1
6785;221;129;240;land;false;hills;1
6786;147;233;246;land;false;plains;1
6787;249;231;110;land;false;plains;1
6788;206;168;129;land;false;plains;1
6789;124;211;251;land;false;plains;1
6790;230;252;253;land;false;desert;1
6791;237;204;220;land;false;plains;1
6792;201;250;128;land;false;plains;1
6793;232;154;124;land;false;plains;1
6794;246;229;192;land;false;plains;1
6795;185;231;230;land;false;plains;1
6796;209;129;233;land;false;plains;1
6797;234;157;122;land;false;plains;1
6798;195;220;254;land;false;plains;1
6799;182;248;191;land;false;plains;1
6800;195;244;124;land;false;plains;1
6801;229;221;233;land;false;plains;1
6802;164;250;179;land;false;mountain;1
6803;234;158;175;land;false;plains;1
6804;221;190;140;land;false;plains;1
6805;225;211;166;land;false;plains;1
6806;251;13;243;land;false;plains;1
6807;147;206;182;land;false;plains;1
6808;252;205;65;land;false;plains;1
6809;228;198;79;land;false;plains;1
6810;233;213;151;land;false;plains;1
6811;238;202;195;land;false;plains;1
6812;127;187;216;land;false;plains;1
6813;175;222;234;land;false;plains;1
6814;219;223;212;land;false;plains;1
6815;235;150;156;land;false;plains;1
6816;197;223;225;land;false;plains;1
6817;231;136;208;land;false;mountain;1
6818;190;202;129;land;false;plains;1
6819;240;190;198;land;false;hills;1
6820;202;50;249;land;false;plains;1
6821;203;230;147;land;false;plains;1
6822;223;125;202;land;false;desert;1
6823;195;220;135;land;false;plains;1
6824;118;227;167;land;false;plains;1
6825;204;149;176;land;false;plains;1
6826;250;202;154;land;false;desert;1
6827;189;233;120;land;false;plains;1
6828;202;122;225;land;false;plains;1
6829;196;160;214;land;false;plains;1
6830;249;230;36;land;false;plains;1
6831;131;252;253;land;false;plains;1
6832;193;176;210;land;false;plains;1
6833;200;181;133;land;false;plains;1
6834;131;231;239;land;false;plains;1
6835;215;114;246;land;false;plains;1
6836;216;91;204;land;false;plains;1
6837;128;200;253;land;false;plains;1
6838;245;144;222;land;false;plains;1
6839;108;210;194;land;false;plains;1
6840;207;233;98;land;false;plains;1
6841;174;210;229;land;false;plains;1
6842;218;110;238;land;false;desert;1
6843;176;123;252;land;false;plains;1
6844;181;112;247;land;false;plains;1
6845;198;190;167;land;false;hills;1
6846;206;152;210;land;false;desert;1
6847;236;152;177;land;false;plains;1
6848;216;149;159;land;false;plains;1
6849;235;205;159;land;false;plains;1
6850;143;138;238;land;false;desert;1
6851;166;150;224;land;false;plains;1
6852;208;200;206;land;false;desert;1
6853;234;189;159;land;false;desert;1
6854;214;36;253;land;false;marsh;1
6855;205;215;205;land;false;plains;1
6856;168;205;164;land;false;plains;1
6857;251;48;228;land;false;desert;1
6858;180;208;156;land;false;plains;1
6859;209;90;247;land;false;plains;1
6860;249;233;119;land;false;plains;1
6861;152;125;251;land;false;plains;1
6862;216;212;214;land;false;plains;1
6863;253;126;132;land;false;plains;1
6864;239;177;145;land;false;plains;1
6865;176;204;247;land;false;plains;1
6866;213;241;83;land;false;desert;1
6867;246;184;142;land;false;plains;1
6868;250;190;235;land;false;plains;1
6869;177;218;201;land;false;plains;1
6870;117;228;246;land;false;desert;1
6871;135;179;253;land;false;plains;1
6872;153;110;239;land;false;plains;1
6873;250;167;238;land;false;plains;1
6874;235;153;141;land;false;plains;1
6875;235;146;254;land;false;desert;1
6876;89;220;205;land;false;desert;1
6877;233;135;182;land;false;plains;1
6878;154;227;190;land;true;plains;1
6879;161;245;186;land;false;plains;1
6880;235;208;158;land;false;desert;1
6881;208;143;175;land;false;plains;1
6882;219;100;233;land;false;plains;1
6883;64;250;252;land;false;plains;1
6884;216;220;251;land;false;plains;1
6885;237;191;107;land;false;plains;1
6886;18;254;250;land;false;plains;1
6887;147;232;244;land;false;desert;1
6888;227;223;178;land;false;desert;1
6889;186;107;228;land;false;plains;1
6890;223;222;87;land;false;desert;1
6891;171;211;135;land;false;plains;1
6892;171;240;239;land;false;plains;1
6893;238;196;210;land;false;plains;1
6894;241;105;172;land;false;plains;1
6895;228;106;222;land;false;desert;1
6896;187;224;109;land;false;plains;1
6897;75;254;234;land;false;plains;1
6898;247;220;73;land;false;plains;1
6899;234;136;156;land;false;mountain;1
6900;114;231;248;land;true;plains;1
6901;174;233;156;land;false;desert;1
6902;146;247;221;land;false;plains;1
6903;171;201;131;land;false;plains;1
6904;195;214;123;land;false;plains;1
6905;241;240;159;land;false;desert;1
6906;243;110;231;land;false;desert;1
6907;72;222;229;land;false;plains;1
6908;134;229;243;land;false;plains;1
6909;201;239;202;land;false;plains;1
6910;194;176;218;land;false;desert;1
6911;175;190;242;land;false;plains;1
6912;74;245;234;land;false;plains;1
6913;116;235;173;land;false;plains;1
6914;249;247;216;land;false;plains;1
6915;224;201;87;land;false;marsh;1
6916;239;205;249;land;false;desert;1
6917;224;149;190;land;false;plains;1
6918;236;210;158;land;false;plains;1
6919;162;242;244;land;false;desert;1
6920;170;208;207;land;false;plains;1
6921;238;175;128;land;false;desert;1
6922;204;129;207;land;false;plains;1
6923;170;189;152;land;false;plains;1
6924;221;253;163;land;false;plains;1
6925;239;243;95;land;false;desert;1
6926;149;119;236;land;false;plains;1
6927;182;194;206;land;false;plains;1
6928;196;185;148;land;false;plains;1
6929;234;62;224;land;false;desert;1
6930;236;179;157;land;false;plains;1
6931;136;197;197;land;false;plains;1
6932;250;219;36;land;false;plains;1
6933;195;254;109;land;false;mountain;1
6934;237;61;250;land;false;desert;1
6935;168;118;245;land;false;plains;1
6936;208;193;139;land;false;plains;1
6937;18;248;236;land;false;plains;1
6938;136;225;143;land;false;plains;1
6939;160;124;254;land;false;plains;1
6940;226;104;176;land;false;plains;1
6941;172;215;153;land;false;plains;1
6942;134;175;241;land;false;desert;1
6943;135;250;243;land;false;desert;1
6944;211;210;160;land;false;plains;1
6945;219;178;212;land;false;plains;1
6946;244;131;226;land;false;plains;1
6947;233;220;238;land;false;plains;1
6948;211;215;231;land;false;plains;1
6949;128;225;254;land;false;plains;1
6950;144;246;238;land;false;plains;1
6951;194;164;144;land;false;desert;1
6952;226;237;180;land;false;desert;1
6953;85;254;163;land;false;desert;1
6954;160;182;215;land;false;plains;1
6955;157;221;135;land;false;plains;1
6956;225;193;254;land;false;plains;1
6957;225;224;60;land;false;plains;1
6958;166;242;182;land;false;plains;1
6959;218;197;129;land;false;plains;1
6960;120;191;209;land;false;plains;1
6961;235;94;245;land;false;plains;1
6962;163;133;238;land;false;desert;1
6963;229;112;217;land;false;plains;1
6964;221;139;190;land;false;plains;1
6965;221;221;108;land;false;plains;1
6966;131;181;205;land;false;plains;1
6967;163;238;205;land;false;hills;1
6968;216;80;223;land;false;plains;1
6969;216;91;224;land;false;desert;1
6970;153;241;201;land;false;plains;1
6971;216;211;160;land;false;plains;1
6972;91;209;233;land;false;desert;1
6973;208;213;82;land;false;plains;1
6974;233;132;148;land;false;plains;1
6975;173;223;250;land;false;plains;1
6976;253;75;245;land;false;plains;1
6977;205;236;137;land;false;desert;1
6978;222;153;221;land;false;plains;1
6979;199;172;236;land;false;plains;1
6980;209;244;228;land;false;desert;1
6981;219;199;191;land;false;desert;1
6982;120;156;253;land;false;plains;1
6983;162;169;189;land;false;plains;1
6984;198;72;233;land;false;plains;1
6985;113;218;217;land;false;plains;1
6986;240;140;190;land;false;plains;1
6987;183;218;163;land;false;plains;1
6988;89;205;221;land;false;desert;1
6989;208;108;197;land;false;plains;1
6990;132;192;232;land;false;plains;1
6991;243;182;217;land;false;hills;1
6992;222;142;183;land;false;plains;1
6993;143;205;194;land;false;plains;1
6994;251;105;175;land;false;plains;1
6995;230;199;236;land;false;plains;1
6996;134;193;201;land;false;plains;1
6997;229;244;40;land;false;plains;1
6998;200;225;218;land;false;plains;1
6999;226;152;217;land;false;desert;1
7000;242;183;164;land;false;plains;1
7001;245;161;97;land;false;plains;1
7002;243;185;130;land;false;plains;1
7003;229;179;166;land;false;plains;1
7004;159;253;246;land;false;plains;1
7005;156;243;158;land;false;desert;1
7006;157;222;205;land;false;plains;1
7007;223;114;242;land;false;plains;1
7008;217;133;202;land;false;desert;1
7009;100;201;218;land;false;desert;1
7010;111;181;245;land;false;plains;1
7011;235;207;94;land;false;plains;1
7012;223;225;192;land;false;desert;1
7013;145;173;204;land;false;plains;1
7014;201;142;254;land;false;desert;1
7015;93;251;192;land;false;plains;1
7016;120;197;225;land;false;plains;1
7017;135;169;242;land;false;desert;1
7018;250;201;144;land;false;plains;1
7019;245;241;49;land;false;desert;1
7020;214;210;87;land;false;plains;1
7021;209;232;201;land;false;plains;1
7022;243;114;148;land;false;plains;1
7023;231;126;222;land;false;plains;1
7024;242;205;70;land;false;plains;1
7025;188;197;218;land;false;desert;1
7026;234;184;226;land;false;plains;1
7027;235;216;137;land;false;plains;1
7028;246;110;147;land;false;desert;1
7029;235;217;127;land;false;plains;1
7030;238;189;163;land;false;plains;1
7031;192;253;175;land;false;plains;1
7032;234;221;176;land;false;desert;1
7033;192;148;236;land;false;plains;1
7034;201;172;154;land;false;desert;1
7035;114;207;190;land;false;desert;1
7036;237;156;242;land;false;plains;1
7037;127;247;229;land;false;desert;1
7038;69;228;233;land;false;desert;1
7039;73;239;234;land;false;plains;1
7040;191;73;252;land;false;plains;1
7041;173;211;161;land;false;plains;1
7042;234;213;219;land;false;plains;1
7043;249;120;210;land;false;plains;1
7044;148;209;150;land;true;plains;1
7045;207;189;200;land;true;plains;1
7046;115;232;170;land;false;plains;1
7047;196;213;152;land;false;desert;1
7048;151;103;252;land;false;desert;1
7049;202;144;166;land;false;plains;1
7050;253;246;227;land;false;plains;1
7051;214;144;172;land;false;desert;1
7052;216;205;132;land;false;plains;1
7053;243;252;217;land;false;plains;1
7054;248;173;105;land;false;plains;1
7055;245;82;242;land;false;plains;1
7056;113;251;169;land;false;desert;1
7057;185;146;195;land;false;plains;1
7058;166;102;254;land;false;plains;1
7059;145;201;226;land;false;plains;1
7060;118;235;206;land;false;plains;1
7061;91;188;223;land;false;plains;1
7062;190;186;162;land;false;plains;1
7063;61;212;254;land;false;plains;1
7064;215;92;227;land;false;plains;1
7065;218;140;207;land;false;plains;1
7066;245;213;165;land;false;plains;1
7067;246;210;186;land;false;plains;1
7068;232;237;101;land;false;desert;1
7069;56;231;237;land;false;plains;1
7070;227;214;156;land;false;plains;1
7071;236;128;208;land;false;desert;1
7072;147;241;210;land;false;plains;1
7073;221;95;199;land;false;plains;1
7074;235;163;119;land;false;plains;1
7075;190;153;238;land;false;plains;1
7076;204;244;161;land;false;hills;1
7077;247;123;200;land;false;plains;1
7078;98;238;241;land;false;plains;1
7079;192;208;124;land;false;plains;1
7080;207;244;210;land;false;desert;1
7081;187;230;239;land;false;plains;1
7082;109;217;222;land;false;desert;1
7083;247;202;119;land;false;plains;1
7084;253;155;249;land;false;desert;1
7085;106;220;211;land;false;plains;1
7086;117;251;230;land;false;plains;1
7087;242;148;209;land;false;plains;1
7088;201;218;105;land;false;plains;1
7089;180;237;184;land;false;plains;1
7090;139;242;148;land;false;hills;1
7091;157;248;223;land;false;plains;1
7092;184;148;177;land;false;plains;1
7093;199;87;215;land;false;plains;1
7094;234;188;149;land;false;plains;1
7095;207;133;237;land;false;plains;1
7096;220;150;169;land;false;plains;1
7097;186;196;237;land;false;desert;1
7098;190;181;190;land;false;plains;1
7099;27;227;250;land;false;plains;1
7100;196;192;215;land;false;desert;1
7101;246;154;151;land;false;desert;1
7102;187;165;201;land;false;plains;1
7103;245;87;170;land;false;plains;1
7104;247;167;137;land;false;plains;1
7105;173;144;228;land;false;plains;1
7106;114;232;233;land;false;plains;1
7107;147;253;222;land;false;desert;1
7108;123;220;199;land;false;desert;1
7109;190;115;197;land;false;hills;1
7110;236;125;211;land;false;plains;1
7111;157;243;198;land;false;plains;1
7112;191;235;167;land;false;plains;1
7113;150;250;103;land;false;hills;1
7114;132;177;230;land;false;plains;1
7115;111;254;187;land;false;plains;1
7116;219;233;53;land;true;plains;1
7117;251;242;54;land;false;desert;1
7118;76;254;182;land;false;plains;1
7119;234;159;192;land;false;plains;1
7120;167;181;176;land;false;plains;1
7121;191;219;174;land;false;plains;1
7122;90;248;174;land;false;plains;1
7123;206;137;191;land;false;plains;1
7124;171;138;229;land;false;plains;1
7125;183;247;140;land;false;plains;1
7126;44;227;250;land;false;desert;1
7127;253;231;66;land;false;plains;1
7128;181;217;206;land;false;desert;1
7129;172;243;103;land;false;plains;1
7130;173;201;243;land;false;plains;1
7131;109;239;215;land;false;plains;1
7132;158;198;150;land;false;plains;1
7133;179;166;229;land;false;plains;1
7134;175;146;229;land;false;desert;1
7135;230;157;123;land;false;plains;1
7136;221;103;212;land;false;plains;1
7137;171;242;188;land;false;plains;1
7138;237;92;173;land;false;plains;1
7139;220;211;200;land;false;plains;1
7140;231;232;235;land;false;hills;1
7141;222;159;141;land;false;plains;1
7142;187;108;239;land;false;plains;1
7143;142;199;183;land;false;plains;1
7144;215;109;238;land;false;plains;1
7145;237;213;69;land;false;hills;1
7146;245;183;189;land;false;plains;1
7147;195;172;241;land;false;plains;1
7148;244;160;133;land;false;plains;1
7149;233;117;167;land;false;desert;1
7150;212;87;245;land;false;plains;1
7151;170;241;117;land;false;plains;1
7152;48;230;247;land;false;plains;1
7153;192;80;246;land;false;plains;1
7154;110;212;205;land;false;plains;1
7155;216;172;218;land;false;plains;1
7156;166;246;114;land;false;desert;1
7157;220;183;140;land;false;plains;1
7158;248;175;224;land;false;plains;1
7159;110;226;217;land;false;plains;1
7160;94;205;226;land;false;plains;1
7161;211;216;143;land;false;plains;1
7162;206;244;160;land;false;desert;1
7163;148;221;156;land;false;desert;1
7164;133;186;252;land;false;plains;1
7165;165;218;250;land;false;plains;1
7166;245;189;147;land;false;plains;1
7167;109;233;195;land;false;plains;1
7168;176;246;199;land;false;plains;1
7169;245;172;239;land;false;desert;1
7170;130;252;149;land;false;desert;1
7171;222;254;54;land;false;plains;1
7172;250;129;230;land;false;plains;1
7173;153;171;208;land;false;plains;1
7174;207;239;129;land;false;plains;1
7175;246;161;110;land;false;plains;1
7176;201;199;166;land;false;plains;1
7177;216;254;157;land;false;plains;1
7178;254;124;214;land;false;plains;1
7179;225;221;110;land;false;plains;1
7180;192;124;246;land;false;desert;1
7181;234;222;93;land;false;plains;1
7182;62;244;245;land;false;hills;1
7183;197;230;101;land;false;plains;1
7184;184;178;252;land;false;plains;1
7185;116;229;189;land;false;desert;1
7186;243;189;192;land;false;desert;1
7187;225;162;232;land;false;plains;1
7188;243;251;140;land;false;desert;1
7189;224;240;129;land;false;plains;1
7190;153;236;151;land;false;desert;1
7191;143;231;202;land;false;plains;1
7192;243;102;213;land;false;desert;1
7193;215;169;155;land;false;plains;1
7194;154;169;251;land;false;desert;1
7195;236;246;181;land;false;hills;1
7196;217;73;247;land;false;plains;1
7197;241;139;126;land;false;plains;1
7198;225;245;40;land;false;plains;1
7199;73;226;238;land;false;plains;1
7200;76;240;196;land;false;plains;1
7201;212;186;120;land;true;plains;1
7202;124;133;244;land;false;desert;1
7203;46;236;226;land;false;plains;1
7204;252;136;148;land;false;plains;1
7205;171;165;219;land;false;plains;1
7206;226;119;231;land;false;plains;1
7207;212;189;228;land;false;plains;1
7208;222;224;227;land;false;plains;1
7209;148;207;166;land;false;plains;1
7210;162;113;254;land;false;desert;1
7211;238;191;219;land;false;plains;1
7212;228;237;240;land;false;plains;1
7213;218;157;218;land;false;desert;1
7214;234;235;241;land;false;plains;1
7215;233;145;184;land;false;desert;1
7216;238;207;239;land;false;plains;1
7217;123;245;177;land;false;plains;1
7218;183;218;180;land;false;desert;1
7219;241;154;139;land;false;plains;1
7220;186;92;224;land;false;plains;1
7221;184;199;188;land;false;plains;1
7222;238;239;163;land;false;plains;1
7223;204;140;185;land;false;plains;1
7224;179;108;231;land;false;plains;1
7225;228;209;107;land;false;desert;1
7226;128;168;253;land;false;desert;1
7227;153;201;202;land;false;plains;1
7228;240;192;151;land;false;plains;1
7229;213;153;145;land;false;plains;1
7230;245;194;92;land;false;plains;1
7231;180;217;188;land;false;plains;1
7232;189;223;95;land;false;desert;1
7233;94;232;177;land;false;plains;1
7234;163;123;243;land;false;plains;1
7235;242;217;75;land;false;urban;1
7236;244;106;212;land;false;plains;1
7237;134;241;178;land;false;plains;1
7238;245;201;249;land;false;plains;1
7239;229;131;212;land;false;desert;1
7240;165;213;212;land;false;plains;1
7241;222;171;166;land;false;urban;1
7242;218;177;174;land;false;plains;1
7243;140;215;209;land;false;plains;1
7244;213;205;216;land;false;plains;1
7245;135;208;164;land;false;desert;1
7246;226;46;229;land;false;plains;1
7247;126;168;209;land;false;plains;1
7248;218;189;131;land;false;plains;1
7249;219;164;211;land;false;plains;1
7250;117;233;188;land;false;plains;1
7251;77;180;251;land;false;desert;1
7252;70;238;201;land;false;plains;1
7253;248;182;204;land;false;desert;1
7254;92;254;197;land;false;urban;1
7255;241;112;179;land;false;plains;1
7256;235;175;119;land;false;plains;1
7257;160;207;225;land;false;plains;1
7258;110;242;191;land;false;plains;1
7259;93;229;228;land;false;plains;1
7260;228;232;213;land;false;plains;1
7261;190;233;243;land;false;desert;1
7262;144;132;246;land;false;plains;1
7263;243;212;189;land;false;plains;1
7264;239;33;247;land;false;desert;1
7265;175;166;177;land;false;plains;1
7266;241;59;251;land;false;plains;1
7267;197;92;214;land;false;plains;1
7268;135;191;254;land;false;plains;1
7269;74;218;231;land;false;plains;1
7270;243;22;250;land;false;plains;1
7271;242;37;249;land;false;plains;1
7272;177;219;160;land;false;plains;1
7273;250;227;235;land;false;plains;1
7274;232;81;207;land;false;plains;1
7275;250;112;176;land;false;plains;1
7276;147;189;201;land;false;plains;1
7277;222;164;246;land;false;plains;1
7278;213;234;61;land;false;plains;1
7279;251;134;198;land;false;desert;1
7280;117;154;246;land;false;urban;1
7281;227;218;169;land;false;plains;1
7282;125;244;202;land;false;plains;1
7283;207;253;233;land;false;plains;1
7284;199;246;199;land;false;desert;1
7285;59;232;230;land;false;plains;1
7286;152;214;206;land;false;plains;1
7287;197;226;111;land;false;plains;1
7288;220;197;224;land;false;desert;1
7289;220;246;93;land;false;plains;1
7290;243;91;246;land;false;plains;1
7291;171;223;112;land;false;plains;1
7292;211;204;153;land;false;urban;1
7293;241;194;173;land;false;urban;1
7294;248;112;142;land;false;plains;1
7295;179;194;249;land;false;plains;1
7296;165;166;246;land;false;plains;1
7297;159;214;217;land;false;urban;1
7298;243;45;241;land;false;plains;1
7299;148;201;190;land;false;plains;1
7300;245;203;146;land;false;plains;1
7301;211;135;183;land;false;plains;1
7302;240;235;159;land;false;desert;1
7303;228;200;223;land;false;plains;1
7304;213;244;123;land;false;plains;1
7305;240;195;189;land;false;plains;1
7306;214;236;86;land;false;plains;1
7307;219;171;221;land;false;desert;1
7308;150;230;203;land;false;desert;1
7309;234;212;121;land;false;plains;1
7310;251;115;147;land;false;plains;1
7311;233;189;199;land;false;plains;1
7312;91;249;241;land;false;desert;1
7313;129;244;183;land;false;plains;1
7314;237;231;49;land;false;plains;1
7315;188;129;217;land;false;plains;1
7316;249;96;197;land;false;plains;1
7317;238;237;200;land;false;plains;1
7318;247;174;161;land;false;plains;1
7319;206;228;239;land;false;plains;1
7320;151;237;220;land;false;plains;1
7321;240;168;154;land;false;plains;1
7322;185;99;238;land;false;plains;1
7323;155;216;198;land;false;plains;1
7324;241;180;136;land;false;plains;1
7325;218;243;246;land;false;plains;1
7326;161;242;144;land;false;plains;1
7327;209;229;223;land;false;plains;1
7328;241;161;105;land;false;plains;1
7329;212;172;207;land;false;plains;1
7330;240;230;41;land;true;plains;1
7331;138;228;178;land;false;plains;1
7332;235;175;102;land;false;desert;1
7333;236;159;254;land;false;plains;1
7334;220;178;131;land;false;plains;1
7335;194;175;233;land;false;plains;1
7336;159;219;228;land;false;urban;1
7337;191;213;161;land;false;desert;1
7338;185;192;226;land;false;desert;1
7339;254;167;113;land;false;desert;1
7340;169;208;200;land;false;plains;1
7341;247;200;151;land;false;plains;1
7342;83;209;227;land;false;plains;1
7343;168;200;156;land;false;desert;1
7344;230;130;253;land;false;urban;1
7345;246;237;187;land;false;plains;1
7346;247;146;112;land;false;plains;1
7347;141;188;214;land;false;plains;1
7348;202;156;154;land;false;plains;1
7349;139;219;238;land;false;urban;1
7350;197;155;205;land;false;plains;1
7351;235;240;64;land;false;desert;1
7352;157;119;248;land;false;plains;1
7353;212;172;120;land;false;plains;1
7354;173;177;228;land;false;plains;1
7355;246;137;118;land;false;desert;1
7356;82;253;172;land;false;plains;1
7357;147;222;144;land;false;plains;1
7358;207;252;185;land;false;plains;1
7359;245;200;95;land;false;plains;1
7360;171;199;197;land;true;plains;1
7361;180;192;158;land;false;plains;1
7362;206;165;219;land;false;plains;1
7363;245;245;217;land;false;plains;1
7364;219;113;196;land;false;desert;1
7365;245;147;143;land;false;plains;1
7366;199;198;149;land;false;plains;1
7367;253;203;63;land;false;plains;1
7368;199;214;102;land;false;desert;1
7369;150;243;189;land;false;plains;1
7370;242;250;20;land;false;plains;1
7371;94;221;237;land;false;plains;1
7372;238;56;254;land;false;plains;1
7373;68;233;251;land;false;plains;1
7374;185;254;112;land;false;plains;1
7375;146;207;164;land;false;plains;1
7376;205;135;228;land;false;plains;1
7377;179;143;218;land;false;plains;1
7378;251;197;225;land;false;plains;1
7379;252;131;180;land;false;plains;1
7380;217;209;101;land;false;plains;1
7381;154;240;192;land;false;plains;1
7382;87;252;182;land;false;plains;1
7383;184;194;147;land;false;desert;1
7384;208;211;197;land;false;plains;1
7385;221;213;135;land;false;desert;1
7386;248;53;221;land;false;urban;1
7387;64;246;235;land;false;plains;1
7388;52;242;242;land;false;plains;1
7389;205;88;216;land;false;plains;1
7390;242;201;162;land;false;desert;1
7391;244;73;254;land;false;plains;1
7392;117;235;243;land;false;plains;1
7393;241;189;149;land;false;desert;1
7394;196;208;138;land;false;plains;1
7395;233;105;172;land;false;plains;1
7396;199;163;209;land;false;plains;1
7397;245;106;151;land;false;desert;1
7398;200;179;178;land;false;plains;1
7399;171;221;167;land;false;plains;1
7400;234;175;148;land;false;plains;1
7401;190;185;161;land;false;plains;1
7402;211;163;174;land;false;desert;1
7403;171;242;90;land;false;plains;1
7404;211;243;101;land;false;plains;1
7405;241;223;234;land;false;plains;1
7406;176;245;219;land;false;plains;1
7407;126;237;215;land;false;plains;1
7408;144;223;170;land;false;desert;1
7409;236;132;149;land;false;plains;1
7410;220;147;145;land;false;plains;1
7411;179;186;211;land;false;desert;1
7412;153;228;227;land;false;plains;1
7413;246;180;236;land;false;plains;1
7414;64;203;234;land;false;urban;1
7415;241;254;63;land;false;plains;1
7416;246;157;232;land;false;plains;1
7417;233;254;246;land;false;plains;1
7418;206;204;168;land;false;plains;1
7419;201;166;217;land;false;plains;1
7420;217;157;152;land;false;plains;1
7421;224;244;102;land;false;desert;1
7422;112;186;215;land;false;plains;1
7423;170;144;243;land;false;plains;1
7424;200;202;129;land;true;plains;1
7425;208;205;152;land;false;desert;1
7426;167;177;192;land;false;plains;1
7427;119;246;189;land;false;plains;1
7428;122;247;184;land;false;plains;1
7429;146;153;237;land;false;plains;1
7430;146;175;185;land;false;plains;1
7431;223;193;159;land;false;plains;1
7432;223;73;243;land;false;urban;1
7433;121;168;245;land;false;plains;1
7434;166;252;93;land;false;urban;1
7435;195;228;180;land;false;desert;1
7436;92;184;242;land;false;hills;1
7437;155;177;221;land;false;plains;1
7438;251;182;182;land;false;plains;1
7439;207;133;186;land;false;plains;1
7440;252;219;127;land;false;urban;1
7441;227;193;208;land;false;plains;1
7442;246;213;82;land;false;plains;1
7443;201;174;164;land;false;urban;1
7444;250;211;243;land;false;plains;1
7445;144;243;231;land;false;plains;1
7446;166;251;136;land;false;plains;1
7447;250;228;144;land;false;plains;1
7448;187;202;168;land;false;plains;1
7449;252;96;225;land;false;plains;1
7450;149;253;224;land;false;desert;1
7451;228;201;206;land;false;desert;1
7452;254;201;243;land;false;plains;1
7453;242;205;247;land;false;plains;1
7454;176;229;214;land;false;plains;1
7455;241;250;35;land;false;desert;1
7456;131;226;247;land;false;plains;1
7457;232;225;198;land;false;plains;1
7458;172;234;140;land;false;plains;1
7459;193;128;221;land;false;urban;1
7460;207;243;201;land;false;desert;1
7461;133;200;250;land;false;desert;1
7462;233;217;252;land;false;plains;1
7463;231;223;103;land;false;plains;1
7464;213;205;149;land;false;plains;1
7465;181;193;164;land;false;plains;1
7466;251;235;74;land;false;urban;1
7467;226;101;198;land;false;urban;1
7468;167;250;100;land;false;plains;1
7469;153;233;186;land;false;desert;1
7470;216;209;141;land;false;desert;1
7471;201;221;188;land;false;plains;1
7472;233;116;234;land;false;plains;1
7473;146;177;231;land;false;plains;1
7474;61;252;244;land;false;plains;1
7475;128;249;198;land;false;plains;1
7476;75;238;251;land;false;plains;1
7477;111;224;210;land;false;plains;1
7478;202;233;138;land;false;plains;1
7479;221;193;135;land;false;urban;1
7480;142;224;185;land;false;urban;1
7481;66;190;248;land;false;plains;1
7482;234;207;185;land;false;plains;1
7483;246;73;211;land;false;plains;1
7484;132;135;248;land;false;desert;1
7485;157;188;244;land;false;plains;1
7486;203;166;172;land;false;plains;1
7487;138;195;209;land;false;plains;1
7488;156;254;153;land;false;plains;1
7489;187;161;212;land;false;plains;1
7490;199;145;208;land;false;desert;1
7491;218;218;132;land;false;plains;1
7492;168;236;147;land;false;urban;1
7493;126;238;210;land;false;desert;1
7494;158;177;171;land;false;plains;1
7495;79;236;231;land;false;plains;1
7496;148;216;232;land;false;plains;1
7497;241;191;247;land;false;plains;1
7498;236;181;108;land;false;plains;1
7499;21;248;236;land;false;desert;1
7500;173;94;239;land;false;plains;1
7501;202;225;212;land;false;plains;1
7502;162;149;204;land;false;plains;1
7503;207;204;158;land;false;plains;1
7504;192;235;123;land;true;plains;1
7505;200;191;131;land;false;desert;1
7506;244;254;204;land;false;plains;1
7507;213;111;228;land;false;desert;1
7508;188;160;157;land;false;plains;1
7509;228;50;224;land;false;urban;1
7510;62;237;221;land;false;desert;1
7511;129;162;220;land;false;plains;1
7512;212;132;250;land;false;plains;1
7513;117;201;244;land;false;hills;1
7514;201;146;198;land;false;plains;1
7515;198;238;237;land;false;plains;1
7516;239;176;243;land;false;plains;1
7517;178;207;223;land;false;plains;1
7518;215;116;189;land;false;urban;1
7519;249;239;79;land;false;desert;1
7520;243;144;203;land;false;desert;1
7521;234;135;246;land;false;plains;1
7522;214;191;192;land;false;urban;1
7523;174;233;173;land;false;plains;1
7524;70;191;244;land;false;plains;1
7525;250;154;244;land;false;plains;1
7526;205;170;232;land;false;plains;1
7527;157;221;174;land;false;plains;1
7528;68;218;226;land;false;plains;1
7529;253;117;217;land;false;plains;1
7530;216;156;146;land;false;desert;1
7531;167;153;185;land;false;plains;1
7532;201;139;237;land;false;desert;1
7533;78;230;249;land;false;plains;1
7534;251;230;109;land;false;desert;1
7535;122;196;197;land;false;urban;1
7536;226;237;147;land;false;plains;1
7537;149;173;234;land;false;plains;1
7538;190;153;186;land;false;desert;1
7539;221;224;89;land;false;desert;1
7540;211;191;150;land;false;plains;1
7541;153;217;233;land;false;desert;1
7542;212;123;238;land;false;desert;1
7543;241;208;197;land;false;desert;1
7544;244;124;155;land;false;urban;1
7545;204;214;133;land;false;desert;1
7546;221;145;192;land;false;plains;1
7547;194;143;167;land;false;plains;1
7548;97;246;215;land;false;plains;1
7549;243;205;127;land;false;desert;1
7550;214;120;232;land;false;plains;1
7551;217;59;237;land;false;plains;1
7552;236;59;241;land;false;desert;1
7553;224;254;94;land;false;desert;1
7554;228;133;201;land;false;plains;1
7555;203;139;159;land;false;plains;1
7556;194;228;147;land;false;plains;1
7557;212;117;233;land;false;plains;1
7558;126;151;251;land;false;plains;1
7559;253;191;211;land;false;plains;1
7560;248;163;167;land;false;plains;1
7561;199;130;229;land;false;plains;1
7562;247;227;232;land;false;desert;1
7563;230;242;33;land;false;urban;1
7564;172;216;129;land;false;urban;1
7565;206;222;243;land;false;plains;1
7566;46;241;217;land;false;plains;1
7567;116;225;223;land;true;plains;1
7568;249;180;161;land;false;plains;1
7569;247;71;251;land;false;plains;1
7570;229;44;232;land;false;desert;1
7571;189;123;242;land;false;plains;1
7572;132;207;223;land;false;urban;1
7573;174;136;248;land;false;plains;1
7574;244;249;204;land;false;plains;1
7575;96;229;232;land;false;desert;1
7576;241;47;242;land;false;desert;1
7577;200;254;116;land;false;plains;1
7578;61;227;253;land;true;plains;1
7579;151;232;219;land;false;plains;1
7580;191;241;90;land;false;plains;1
7581;156;164;237;land;false;plains;1
7582;158;230;228;land;false;desert;1
7583;201;98;241;land;false;desert;1
7584;236;183;147;land;false;plains;1
7585;241;173;251;land;false;desert;1
7586;84;248;216;land;false;desert;1
7587;210;204;215;land;false;plains;1
7588;246;168;253;land;false;plains;1
7589;224;215;214;land;false;plains;1
7590;214;248;75;land;false;plains;1
7591;220;201;238;land;false;plains;1
7592;221;210;221;land;false;desert;1
7593;246;203;229;land;false;desert;1
7594;233;207;72;land;false;desert;1
7595;198;118;209;land;false;desert;1
7596;244;201;171;land;false;plains;1
7597;230;74;231;land;false;desert;1
7598;250;219;121;land;false;desert;1
7599;185;182;146;land;false;desert;1
7600;248;84;187;land;false;plains;1
7601;189;180;141;land;false;plains;1
7602;225;166;111;land;false;plains;1
7603;108;214;253;land;false;plains;1
7604;174;152;229;land;false;plains;1
7605;193;99;237;land;false;desert;1
7606;154;207;229;land;false;desert;1
7607;224;102;180;land;false;desert;1
7608;99;253;152;land;false;urban;1
7609;174;226;231;land;false;plains;1
7610;185;219;152;land;false;plains;1
7611;170;240;163;land;false;desert;1
7612;140;238;247;land;false;plains;1
7613;253;177;151;land;false;plains;1
7614;171;252;146;land;false;plains;1
7615;187;215;207;land;false;plains;1
7616;187;115;247;land;false;desert;1
7617;230;152;163;land;false;plains;1
7618;244;237;168;land;false;plains;1
7619;143;229;238;land;false;desert;1
7620;122;192;214;land;false;desert;1
7621;252;111;236;land;false;desert;1
7622;138;199;234;land;false;desert;1
7623;197;165;184;land;false;desert;1
7624;180;236;185;land;false;plains;1
7625;229;142;180;land;false;plains;1
7626;194;151;216;land;false;desert;1
7627;167;198;200;land;false;plains;1
7628;149;185;210;land;false;desert;1
7629;209;237;79;land;false;desert;1
7630;244;156;213;land;false;desert;1
7631;233;80;219;land;false;plains;1
7632;110;246;158;land;false;plains;1
7633;193;173;160;land;false;plains;1
7634;250;158;245;land;false;plains;1
7635;204;253;251;land;false;desert;1
7636;196;179;246;land;false;plains;1
7637;97;199;252;land;false;plains;1
7638;115;183;244;land;false;plains;1
7639;243;98;171;land;false;plains;1
7640;175;127;250;land;false;desert;1
7641;212;163;133;land;false;urban;1
7642;239;39;249;land;true;plains;1
7643;213;151;247;land;false;plains;1
7644;68;234;252;land;false;plains;1
7645;117;199;194;land;false;desert;1
7646;224;153;160;land;false;desert;1
7647;77;227;228;land;false;desert;1
7648;181;176;207;land;false;desert;1
7649;235;143;228;land;false;desert;1
7650;130;158;230;land;true;urban;1
7651;152;247;145;land;false;plains;1
7652;223;94;246;land;false;plains;1
7653;231;249;175;land;false;urban;1
7654;77;235;204;land;false;plains;1
7655;182;210;187;land;false;plains;1
7656;142;192;224;land;false;desert;1
7657;169;154;242;land;false;desert;1
7658;239;86;184;land;false;plains;1
7659;147;203;244;land;true;plains;1
7660;150;220;171;land;false;plains;1
7661;164;194;166;land;false;desert;1
7662;218;181;168;land;false;plains;1
7663;211;82;246;land;false;plains;1
7664;246;128;180;land;false;desert;1
7665;97;254;170;land;false;plains;1
7666;245;158;238;land;false;plains;1
7667;240;224;245;land;false;plains;1
7668;167;186;230;land;false;plains;1
7669;212;182;187;land;false;plains;1
7670;253;196;178;land;false;plains;1
7671;168;203;186;land;false;plains;1
7672;220;236;199;land;false;desert;1
7673;123;222;176;land;false;plains;1
7674;82;222;247;land;false;plains;1
7675;233;168;139;land;false;plains;1
7676;244;210;226;land;false;urban;1
7677;120;215;177;land;false;plains;1
7678;118;197;241;land;false;desert;1
7679;126;238;232;land;false;plains;1
7680;217;216;219;land;false;plains;1
7681;219;152;247;land;false;plains;1
7682;147;223;132;land;false;desert;1
7683;111;253;171;land;false;desert;1
7684;153;179;174;land;false;plains;1
7685;127;205;221;land;false;plains;1
7686;198;234;244;land;false;plains;1
7687;206;192;139;land;false;plains;1
7688;170;228;228;land;false;desert;1
7689;254;232;117;land;false;desert;1
7690;247;156;240;land;false;urban;1
7691;218;169;211;land;true;plains;1
7692;236;225;225;land;false;desert;1
7693;139;172;209;land;false;plains;1
7694;133;193;188;land;false;desert;1
7695;193;207;107;land;false;plains;1
7696;90;210;215;land;false;urban;1
7697;203;164;137;land;false;desert;1
7698;152;252;219;land;false;desert;1
7699;106;167;231;land;false;desert;1
7700;229;161;139;land;false;plains;1
7701;153;176;243;land;false;plains;1
7702;147;214;237;land;false;plains;1
7703;237;250;99;land;false;plains;1
7704;180;185;196;land;false;plains;1
7705;252;136;196;land;false;desert;1
7706;117;249;225;land;false;desert;1
7707;230;155;128;land;false;plains;1
7708;224;210;178;land;false;plains;1
7709;99;224;254;land;false;plains;1
7710;106;162;244;land;false;desert;1
7711;141;202;159;land;false;desert;1
7712;201;234;152;land;false;plains;1
7713;110;178;227;land;false;plains;1
7714;223;209;141;land;false;plains;1
7715;216;248;247;land;false;desert;1
7716;230;119;178;land;false;desert;1
7717;230;185;164;land;false;desert;1
7718;222;239;78;land;false;plains;1
7719;197;148;248;land;false;plains;1
7720;18;230;253;land;false;plains;1
7721;221;171;128;land;false;desert;1
7722;77;181;246;land;false;urban;1
7723;178;164;252;land;false;plains;1
7724;152;188;199;land;false;desert;1
7725;227;223;105;land;false;desert;1
7726;242;220;116;land;false;desert;1
7727;240;240;168;land;false;urban;1
7728;175;120;254;land;false;plains;1
7729;134;237;157;land;false;plains;1
7730;137;236;173;land;false;plains;1
7731;193;125;197;land;false;plains;1
7732;231;168;107;land;false;plains;1
7733;51;219;253;land;false;plains;1
7734;239;167;104;land;false;plains;1
7735;178;145;236;land;false;desert;1
7736;210;133;163;land;false;plains;1
7737;208;253;55;land;false;desert;1
7738;200;210;102;land;false;desert;1
7739;159;174;223;land;false;desert;1
7740;242;239;212;land;false;plains;1
7741;198;192;234;land;false;urban;1
7742;254;212;147;land;false;plains;1
7743;208;92;223;land;false;plains;1
7744;115;234;252;land;false;plains;1
7745;213;239;143;land;false;plains;1
7746;209;176;130;land;false;plains;1
7747;226;220;144;land;false;desert;1
7748;193;120;245;land;false;plains;1
7749;175;249;162;land;false;plains;1
7750;128;233;157;land;false;desert;1
7751;254;200;182;land;false;desert;1
7752;203;150;207;land;false;plains;1
7753;219;192;186;land;false;plains;1
7754;209;168;142;land;false;plains;1
7755;211;169;220;land;false;plains;1
7756;241;76;215;land;false;desert;1
7757;140;186;204;land;false;desert;1
7758;212;244;101;land;false;urban;1
7759;183;247;139;land;false;desert;1
7760;112;221;177;land;false;desert;1
7761;221;205;166;land;false;desert;1
7762;231;43;247;land;false;plains;1
7763;252;251;178;land;false;hills;1
7764;237;153;181;land;false;plains;1
7765;222;246;168;land;false;desert;1
7766;229;237;210;land;false;urban;1
7767;254;76;226;land;true;plains;1
7768;247;116;172;land;false;plains;1
7769;241;160;227;land;false;desert;1
7770;214;247;77;land;false;desert;1
7771;249;172;236;land;false;desert;1
7772;140;228;229;land;false;desert;1
7773;229;216;200;land;false;plains;1
7774;134;159;241;land;false;desert;1
7775;250;216;149;land;false;desert;1
7776;251;250;89;land;false;plains;1
7777;116;243;156;land;false;plains;1
7778;253;77;193;land;false;plains;1
7779;170;205;187;land;false;plains;1
7780;183;220;157;land;true;plains;1
7781;250;93;161;land;false;plains;1
7782;99;238;184;land;false;plains;1
7783;141;218;209;land;false;plains;1
7784;171;219;158;land;false;desert;1
7785;234;110;225;land;false;desert;1
7786;222;103;244;land;false;desert;1
7787;82;250;247;land;false;plains;1
7788;134;216;180;land;true;plains;1
7789;215;253;117;land;false;desert;1
7790;111;194;211;land;false;plains;1
7791;166;241;229;land;false;plains;1
7792;223;179;100;land;false;plains;1
7793;150;217;170;land;false;desert;1
7794;249;208;134;land;false;desert;1
7795;86;227;203;land;false;desert;1
7796;244;86;195;land;false;desert;1
7797;162;193;238;land;false;urban;1
7798;65;254;217;land;false;plains;1
7799;206;230;105;land;false;plains;1
7800;213;139;254;land;false;plains;1
7801;244;105;254;land;false;desert;1
7802;244;176;83;land;false;desert;1
7803;166;231;104;land;false;plains;1
7804;252;146;106;land;false;plains;1
7805;231;245;101;land;false;plains;1
7806;160;249;164;land;false;plains;1
7807;178;225;203;land;true;plains;1
7808;229;219;103;land;false;plains;1
7809;231;164;142;land;false;plains;1
7810;214;225;172;land;false;plains;1
7811;73;218;227;land;false;desert;1
7812;247;196;68;land;false;desert;1
7813;83;198;249;land;false;plains;1
7814;193;216;253;land;false;desert;1
7815;241;125;177;land;false;desert;1
7816;128;198;176;land;false;desert;1
7817;242;77;184;land;false;desert;1
7818;241;85;203;land;true;plains;1
7819;221;251;176;land;false;plains;1
7820;107;180;219;land;false;desert;1
7821;185;207;169;land;false;desert;1
7822;212;250;205;land;false;plains;1
7823;231;223;87;land;false;desert;1
7824;232;194;92;land;false;desert;1
7825;143;225;181;land;false;plains;1
7826;233;196;122;land;false;desert;1
7827;188;223;196;land;false;plains;1
7828;238;206;211;land;true;plains;1
7829;175;153;248;land;false;plains;1
7830;85;194;229;land;false;plains;1
7831;216;199;115;land;false;plains;1
7832;188;157;178;land;false;plains;1
7833;197;220;127;land;false;plains;1
7834;245;122;198;land;false;desert;1
7835;104;243;200;land;false;desert;1
7836;243;132;182;land;false;desert;1
7837;198;125;232;land;false;plains;1
7838;231;144;173;land;false;desert;1
7839;249;178;198;land;false;desert;1
7840;175;200;199;land;false;plains;1
7841;217;79;234;land;false;desert;1
7842;187;253;61;land;false;desert;1
7843;251;92;221;land;false;desert;1
7844;243;236;197;land;false;desert;1
7845;174;246;225;land;false;desert;1
7846;193;137;176;land;false;plains;1
7847;205;94;223;land;false;plains;1
7848;88;225;207;land;false;desert;1
7849;204;194;143;land;false;desert;1
7850;33;253;222;land;false;plains;1
7851;218;178;248;land;false;plains;1
7852;192;211;253;land;false;desert;1
7853;249;206;60;land;false;desert;1
7854;212;247;146;land;false;desert;1
7855;142;187;245;land;false;desert;1
7856;161;162;228;land;false;desert;1
7857;186;177;170;land;false;desert;1
7858;186;156;243;land;false;desert;1
7859;148;183;191;land;false;desert;1
7860;47;235;241;land;false;plains;1
7861;226;177;240;land;true;plains;1
7862;170;224;116;land;false;plains;1
7863;217;181;229;land;false;plains;1
7864;248;29;232;land;false;plains;1
7865;171;254;154;land;false;plains;1
7866;100;245;188;land;false;plains;1
7867;116;190;241;land;false;desert;1
7868;250;229;40;land;false;plains;1
7869;141;252;204;land;false;desert;1
7870;252;177;116;land;false;desert;1
7871;222;78;220;land;false;plains;1
7872;229;233;140;land;false;plains;1
7873;199;201;246;land;false;plains;1
7874;220;181;146;land;false;plains;1
7875;222;254;169;land;false;desert;1
7876;220;120;225;land;false;desert;1
7877;143;163;198;land;false;desert;1
7878;229;171;105;land;false;plains;1
7879;176;220;142;land;false;desert;1
7880;151;153;241;land;false;desert;1
7881;219;214;132;land;false;desert;1
7882;236;238;224;land;false;desert;1
7883;129;246;199;land;false;plains;1
7884;123;221;195;land;false;plains;1
7885;181;126;224;land;false;plains;1
7886;234;54;240;land;false;desert;1
7887;167;144;216;land;false;desert;1
7888;184;210;208;land;false;plains;1
7889;112;240;216;land;false;plains;1
7890;236;215;69;land;false;desert;1
7891;175;162;206;land;false;desert;1
7892;246;112;174;land;false;plains;1
7893;235;50;239;land;false;plains;1
7894;63;254;197;land;false;desert;1
7895;171;159;246;land;false;desert;1
7896;160;99;251;land;false;desert;1
7897;214;243;201;land;false;desert;1
7898;216;201;146;land;false;desert;1
7899;219;170;146;land;false;plains;1
7900;150;230;245;land;false;plains;1
7901;205;227;153;land;false;plains;1
7902;219;204;167;land;false;desert;1
7903;155;177;179;land;false;desert;1
7904;187;214;197;land;false;plains;1
7905;165;175;191;land;false;desert;1
7906;198;123;246;land;true;plains;1
7907;182;243;248;land;true;plains;1
7908;167;161;176;land;false;desert;1
7909;172;82;247;land;false;desert;1
7910;183;205;197;land;false;plains;1
7911;170;211;140;land;true;plains;1
7912;252;85;210;land;false;plains;1
7913;172;201;132;land;false;desert;1
7914;167;194;245;land;false;plains;1
7915;236;236;109;land;false;desert;1
7916;213;205;159;land;false;plains;1
7917;196;242;96;land;false;plains;1
7918;239;160;173;land;false;plains;1
7919;185;246;128;land;false;plains;1
7920;206;171;127;land;false;desert;1
7921;240;174;175;land;false;plains;1
7922;174;196;201;land;false;plains;1
7923;206;253;238;land;false;plains;1
7924;253;249;211;land;false;desert;1
7925;249;150;153;land;false;desert;1
7926;167;240;178;land;false;desert;1
7927;173;226;157;land;false;desert;1
7928;239;232;134;land;false;plains;1
7929;236;170;122;land;false;plains;1
7930;43;216;252;land;false;desert;1
7931;174;242;202;land;false;desert;1
7932;153;253;185;land;false;desert;1
7933;165;242;222;land;false;desert;1
7934;154;174;178;land;true;plains;1
7935;229;87;204;land;false;plains;1
7936;153;220;192;land;false;plains;1
7937;215;165;182;land;true;plains;1
7938;244;48;211;land;true;plains;1
7939;229;134;235;land;false;plains;1
7940;204;246;77;land;false;desert;1
7941;252;148;193;land;false;plains;1
7942;215;239;193;land;false;plains;1
7943;207;232;238;land;false;desert;1
7944;167;206;251;land;false;desert;1
7945;226;138;152;land;false;plains;1
7946;203;220;173;land;true;plains;1
7947;87;219;227;land;false;plains;1
7948;194;252;73;land;false;desert;1
7949;242;221;249;land;false;desert;1
7950;231;156;122;land;false;desert;1
7951;184;248;181;land;false;plains;1
7952;65;249;189;land;false;plains;1
7953;190;211;179;land;true;plains;1
7954;167;171;178;land;false;desert;1
7955;84;227;230;land;false;plains;1
7956;171;217;237;land;false;plains;1
7957;216;254;248;land;false;plains;1
7958;173;242;231;land;false;plains;1
7959;102;223;193;land;false;plains;1
7960;226;211;238;land;false;plains;1
7961;239;215;97;land;false;desert;1
7962;143;155;219;land;false;desert;1
7963;190;243;245;land;false;plains;1
7964;214;117;175;land;false;plains;1
7965;236;123;174;land;false;plains;1
7966;182;88;243;land;false;plains;1
7967;158;243;169;land;false;plains;1
7968;163;133;217;land;false;plains;1
7969;198;113;221;land;false;plains;1
7970;218;207;117;land;false;desert;1
7971;150;228;240;land;false;desert;1
7972;193;231;162;land;false;plains;1
7973;175;178;213;land;true;plains;1
7974;117;158;234;land;false;desert;1
7975;138;214;228;land;false;desert;1
7976;177;183;189;land;false;desert;1
7977;191;143;195;land;false;plains;1
7978;212;145;225;land;true;plains;1
7979;243;148;238;land;true;plains;1
7980;249;84;183;land;false;plains;1
7981;249;195;147;land;false;desert;1
7982;158;235;172;land;false;desert;1
7983;198;246;117;land;false;desert;1
7984;139;206;209;land;false;desert;1
7985;182;228;226;land;false;desert;1
7986;228;235;39;land;false;plains;1
7987;245;213;161;land;false;plains;1
7988;208;238;113;land;false;plains;1
7989;118;195;242;land;false;desert;1
7990;189;231;199;land;false;plains;1
7991;248;243;123;land;false;plains;1
7992;235;239;110;land;false;desert;1
7993;236;249;163;land;false;plains;1
7994;184;243;240;land;false;desert;1
7995;202;247;127;land;false;desert;1
7996;168;244;131;land;false;desert;1
7997;243;235;39;land;false;desert;1
7998;254;19;237;land;false;desert;1
7999;145;215;210;land;false;plains;1
8000;105;186;212;land;false;plains;1
8001;209;246;208;land;false;desert;1
8002;198;213;190;land;false;desert;1
8003;231;117;200;land;false;desert;1
8004;145;121;241;land;false;plains;1
8005;227;129;208;land;false;plains;1
8006;215;158;212;land;false;desert;1
8007;193;145;245;land;false;desert;1
8008;225;213;146;land;false;desert;1
8009;235;144;171;land;false;desert;1
8010;201;127;216;land;false;plains;1
8011;249;175;250;land;true;plains;1
8012;233;196;212;land;false;desert;1
8013;245;177;216;land;false;desert;1
8014;252;85;226;land;false;desert;1
8015;188;144;198;land;false;plains;1
8016;204;224;165;land;false;plains;1
8017;233;175;181;land;false;plains;1
8018;170;84;253;land;false;plains;1
8019;228;175;203;land;false;plains;1
8020;108;244;166;land;false;plains;1
8021;240;226;220;land;false;plains;1
8022;188;228;109;land;false;desert;1
8023;200;168;175;land;false;desert;1
8024;247;224;245;land;false;desert;1
8025;143;134;246;land;false;desert;1
8026;193;230;103;land;false;desert;1
8027;226;202;175;land;false;desert;1
8028;218;188;244;land;false;plains;1
8029;231;153;245;land;false;plains;1
8030;207;129;236;land;false;plains;1
8031;211;228;213;land;false;plains;1
8032;239;76;188;land;false;plains;1
8033;102;219;253;land;false;plains;1
8034;148;145;242;land;false;desert;1
8035;206;217;217;land;false;desert;1
8036;213;65;236;land;false;desert;1
8037;239;194;151;land;false;desert;1
8038;249;133;209;land;false;desert;1
8039;253;146;192;land;false;desert;1
8040;171;162;253;land;false;desert;1
8041;202;170;166;land;false;plains;1
8042;37;222;248;land;false;plains;1
8043;222;175;150;land;false;plains;1
8044;252;238;78;land;false;plains;1
8045;160;221;188;land;false;desert;1
8046;152;245;158;land;false;desert;1
8047;187;174;175;land;false;desert;1
8048;182;109;220;land;false;desert;1
8049;134;193;214;land;false;desert;1
8050;253;108;171;land;false;plains;1
8051;158;250;120;land;true;plains;1
8052;245;142;128;land;false;plains;1
8053;119;240;195;land;false;plains;1
8054;216;214;160;land;false;desert;1
8055;199;234;196;land;false;desert;1
8056;208;111;217;land;false;plains;1
8057;133;249;229;land;false;plains;1
8058;128;246;133;land;false;desert;1
8059;253;114;219;land;false;desert;1
8060;229;234;221;land;false;desert;1
8061;244;62;218;land;false;plains;1
8062;181;111;253;land;false;desert;1
8063;147;169;242;land;false;plains;1
8064;149;216;227;land;true;plains;1
8065;147;238;196;land;false;plains;1
8066;221;235;229;land;false;desert;1
8067;229;104;213;land;false;desert;1
8068;245;209;244;land;false;desert;1
8069;244;194;250;land;false;plains;1
8070;81;218;248;land;false;desert;1
8071;231;247;67;land;false;desert;1
8072;130;123;254;land;false;desert;1
8073;252;208;112;land;false;desert;1
8074;254;140;237;land;false;plains;1
8075;209;48;253;land;false;plains;1
8076;198;202;145;land;false;plains;1
8077;243;96;226;land;false;desert;1
8078;230;246;183;land;false;plains;1
8079;98;244;248;land;false;desert;1
8080;224;249;85;land;false;desert;1
8081;178;238;103;land;false;desert;1
8082;191;223;203;land;false;desert;1
8083;188;194;240;land;false;plains;1
8084;242;254;219;land;false;plains;1
8085;193;83;240;land;false;plains;1
8086;117;206;213;land;false;desert;1
8087;157;175;183;land;false;desert;1
8088;225;245;123;land;false;desert;1
8089;225;187;159;land;false;desert;1
8090;252;224;222;land;false;plains;1
8091;157;201;253;land;false;plains;1
8092;226;185;151;land;false;plains;1
8093;180;98;248;land;false;desert;1
8094;161;165;177;land;false;desert;1
8095;193;183;199;land;false;plains;1
8096;168;238;184;land;false;plains;1
8097;194;253;88;land;false;plains;1
8098;167;210;149;land;false;plains;1
8099;199;114;192;land;true;plains;1
8100;227;184;127;land;false;plains;1
8101;252;249;174;land;false;plains;1
8102;197;153;207;land;false;desert;1
8103;216;192;187;land;false;plains;1
8104;218;38;249;land;false;plains;1
8105;90;222;242;land;false;desert;1
8106;199;103;243;land;false;desert;1
8107;243;136;203;land;false;desert;1
8108;234;252;176;land;false;desert;1
8109;107;242;173;land;false;desert;1
8110;70;202;235;land;true;plains;1
8111;222;124;157;land;false;desert;1
8112;222;195;168;land;false;desert;1
8113;139;241;228;land;false;desert;1
8114;207;174;128;land;false;desert;1
8115;198;214;233;land;false;desert;1
8116;179;123;240;land;false;desert;1
8117;160;202;149;land;false;desert;1
8118;238;114;239;land;false;desert;1
8119;71;188;248;land;false;desert;1
8120;194;235;248;land;false;plains;1
8121;198;148;217;land;false;plains;1
8122;240;174;216;land;false;plains;1
8123;253;157;230;land;false;plains;1
8124;166;180;197;land;false;desert;1
8125;253;186;253;land;false;plains;1
8126;237;117;167;land;false;plains;1
8127;226;251;212;land;false;desert;1
8128;232;248;230;land;false;plains;1
8129;247;91;200;land;false;desert;1
8130;234;223;234;land;false;plains;1
8131;233;186;145;land;false;desert;1
8132;74;245;189;land;false;desert;1
8133;181;122;226;land;false;desert;1
8134;243;244;104;land;false;desert;1
8135;225;201;226;land;false;desert;1
8136;154;173;187;land;false;plains;1
8137;181;220;200;land;false;plains;1
8138;149;214;176;land;false;desert;1
8139;241;158;116;land;false;plains;1
8140;209;247;232;land;false;plains;1
8141;244;201;66;land;false;plains;1
8142;201;195;140;land;false;plains;1
8143;152;245;249;land;false;plains;1
8144;234;198;104;land;false;plains;1
8145;227;234;55;land;false;plains;1
8146;172;204;151;land;false;plains;1
8147;205;139;228;land;false;plains;1
8148;77;189;241;land;false;plains;1
8149;252;100;238;land;true;plains;1
8150;201;243;148;land;false;desert;1
8151;210;236;81;land;false;desert;1
8152;196;149;177;land;false;desert;1
8153;68;236;217;land;false;desert;1
8154;237;185;236;land;false;plains;1
8155;208;241;79;land;false;plains;1
8156;228;147;229;land;false;plains;1
8157;208;242;140;land;false;desert;1
8158;251;126;176;land;false;plains;1
8159;229;137;221;land;false;desert;1
8160;185;155;204;land;false;desert;1
8161;209;224;110;land;false;plains;1
8162;218;88;244;land;false;plains;1
8163;195;233;134;land;false;desert;1
8164;233;175;149;land;false;desert;1
8165;131;143;254;land;false;desert;1
8166;72;234;235;land;false;plains;1
8167;144;240;156;land;false;desert;1
8168;189;208;157;land;false;plains;1
8169;212;121;185;land;false;plains;1
8170;165;221;197;land;false;desert;1
8171;175;234;101;land;false;desert;1
8172;122;246;215;land;false;plains;1
8173;59;236;226;land;false;plains;1
8174;233;181;97;land;false;plains;1
8175;90;219;192;land;false;plains;1
8176;238;177;147;land;false;desert;1
8177;168;190;186;land;false;desert;1
8178;230;73;236;land;false;plains;1
8179;233;165;167;land;false;plains;1
8180;254;185;126;land;true;plains;1
8181;205;183;223;land;false;desert;1
8182;146;234;175;land;false;plains;1
8183;189;251;224;land;false;desert;1
8184;137;252;139;land;false;plains;1
8185;226;186;133;land;false;plains;1
8186;178;219;232;land;false;desert;1
8187;229;211;70;land;false;plains;1
8188;240;171;183;land;true;plains;1
8189;184;156;165;land;false;plains;1
8190;136;251;165;land;false;plains;1
8191;208;205;199;land;false;desert;1
8192;250;227;182;land;false;desert;1
8193;98;203;201;land;false;plains;1
8194;196;212;123;land;false;desert;1
8195;184;138;232;land;false;desert;1
8196;120;202;227;land;false;desert;1
8197;247;167;150;land;false;desert;1
8198;241;164;204;land;false;plains;1
8199;217;243;215;land;false;plains;1
8200;250;219;147;land;false;plains;1
8201;112;222;200;land;true;plains;1
8202;161;167;181;land;false;plains;1
8203;109;201;205;land;false;plains;1
8204;214;190;185;land;false;desert;1
8205;191;201;159;land;false;plains;1
8206;217;218;237;land;false;plains;1
8207;92;244;248;land;false;desert;1
8208;251;106;249;land;true;plains;1
8209;233;242;121;land;false;plains;1
8210;183;171;176;land;false;plains;1
8211;253;212;219;land;false;desert;1
8212;231;102;183;land;false;desert;1
8213;165;207;170;land;false;plains;1
8214;206;200;222;land;false;plains;1
8215;232;45;240;land;false;desert;1
8216;147;236;126;land;false;desert;1
8217;227;176;240;land;false;desert;1
8218;237;236;164;land;false;desert;1
8219;206;79;224;land;false;desert;1
8220;183;200;247;land;false;desert;1
8221;46;236;230;land;false;plains;1
8222;187;229;219;land;false;plains;1
8223;250;48;220;land;true;plains;1
8224;226;149;161;land;false;plains;1
8225;175;223;175;land;false;desert;1
8226;251;152;161;land;false;plains;1
8227;239;102;192;land;false;desert;1
8228;135;223;220;land;false;plains;1
8229;227;104;195;land;false;desert;1
8230;240;184;218;land;false;desert;1
8231;194;165;179;land;false;plains;1
8232;252;145;207;land;false;desert;1
8233;246;245;208;land;false;plains;1
8234;179;240;133;land;false;plains;1
8235;215;96;191;land;false;plains;1
8236;253;156;161;land;true;plains;1
8237;232;241;221;land;false;desert;1
8238;252;114;140;land;false;desert;1
8239;132;244;233;land;false;plains;1
8240;240;98;174;land;true;plains;1
8241;227;117;220;land;false;desert;1
8242;232;220;54;land;false;plains;1
8243;250;122;244;land;false;plains;1
8244;236;242;148;land;false;desert;1
8245;124;157;238;land;true;plains;1
8246;224;204;211;land;false;desert;1
8247;155;191;185;land;false;desert;1
8248;173;170;226;land;false;plains;1
8249;217;112;196;land;false;plains;1
8250;188;207;243;land;false;plains;1
8251;253;241;9;land;false;desert;1
8252;214;67;247;land;false;desert;1
8253;209;248;98;land;false;desert;1
8254;248;162;91;land;false;plains;1
8255;213;174;233;land;false;plains;1
8256;251;244;204;land;false;plains;1
8257;176;197;240;land;false;plains;1
8258;242;110;172;land;false;plains;1
8259;171;225;202;land;false;plains;1
8260;204;192;125;land;false;plains;1
8261;119;237;151;land;false;desert;1
8262;168;171;171;land;false;plains;1
8263;252;134;138;land;true;plains;1
8264;162;211;239;land;false;plains;1
8265;206;218;204;land;false;plains;1
8266;240;253;23;land;false;desert;1
8267;248;110;212;land;false;plains;1
8268;172;176;176;land;false;plains;1
8269;69;227;216;land;false;plains;1
8270;97;227;252;land;false;plains;1
8271;244;121;169;land;false;desert;1
8272;199;224;195;land;false;plains;1
8273;186;194;194;land;true;plains;1
8274;229;213;152;land;false;plains;1
8275;245;120;232;land;false;desert;1
8276;254;172;175;land;false;desert;1
8277;246;131;228;land;false;desert;1
8278;218;240;132;land;false;plains;1
8279;191;147;163;land;false;plains;1
8280;251;159;204;land;false;plains;1
8281;217;201;90;land;false;plains;1
8282;239;178;108;land;false;plains;1
8283;224;158;130;land;false;plains;1
8284;234;243;212;land;false;desert;1
8285;184;204;198;land;false;plains;1
8286;208;209;216;land;false;plains;1
8287;142;238;146;land;false;plains;1
8288;191;225;243;land;false;plains;1
8289;219;232;247;land;false;plains;1
8290;195;192;192;land;false;desert;1
8291;241;171;174;land;false;desert;1
8292;136;201;230;land;false;plains;1
8293;200;118;205;land;false;plains;1
8294;184;157;189;land;false;plains;1
8295;241;226;76;land;true;plains;1
8296;254;175;95;land;false;desert;1
8297;142;238;196;land;false;plains;1
8298;155;212;158;land;false;desert;1
8299;221;211;147;land;false;plains;1
8300;105;248;235;land;false;plains;1
8301;201;147;215;land;true;plains;1
8302;204;249;152;land;false;plains;1
8303;184;194;223;land;false;plains;1
8304;171;190;245;land;false;desert;1
8305;150;115;254;land;false;plains;1
8306;176;248;149;land;false;plains;1
8307;233;198;172;land;false;plains;1
8308;171;166;237;land;false;plains;1
8309;181;179;218;land;false;plains;1
8310;58;215;254;land;false;plains;1
8311;232;107;181;land;false;plains;1
8312;194;231;160;land;false;desert;1
8313;140;201;176;land;false;plains;1
8314;231;221;218;land;false;plains;1
8315;247;110;243;land;false;plains;1
8316;82;202;245;land;false;desert;1
8317;242;131;172;land;false;desert;1
8318;232;102;218;land;false;plains;1
8319;187;252;236;land;false;plains;1
8320;176;225;114;land;false;plains;1
8321;251;62;188;land;false;plains;1
8322;106;207;229;land;false;desert;1
8323;223;251;197;land;false;desert;1
8324;136;206;186;land;true;plains;1
8325;229;250;52;land;false;plains;1
8326;162;224;134;land;false;plains;1
8327;210;251;62;land;false;desert;1
8328;144;189;240;land;true;plains;1
8329;252;207;126;land;false;desert;1
8330;230;220;227;land;false;plains;1
8331;88;188;247;land;false;plains;1
8332;248;76;193;land;true;plains;1
8333;120;197;190;land;false;plains;1
8334;180;132;198;land;false;plains;1
8335;242;138;221;land;false;plains;1
8336;236;225;130;land;false;desert;1
8337;96;172;235;land;false;plains;1
8338;236;205;71;land;false;desert;1
8339;236;239;129;land;false;desert;1
8340;125;184;246;land;false;desert;1
8341;222;202;246;land;false;plains;1
8342;122;169;227;land;false;desert;1
8343;202;242;100;land;false;desert;1
8344;224;191;136;land;false;plains;1
8345;229;242;43;land;false;plains;1
8346;190;163;196;land;false;plains;1
8347;241;224;55;land;false;desert;1
8348;220;115;212;land;false;plains;1
8349;194;210;210;land;false;plains;1
8350;96;231;239;land;false;desert;1
8351;178;240;162;land;false;plains;1
8352;174;225;106;land;false;plains;1
8353;164;218;226;land;false;desert;1
8354;214;113;182;land;false;desert;1
8355;165;246;156;land;false;desert;1
8356;208;188;170;land;false;plains;1
8357;146;187;225;land;false;plains;1
8358;242;195;224;land;false;plains;1
8359;203;70;229;land;false;plains;1
8360;58;254;194;land;true;plains;1
8361;252;200;140;land;false;plains;1
8362;160;155;218;land;false;plains;1
8363;252;172;146;land;false;plains;1
8364;249;208;224;land;false;plains;1
8365;252;225;242;land;false;plains;1
8366;249;145;113;land;false;plains;1
8367;142;171;218;land;false;plains;1
8368;169;145;240;land;false;plains;1
8369;124;189;209;land;false;plains;1
8370;166;168;169;land;false;plains;1
8371;137;178;244;land;false;desert;1
8372;138;225;244;land;false;plains;1
8373;210;215;116;land;false;desert;1
8374;169;164;238;land;false;desert;1
8375;192;224;125;land;false;plains;1
8376;158;243;213;land;false;plains;1
8377;198;250;221;land;false;plains;1
8378;215;87;202;land;false;plains;1
8379;220;225;210;land;false;desert;1
8380;234;120;253;land;false;desert;1
8381;189;254;163;land;false;plains;1
8382;244;120;169;land;false;plains;1
8383;224;187;120;land;false;plains;1
8384;208;121;223;land;false;plains;1
8385;187;204;254;land;false;plains;1
8386;233;103;254;land;true;plains;1
8387;222;186;214;land;false;desert;1
8388;169;143;230;land;false;plains;1
8389;143;226;241;land;false;plains;1
8390;180;169;158;land;false;desert;1
8391;195;149;247;land;false;plains;1
8392;177;124;252;land;true;plains;1
8393;188;188;163;land;false;desert;1
8394;191;192;138;land;false;plains;1
8395;184;223;230;land;false;plains;1
8396;109;221;241;land;false;desert;1
8397;230;91;220;land;false;plains;1
8398;154;183;227;land;false;plains;1
8399;196;241;165;land;false;plains;1
8400;142;244;179;land;false;plains;1
8401;45;231;229;land;false;plains;1
8402;193;246;158;land;false;plains;1
8403;149;236;194;land;false;plains;1
8404;143;229;140;land;false;plains;1
8405;170;181;198;land;false;plains;1
8406;140;223;138;land;false;plains;1
8407;207;238;208;land;false;plains;1
8408;242;189;109;land;false;plains;1
8409;230;75;220;land;false;desert;1
8410;198;96;226;land;false;plains;1
8411;227;199;143;land;false;plains;1
8412;119;243;214;land;true;plains;1
8413;197;220;116;land;false;desert;1
8414;207;144;189;land;false;plains;1
8415;227;100;191;land;false;plains;1
8416;248;254;87;land;false;plains;1
8417;203;252;223;land;false;plains;1
8418;181;169;153;land;false;plains;1
8419;73;242;198;land;false;plains;1
8420;196;253;177;land;false;plains;1
8421;146;254;141;land;false;plains;1
8422;239;171;188;land;false;plains;1
8423;253;240;23;land;false;plains;1
8424;173;244;166;land;false;hills;1
8425;252;246;25;land;false;hills;1
8426;220;104;220;land;false;plains;1
8427;221;133;159;land;false;plains;1
8428;216;37;249;land;false;plains;1
8429;112;217;224;land;false;plains;1
8430;79;198;239;land;false;plains;1
8431;239;250;55;land;false;plains;1
8432;199;160;189;land;false;plains;1
8433;245;241;133;land;false;desert;1
8434;204;107;244;land;false;plains;1
8435;233;216;94;land;false;plains;1
8436;215;147;226;land;false;desert;1
8437;231;242;74;land;false;plains;1
8438;251;71;227;land;false;plains;1
8439;178;233;147;land;false;plains;1
8440;156;214;162;land;false;plains;1
8441;146;197;244;land;false;plains;1
8442;205;218;243;land;false;plains;1
8443;215;217;220;land;false;plains;1
8444;246;225;92;land;false;plains;1
8445;126;180;233;land;false;plains;1
8446;215;102;235;land;false;plains;1
8447;223;142;226;land;false;plains;1
8448;128;218;164;land;false;plains;1
8449;181;251;153;land;true;plains;1
8450;203;207;145;land;false;plains;1
8451;140;157;218;land;false;plains;1
8452;242;144;181;land;false;plains;1
8453;117;231;206;land;false;desert;1
8454;134;166;223;land;false;desert;1
8455;194;167;242;land;false;plains;1
8456;181;186;240;land;false;plains;1
8457;176;254;210;land;false;plains;1
8458;249;68;221;land;false;plains;1
8459;249;160;203;land;false;plains;1
8460;106;238;204;land;false;plains;1
8461;246;249;218;land;true;plains;1
8462;209;116;193;land;false;plains;1
8463;180;220;179;land;false;plains;1
8464;140;171;238;land;false;hills;1
8465;155;203;152;land;false;plains;1
8466;125;219;250;land;false;desert;1
8467;238;209;156;land;false;plains;1
8468;186;236;140;land;false;plains;1
8469;233;173;141;land;false;plains;1
8470;212;219;222;land;false;plains;1
8471;237;78;219;land;false;plains;1
8472;158;233;138;land;false;plains;1
8473;149;207;234;land;true;plains;1
8474;250;235;20;land;false;plains;1
8475;111;236;154;land;false;plains;1
8476;229;232;198;land;false;plains;1
8477;244;238;214;land;false;plains;1
8478;235;156;231;land;false;plains;1
8479;69;227;248;land;false;plains;1
8480;253;150;124;land;false;desert;1
8481;249;242;230;land;false;plains;1
8482;234;154;127;land;false;plains;1
8483;176;186;197;land;false;plains;1
8484;66;233;245;land;false;plains;1
8485;245;197;238;land;false;plains;1
8486;194;214;181;land;false;desert;1
8487;155;184;174;land;false;desert;1
8488;176;134;192;land;false;plains;1
8489;220;238;246;land;false;plains;1
8490;251;235;25;land;false;plains;1
8491;229;190;234;land;false;plains;1
8492;188;78;243;land;false;plains;1
8493;214;181;206;land;false;plains;1
8494;209;151;224;land;false;plains;1
8495;247;85;171;land;false;plains;1
8496;100;165;251;land;false;plains;1
8497;254;115;242;land;false;plains;1
8498;205;243;224;land;false;plains;1
8499;213;199;196;land;false;plains;1
8500;245;193;125;land;false;plains;1
8501;154;254;240;land;false;plains;1
8502;166;198;169;land;false;plains;1
8503;244;88;198;land;false;plains;1
8504;233;208;131;land;false;plains;1
8505;57;232;252;land;false;plains;1
8506;199;76;244;land;false;desert;1
8507;185;220;233;land;false;desert;1
8508;174;120;250;land;false;plains;1
8509;177;239;159;land;false;hills;1
8510;202;186;143;land;false;plains;1
8511;245;204;129;land;false;plains;1
8512;64;233;250;land;false;plains;1
8513;248;212;206;land;false;plains;1
8514;251;147;199;land;false;plains;1
8515;96;210;212;land;false;plains;1
8516;192;180;144;land;false;plains;1
8517;145;125;246;land;false;plains;1
8518;245;82;212;land;false;plains;1
8519;240;84;236;land;false;plains;1
8520;216;143;199;land;false;plains;1
8521;229;53;254;land;false;plains;1
8522;94;246;181;land;false;plains;1
8523;125;190;217;land;true;plains;1
8524;248;239;212;land;false;desert;1
8525;162;212;138;land;false;plains;1
8526;94;191;226;land;false;plains;1
8527;147;173;187;land;false;plains;1
8528;212;143;237;land;false;plains;1
8529;214;234;110;land;false;plains;1
8530;119;216;221;land;false;plains;1
8531;173;219;138;land;false;plains;1
8532;242;234;144;land;false;plains;1
8533;210;131;181;land;false;plains;1
8534;230;176;241;land;false;plains;1
8535;225;234;150;land;false;plains;1
8536;104;183;250;land;false;hills;1
8537;230;216;148;land;false;plains;1
8538;234;161;138;land;false;plains;1
8539;177;233;106;land;false;desert;1
8540;186;248;158;land;false;plains;1
8541;226;218;73;land;false;plains;1
8542;241;159;200;land;false;plains;1
8543;204;252;141;land;false;plains;1
8544;252;230;33;land;false;plains;1
8545;146;217;197;land;false;plains;1
8546;145;231;181;land;false;plains;1
8547;234;85;225;land;true;plains;1
8548;198;245;152;land;true;plains;1
8549;210;225;126;land;false;plains;1
8550;207;197;150;land;false;plains;1
8551;196;248;167;land;false;plains;1
8552;249;157;116;land;false;plains;1
8553;226;217;164;land;false;plains;1
8554;144;199;191;land;false;plains;1
8555;209;223;173;land;false;plains;1
8556;178;144;185;land;false;plains;1
8557;179;247;89;land;false;plains;1
8558;244;214;179;land;false;plains;1
8559;242;233;137;land;true;plains;1
8560;238;169;144;land;false;plains;1
8561;217;190;95;land;false;plains;1
8562;204;102;203;land;false;plains;1
8563;231;231;182;land;false;plains;1
8564;253;214;120;land;false;plains;1
8565;219;186;151;land;false;plains;1
8566;119;254;233;land;false;plains;1
8567;182;245;229;land;false;plains;1
8568;64;214;235;land;false;plains;1
8569;241;91;173;land;false;plains;1
8570;254;210;67;land;false;plains;1
8571;254;164;181;land;false;plains;1
8572;250;166;165;land;false;plains;1
8573;241;111;215;land;false;plains;1
8574;129;214;194;land;false;plains;1
8575;152;181;193;land;true;plains;1
8576;184;129;197;land;false;plains;1
8577;208;217;236;land;false;plains;1
8578;185;217;105;land;false;plains;1
8579;241;227;44;land;false;plains;1
8580;244;250;53;land;false;plains;1
8581;191;196;244;land;false;plains;1
8582;217;199;252;land;false;desert;1
8583;243;75;192;land;false;plains;1
8584;129;187;251;land;false;plains;1
8585;132;184;205;land;true;plains;1
8586;219;245;178;land;false;plains;1
8587;222;203;157;land;false;plains;1
8588;227;77;226;land;false;desert;1
8589;247;218;66;land;false;plains;1
8590;232;227;115;land;false;plains;1
8591;252;187;97;land;false;plains;1
8592;246;86;207;land;false;plains;1
8593;136;230;153;land;false;plains;1
8594;226;227;80;land;false;plains;1
8595;187;165;241;land;false;plains;1
8596;206;216;86;land;false;plains;1
8597;199;216;250;land;false;plains;1
8598;214;176;114;land;false;plains;1
8599;238;237;58;land;false;plains;1
8600;133;242;184;land;false;plains;1
8601;241;221;158;land;false;plains;1
8602;242;187;167;land;true;plains;1
8603;115;232;177;land;false;plains;1
8604;100;242;216;land;false;plains;1
8605;178;192;141;land;false;plains;1
8606;189;178;157;land;true;plains;1
8607;145;190;166;land;false;plains;1
8608;142;245;137;land;false;plains;1
8609;36;239;234;land;false;plains;1
8610;185;93;238;land;true;plains;1
8611;251;249;82;land;false;plains;1
8612;235;165;198;land;false;plains;1
8613;214;181;231;land;false;plains;1
8614;207;130;221;land;false;plains;1
8615;209;241;100;land;false;plains;1
8616;249;229;129;land;false;plains;1
8617;98;208;199;land;false;plains;1
8618;126;249;148;land;false;plains;1
8619;203;175;208;land;false;plains;1
8620;113;246;147;land;false;plains;1
8621;222;205;194;land;false;plains;1
8622;227;169;194;land;false;plains;1
8623;244;206;252;land;false;plains;1
8624;226;93;249;land;false;plains;1
8625;200;186;162;land;false;plains;1
8626;228;214;145;land;false;plains;1
8627;210;143;250;land;false;plains;1
8628;235;112;182;land;false;desert;1
8629;231;246;26;land;false;plains;1
8630;221;233;90;land;true;plains;1
8631;209;208;238;land;false;plains;1
8632;210;132;210;land;false;plains;1
8633;100;251;203;land;false;plains;1
8634;220;227;82;land;false;plains;1
8635;220;147;174;land;false;plains;1
8636;189;214;156;land;true;plains;1
8637;237;160;175;land;false;plains;1
8638;56;204;251;land;false;plains;1
8639;240;232;182;land;false;plains;1
8640;240;253;139;land;false;plains;1
8641;229;238;55;land;false;plains;1
8642;157;223;229;land;false;plains;1
8643;170;232;141;land;false;plains;1
8644;166;152;207;land;false;plains;1
8645;159;224;253;land;false;plains;1
8646;198;152;234;land;false;plains;1
8647;174;236;172;land;false;plains;1
8648;235;106;221;land;false;plains;1
8649;119;245;156;land;false;plains;1
8650;171;191;153;land;false;plains;1
8651;132;218;208;land;false;plains;1
8652;215;221;78;land;false;plains;1
8653;155;210;230;land;false;plains;1
8654;237;254;204;land;false;plains;1
8655;204;161;197;land;true;plains;1
8656;197;99;247;land;true;plains;1
8657;164;249;92;land;false;plains;1
8658;121;210;234;land;false;plains;1
8659;70;209;241;land;false;plains;1
8660;201;198;237;land;false;plains;1
8661;109;227;231;land;false;plains;1
8662;127;230;223;land;false;plains;1
8663;97;232;202;land;false;plains;1
8664;141;254;165;land;false;hills;1
8665;212;87;226;land;false;plains;1
8666;191;227;83;land;false;plains;1
8667;169;98;244;land;false;plains;1
8668;246;237;238;land;false;plains;1
8669;243;179;118;land;false;plains;1
8670;185;132;193;land;false;plains;1
8671;68;235;213;land;false;plains;1
8672;245;224;45;land;false;plains;1
8673;197;190;202;land;false;plains;1
8674;211;129;229;land;false;plains;1
8675;247;194;81;land;false;plains;1
8676;186;148;189;land;false;plains;1
8677;111;231;185;land;false;plains;1
8678;121;166;238;land;false;plains;1
8679;176;197;177;land;false;plains;1
8680;172;222;187;land;false;plains;1
8681;224;199;163;land;false;plains;1
8682;253;207;164;land;false;plains;1
8683;220;241;162;land;false;plains;1
8684;166;247;124;land;false;plains;1
8685;253;119;170;land;false;plains;1
8686;231;178;174;land;false;plains;1
8687;220;120;188;land;false;plains;1
8688;144;246;128;land;false;plains;1
8689;224;43;247;land;false;plains;1
8690;170;195;237;land;true;plains;1
8691;171;201;205;land;true;plains;1
8692;170;182;152;land;true;plains;1
8693;201;202;138;land;false;plains;1
8694;252;221;90;land;false;hills;1
8695;197;248;197;land;false;plains;1
8696;242;67;211;land;false;plains;1
8697;196;83;247;land;false;plains;1
8698;234;245;107;land;false;plains;1
8699;242;144;232;land;true;plains;1
8700;227;216;139;land;false;plains;1
8701;198;69;252;land;false;plains;1
8702;204;136;240;land;false;plains;1
8703;107;186;239;land;false;plains;1
8704;206;220;78;land;true;plains;1
8705;243;187;157;land;false;plains;1
8706;222;138;252;land;false;plains;1
8707;189;238;138;land;false;plains;1
8708;228;172;184;land;false;plains;1
8709;177;166;232;land;false;plains;1
8710;61;252;214;land;false;plains;1
8711;251;224;246;land;true;plains;1
8712;161;246;151;land;false;plains;1
8713;223;167;203;land;false;plains;1
8714;247;93;250;land;false;plains;1
8715;181;252;251;land;false;plains;1
8716;130;163;229;land;false;plains;1
8717;233;252;166;land;false;plains;1
8718;70;232;251;land;false;plains;1
8719;201;214;105;land;false;plains;1
8720;252;99;239;land;false;plains;1
8721;203;245;90;land;false;hills;1
8722;173;225;209;land;false;plains;1
8723;236;239;143;land;true;plains;1
8724;251;252;192;land;false;hills;1
8725;119;190;240;land;false;plains;1
8726;116;190;196;land;false;plains;1
8727;212;61;232;land;false;plains;1
8728;138;237;175;land;false;plains;1
8729;237;86;229;land;false;plains;1
8730;190;140;208;land;false;plains;1
8731;188;136;186;land;false;plains;1
8732;233;177;162;land;false;plains;1
8733;175;144;250;land;false;plains;1
8734;250;186;126;land;false;plains;1
8735;153;230;137;land;false;plains;1
8736;231;130;165;land;false;plains;1
8737;245;147;248;land;false;plains;1
8738;146;254;125;land;false;plains;1
8739;90;211;229;land;false;plains;1
8740;168;235;235;land;false;plains;1
8741;229;212;242;land;false;plains;1
8742;73;223;235;land;false;plains;1
8743;141;205;222;land;false;plains;1
8744;220;233;127;land;false;plains;1
8745;222;240;98;land;false;plains;1
8746;158;236;226;land;true;plains;1
8747;148;228;172;land;true;plains;1
8748;233;245;146;land;true;plains;1
8749;213;83;241;land;false;plains;1
8750;149;200;236;land;false;plains;1
8751;215;203;224;land;false;plains;1
8752;244;166;164;land;false;plains;1
8753;243;215;162;land;false;plains;1
8754;223;148;208;land;false;plains;1
8755;193;175;176;land;false;plains;1
8756;219;145;175;land;false;plains;1
8757;116;176;211;land;true;plains;1
8758;222;176;136;land;true;plains;1
8759;210;183;249;land;false;plains;1
8760;192;243;182;land;false;plains;1
8761;168;153;192;land;true;plains;1
8762;232;203;149;land;true;plains;1
8763;224;205;234;land;false;plains;1
8764;237;188;212;land;false;plains;1
8765;204;251;133;land;false;plains;1
8766;229;211;66;land;false;plains;1
8767;219;176;150;land;false;plains;1
8768;237;136;133;land;false;plains;1
8769;180;219;105;land;false;plains;1
8770;207;129;241;land;false;plains;1
8771;251;180;130;land;false;plains;1
8772;242;229;122;land;false;plains;1
8773;147;222;161;land;false;plains;1
8774;190;212;195;land;true;plains;1
8775;253;212;103;land;false;plains;1
8776;233;254;194;land;false;plains;1
8777;180;193;167;land;false;plains;1
8778;224;251;79;land;false;plains;1
8779;248;225;239;land;false;plains;1
8780;138;249;179;land;false;plains;1
8781;188;253;180;land;false;plains;1
8782;66;238;222;land;true;plains;1
8783;243;231;142;land;false;plains;1
8784;130;145;233;land;false;hills;1
8785;179;241;152;land;false;plains;1
8786;105;250;197;land;false;plains;1
8787;237;132;222;land;true;plains;1
8788;203;254;73;land;false;plains;1
8789;141;253;153;land;false;plains;1
8790;108;247;212;land;false;plains;1
8791;243;152;128;land;false;plains;1
8792;248;219;106;land;false;plains;1
8793;99;239;172;land;false;plains;1
8794;207;124;180;land;false;plains;1
8795;237;225;184;land;false;plains;1
8796;147;185;191;land;false;plains;1
8797;242;21;246;land;false;plains;1
8798;239;205;123;land;false;plains;1
8799;167;225;179;land;false;plains;1
8800;39;246;244;land;false;plains;1
8801;134;247;126;land;false;plains;1
8802;245;203;114;land;false;plains;1
8803;231;125;154;land;false;plains;1
8804;174;220;142;land;false;plains;1
8805;143;244;139;land;false;plains;1
8806;243;129;139;land;false;plains;1
8807;244;117;185;land;false;plains;1
8808;189;157;227;land;false;plains;1
8809;197;252;88;land;false;plains;1
8810;143;232;133;land;false;plains;1
8811;90;192;229;land;false;plains;1
8812;216;206;201;land;false;plains;1
8813;190;88;243;land;false;plains;1
8814;155;223;228;land;false;plains;1
8815;130;235;214;land;false;plains;1
8816;210;250;91;land;false;plains;1
8817;147;240;130;land;false;plains;1
8818;240;185;134;land;false;plains;1
8819;167;234;176;land;false;plains;1
8820;111;232;213;land;false;plains;1
8821;202;167;212;land;false;plains;1
8822;167;251;206;land;false;plains;1
8823;235;156;192;land;false;plains;1
8824;237;155;156;land;false;plains;1
8825;225;116;213;land;false;plains;1
8826;212;236;254;land;false;plains;1
8827;126;252;182;land;false;plains;1
8828;203;154;246;land;false;hills;1
8829;115;245;232;land;false;plains;1
8830;246;175;133;land;false;plains;1
8831;205;225;180;land;false;plains;1
8832;174;210;247;land;false;plains;1
8833;227;162;221;land;false;plains;1
8834;157;99;246;land;false;plains;1
8835;143;218;172;land;false;plains;1
8836;196;159;237;land;false;plains;1
8837;234;201;253;land;false;plains;1
8838;247;242;32;land;false;plains;1
8839;191;228;152;land;false;plains;1
8840;163;156;213;land;false;plains;1
8841;177;209;143;land;false;plains;1
8842;237;186;234;land;false;plains;1
8843;243;103;170;land;false;plains;1
8844;173;235;104;land;false;plains;1
8845;127;223;213;land;false;plains;1
8846;174;220;123;land;false;plains;1
8847;204;211;175;land;false;plains;1
8848;236;157;214;land;false;hills;1
8849;192;165;163;land;false;plains;1
8850;235;77;220;land;false;plains;1
8851;104;248;201;land;false;plains;1
8852;175;244;242;land;false;plains;1
8853;226;90;240;land;true;plains;1
8854;201;233;80;land;false;plains;1
8855;195;209;150;land;false;plains;1
8856;120;222;200;land;false;plains;1
8857;227;122;211;land;false;plains;1
8858;160;141;253;land;false;plains;1
8859;242;150;116;land;false;plains;1
8860;204;252;199;land;false;plains;1
8861;51;216;236;land;true;plains;1
8862;167;240;200;land;true;plains;1
8863;193;173;139;land;true;plains;1
8864;246;221;168;land;false;plains;1
8865;229;110;202;land;false;plains;1
8866;130;170;210;land;false;plains;1
8867;219;179;200;land;false;plains;1
8868;92;235;250;land;false;plains;1
8869;237;200;190;land;false;plains;1
8870;107;226;188;land;false;plains;1
8871;201;245;96;land;false;plains;1
8872;158;141;227;land;false;plains;1
8873;91;193;239;land;false;plains;1
8874;239;228;115;land;true;plains;1
8875;162;196;185;land;false;plains;1
8876;186;85;246;land;false;plains;1
8877;222;167;214;land;false;plains;1
8878;165;240;212;land;false;plains;1
8879;209;230;124;land;false;plains;1
8880;174;163;203;land;false;plains;1
8881;236;78;194;land;false;plains;1
8882;207;185;223;land;false;plains;1
8883;198;113;197;land;false;plains;1
8884;207;209;155;land;false;plains;1
8885;213;209;220;land;false;plains;1
8886;153;206;194;land;false;plains;1
8887;226;136;146;land;false;plains;1
8888;253;213;221;land;false;plains;1
8889;227;210;163;land;false;plains;1
8890;244;155;179;land;false;plains;1
8891;250;52;208;land;false;plains;1
8892;241;175;193;land;false;plains;1
8893;228;197;112;land;false;plains;1
8894;147;211;160;land;false;plains;1
8895;194;86;235;land;false;hills;1
8896;229;44;238;land;false;plains;1
8897;228;78;238;land;false;plains;1
8898;69;243;244;land;false;plains;1
8899;213;219;226;land;false;plains;1
8900;250;129;180;land;false;plains;1
8901;240;123;209;land;false;plains;1
8902;133;195;201;land;false;plains;1
8903;204;205;146;land;false;plains;1
8904;155;175;243;land;false;plains;1
8905;157;239;123;land;false;plains;1
8906;249;190;151;land;false;plains;1
8907;205;239;64;land;false;plains;1
8908;239;127;192;land;false;plains;1
8909;133;218;203;land;false;plains;1
8910;254;74;204;land;false;plains;1
8911;203;86;247;land;false;plains;1
8912;179;173;168;land;false;plains;1
8913;169;187;239;land;false;plains;1
8914;224;180;98;land;false;plains;1
8915;50;251;218;land;false;plains;1
8916;186;232;175;land;false;plains;1
8917;173;215;234;land;false;plains;1
8918;246;240;190;land;false;plains;1
8919;77;233;230;land;false;plains;1
8920;250;160;171;land;false;plains;1
8921;176;252;225;land;false;plains;1
8922;253;254;117;land;false;plains;1
8923;151;197;161;land;false;plains;1
8924;171;236;100;land;false;plains;1
8925;238;76;241;land;false;plains;1
8926;239;227;136;land;false;plains;1
8927;251;212;164;land;true;plains;1
8928;187;247;83;land;false;plains;1
8929;235;206;218;land;false;plains;1
8930;100;252;187;land;false;plains;1
8931;248;173;157;land;false;plains;1
8932;235;145;242;land;false;plains;1
8933;253;231;165;land;false;plains;1
8934;175;207;172;land;false;plains;1
8935;74;206;250;land;false;plains;1
8936;247;246;250;land;false;plains;1
8937;96;199;212;land;false;plains;1
8938;143;227;183;land;false;plains;1
8939;88;252;234;land;false;plains;1
8940;219;185;100;land;false;plains;1
8941;209;225;98;land;false;plains;1
8942;223;249;130;land;false;plains;1
8943;250;208;104;land;false;plains;1
8944;177;170;198;land;false;plains;1
8945;174;166;204;land;false;plains;1
8946;237;91;218;land;false;plains;1
8947;90;238;174;land;false;plains;1
8948;252;232;122;land;false;plains;1
8949;41;238;244;land;false;plains;1
8950;244;143;223;land;false;plains;1
8951;202;224;218;land;true;plains;1
8952;239;220;220;land;false;plains;1
8953;227;229;232;land;false;plains;1
8954;241;238;116;land;false;hills;1
8955;237;155;223;land;false;plains;1
8956;232;166;169;land;false;plains;1
8957;222;75;221;land;false;plains;1
8958;233;252;152;land;false;plains;1
8959;247;175;193;land;false;plains;1
8960;189;237;85;land;false;plains;1
8961;171;227;166;land;true;plains;1
8962;135;142;239;land;false;plains;1
8963;201;204;163;land;false;plains;1
8964;114;163;245;land;false;plains;1
8965;135;204;163;land;false;plains;1
8966;250;78;194;land;false;plains;1
8967;190;192;174;land;false;plains;1
8968;246;109;230;land;false;plains;1
8969;224;132;213;land;false;plains;1
8970;91;237;225;land;false;plains;1
8971;161;121;234;land;false;plains;1
8972;115;239;196;land;false;plains;1
8973;230;254;186;land;true;plains;1
8974;176;237;90;land;false;plains;1
8975;63;234;234;land;false;plains;1
8976;213;63;228;land;false;plains;1
8977;107;253;251;land;false;plains;1
8978;217;61;225;land;false;plains;1
8979;167;215;163;land;false;plains;1
8980;238;165;185;land;true;plains;1
8981;177;233;161;land;false;hills;1
8982;219;239;168;land;false;plains;1
8983;233;169;118;land;false;plains;1
8984;117;188;226;land;false;plains;1
8985;240;77;219;land;false;plains;1
8986;212;139;175;land;false;plains;1
8987;232;111;158;land;false;plains;1
8988;224;253;62;land;false;plains;1
8989;62;246;204;land;false;plains;1
8990;232;229;96;land;false;plains;1
8991;199;223;79;land;false;plains;1
8992;196;166;199;land;false;plains;1
8993;193;232;221;land;false;plains;1
8994;216;242;89;land;false;plains;1
8995;240;222;61;land;false;plains;1
8996;231;98;208;land;false;plains;1
8997;166;221;178;land;false;plains;1
8998;66;249;188;land;false;plains;1
8999;128;250;123;land;false;plains;1
9000;140;218;230;land;false;plains;1
9001;198;171;161;land;false;plains;1
9002;211;231;214;land;false;plains;1
9003;128;243;250;land;false;plains;1
9004;216;241;51;land;false;plains;1
9005;178;214;246;land;false;plains;1
9006;219;200;193;land;false;hills;1
9007;228;208;253;land;false;plains;1
9008;195;211;232;land;false;plains;1
9009;241;201;222;land;false;plains;1
9010;252;149;185;land;false;plains;1
9011;224;208;91;land;false;plains;1
9012;225;118;177;land;true;plains;1
9013;212;178;181;land;false;plains;1
9014;153;252;103;land;false;plains;1
9015;169;246;102;land;false;plains;1
9016;245;187;167;land;false;hills;1
9017;223;118;162;land;false;plains;1
9018;234;215;127;land;false;plains;1
9019;244;191;124;land;false;plains;1
9020;230;205;95;land;true;plains;1
9021;228;204;248;land;false;plains;1
9022;203;119;190;land;false;plains;1
9023;160;245;172;land;false;plains;1
9024;178;203;197;land;false;plains;1
9025;115;217;190;land;false;plains;1
9026;121;244;166;land;false;plains;1
9027;239;245;82;land;false;plains;1
9028;215;169;151;land;false;plains;1
9029;122;249;189;land;false;plains;1
9030;195;213;200;land;false;plains;1
9031;131;181;217;land;false;plains;1
9032;204;99;242;land;false;plains;1
9033;193;242;135;land;false;plains;1
9034;235;82;186;land;false;plains;1
9035;226;235;152;land;false;plains;1
9036;119;191;249;land;false;plains;1
9037;253;167;172;land;false;hills;1
9038;193;209;192;land;false;plains;1
9039;177;251;200;land;false;plains;1
9040;146;172;232;land;false;plains;1
9041;243;134;253;land;false;plains;1
9042;161;134;231;land;false;plains;1
9043;88;200;245;land;false;plains;1
9044;234;98;205;land;false;plains;1
9045;252;203;230;land;false;plains;1
9046;217;136;172;land;false;plains;1
9047;174;200;135;land;false;plains;1
9048;208;236;144;land;false;plains;1
9049;167;231;184;land;false;plains;1
9050;213;204;208;land;false;plains;1
9051;102;219;247;land;false;plains;1
9052;191;160;243;land;false;plains;1
9053;233;137;159;land;false;plains;1
9054;225;143;215;land;false;hills;1
9055;205;219;100;land;false;plains;1
9056;238;226;252;land;false;plains;1
9057;205;109;224;land;false;plains;1
9058;218;126;187;land;false;plains;1
9059;122;245;204;land;false;plains;1
9060;99;214;238;land;false;plains;1
9061;228;204;88;land;false;plains;1
9062;252;218;109;land;false;plains;1
9063;153;204;181;land;false;plains;1
9064;229;153;214;land;false;plains;1
9065;163;229;135;land;false;plains;1
9066;234;95;245;land;false;plains;1
9067;232;131;204;land;false;plains;1
9068;215;170;250;land;true;plains;1
9069;175;213;151;land;false;plains;1
9070;253;160;107;land;false;plains;1
9071;220;180;104;land;false;plains;1
9072;126;136;252;land;false;plains;1
9073;247;115;217;land;false;plains;1
9074;254;103;157;land;false;plains;1
9075;211;242;86;land;false;plains;1
9076;242;235;109;land;false;plains;1
9077;208;198;150;land;false;plains;1
9078;198;244;188;land;false;plains;1
9079;149;244;127;land;false;plains;1
9080;195;247;143;land;false;plains;1
9081;231;159;187;land;false;plains;1
9082;238;140;175;land;false;plains;1
9083;242;234;156;land;false;plains;1
9084;237;210;127;land;false;plains;1
9085;232;152;221;land;false;plains;1
9086;137;236;216;land;false;plains;1
9087;144;243;142;land;false;plains;1
9088;239;149;245;land;false;plains;1
9089;206;171;153;land;false;plains;1
9090;171;181;196;land;false;plains;1
9091;147;218;187;land;false;plains;1
9092;199;216;133;land;false;plains;1
9093;184;128;198;land;false;hills;1
9094;201;190;191;land;false;plains;1
9095;251;233;19;land;false;plains;1
9096;141;201;222;land;false;plains;1
9097;103;216;247;land;false;plains;1
9098;248;194;201;land;false;plains;1
9099;60;223;250;land;false;plains;1
9100;167;251;251;land;true;plains;1
9101;238;203;164;land;false;plains;1
9102;242;217;236;land;false;plains;1
9103;101;222;220;land;false;plains;1
9104;176;244;213;land;false;plains;1
9105;231;120;186;land;false;plains;1
9106;244;123;163;land;false;plains;1
9107;224;199;131;land;false;plains;1
9108;233;90;209;land;false;plains;1
9109;137;223;145;land;false;plains;1
9110;146;238;146;land;false;plains;1
9111;150;126;251;land;false;plains;1
9112;146;243;155;land;false;plains;1
9113;101;187;239;land;false;hills;1
9114;252;53;227;land;false;plains;1
9115;132;179;225;land;false;plains;1
9116;215;186;199;land;false;plains;1
9117;171;134;203;land;true;plains;1
9118;237;36;235;land;false;plains;1
9119;112;245;224;land;false;plains;1
9120;144;220;199;land;false;plains;1
9121;228;72;227;land;false;hills;1
9122;240;201;251;land;false;hills;1
9123;131;197;219;land;false;plains;1
9124;145;158;221;land;false;plains;1
9125;231;93;220;land;false;plains;1
9126;224;104;232;land;false;plains;1
9127;170;132;215;land;false;plains;1
9128;188;223;151;land;false;plains;1
9129;209;222;138;land;false;plains;1
9130;190;176;207;land;false;plains;1
9131;230;135;138;land;false;plains;1
9132;130;179;238;land;false;plains;1
9133;74;221;218;land;false;plains;1
9134;203;116;230;land;false;plains;1
9135;187;204;173;land;false;plains;1
9136;220;177;206;land;false;plains;1
9137;84;232;203;land;false;plains;1
9138;160;253;127;land;false;plains;1
9139;204;196;133;land;false;plains;1
9140;183;242;85;land;false;plains;1
9141;162;109;253;land;false;plains;1
9142;167;103;253;land;true;plains;1
9143;203;185;207;land;false;plains;1
9144;249;204;162;land;false;plains;1
9145;202;103;206;land;false;plains;1
9146;157;216;180;land;false;plains;1
9147;213;105;199;land;false;plains;1
9148;240;193;196;land;false;plains;1
9149;231;194;245;land;false;plains;1
9150;244;40;241;land;false;plains;1
9151;235;247;140;land;false;plains;1
9152;191;190;128;land;false;plains;1
9153;228;58;252;land;false;plains;1
9154;116;234;157;land;false;plains;1
9155;143;243;227;land;false;plains;1
9156;224;239;64;land;false;plains;1
9157;223;204;140;land;false;hills;1
9158;236;200;240;land;false;plains;1
9159;235;226;196;land;false;plains;1
9160;219;143;193;land;false;plains;1
9161;216;250;49;land;false;plains;1
9162;93;242;183;land;false;plains;1
9163;234;248;183;land;false;plains;1
9164;201;111;246;land;false;plains;1
9165;144;248;197;land;false;plains;1
9166;223;229;233;land;true;plains;1
9167;173;124;253;land;false;plains;1
9168;246;243;212;land;false;plains;1
9169;187;128;227;land;false;plains;1
9170;181;216;119;land;false;plains;1
9171;153;240;224;land;false;plains;1
9172;249;40;234;land;false;plains;1
9173;179;150;235;land;false;plains;1
9174;165;128;223;land;false;plains;1
9175;245;198;59;land;false;plains;1
9176;245;199;87;land;false;plains;1
9177;219;186;138;land;true;plains;1
9178;231;203;121;land;true;plains;1
9179;211;225;122;land;false;plains;1
9180;136;227;142;land;false;plains;1
9181;173;240;133;land;false;plains;1
9182;192;223;126;land;false;plains;1
9183;130;211;210;land;false;plains;1
9184;79;185;250;land;false;plains;1
9185;154;243;238;land;false;plains;1
9186;239;129;138;land;false;plains;1
9187;251;233;169;land;false;plains;1
9188;116;234;160;land;false;plains;1
9189;116;202;206;land;false;plains;1
9190;142;146;218;land;false;plains;1
9191;225;218;126;land;false;plains;1
9192;245;130;250;land;false;plains;1
9193;193;237;81;land;false;plains;1
9194;230;152;196;land;false;plains;1
9195;222;209;157;land;false;plains;1
9196;189;156;237;land;false;plains;1
9197;225;193;193;land;false;plains;1
9198;160;232;172;land;false;plains;1
9199;249;186;213;land;false;plains;1
9200;150;232;185;land;false;plains;1
9201;216;153;250;land;false;plains;1
9202;177;156;204;land;false;plains;1
9203;254;31;225;land;false;plains;1
9204;229;223;95;land;false;plains;1
9205;214;112;185;land;false;plains;1
9206;192;202;157;land;false;plains;1
9207;248;68;208;land;false;plains;1
9208;199;163;189;land;false;plains;1
9209;196;87;243;land;false;plains;1
9210;184;213;237;land;false;hills;1
9211;94;254;175;land;false;plains;1
9212;111;202;213;land;false;plains;1
9213;142;149;229;land;false;plains;1
9214;205;160;227;land;false;hills;1
9215;177;251;102;land;false;plains;1
9216;80;197;249;land;false;plains;1
9217;110;242;151;land;false;plains;1
9218;242;218;171;land;false;plains;1
9219;250;46;239;land;false;plains;1
9220;168;186;162;land;false;plains;1
9221;216;91;208;land;false;plains;1
9222;105;163;244;land;false;plains;1
9223;144;216;205;land;false;plains;1
9224;188;128;227;land;false;plains;1
9225;170;147;208;land;false;hills;1
9226;83;181;247;land;false;plains;1
9227;104;216;181;land;false;plains;1
9228;193;109;248;land;false;hills;1
9229;74;214;225;land;false;hills;1
9230;228;241;62;land;true;plains;1
9231;226;193;217;land;false;plains;1
9232;224;143;248;land;false;plains;1
9233;151;185;233;land;false;plains;1
9234;176;224;202;land;false;plains;1
9235;162;171;190;land;false;plains;1
9236;246;188;235;land;false;plains;1
9237;184;199;159;land;false;plains;1
9238;199;227;151;land;false;plains;1
9239;89;244;211;land;false;plains;1
9240;148;153;216;land;false;plains;1
9241;238;61;214;land;false;plains;1
9242;178;208;192;land;false;plains;1
9243;224;251;84;land;false;plains;1
9244;218;184;226;land;false;hills;1
9245;176;240;139;land;false;hills;1
9246;199;228;108;land;false;plains;1
9247;209;130;193;land;false;plains;1
9248;132;202;171;land;false;plains;1
9249;201;216;188;land;false;plains;1
9250;242;95;175;land;false;plains;1
9251;181;196;221;land;false;plains;1
9252;172;210;242;land;false;plains;1
9253;168;208;198;land;false;plains;1
9254;89;240;193;land;false;plains;1
9255;169;204;203;land;false;plains;1
9256;186;183;253;land;false;plains;1
9257;57;251;210;land;false;plains;1
9258;241;178;184;land;false;plains;1
9259;122;226;164;land;false;plains;1
9260;186;118;234;land;false;plains;1
9261;189;237;148;land;false;plains;1
9262;113;226;231;land;false;plains;1
9263;252;152;192;land;false;plains;1
9264;118;226;177;land;true;plains;1
9265;222;229;155;land;false;plains;1
9266;207;207;103;land;false;plains;1
9267;215;152;181;land;false;plains;1
9268;200;152;186;land;false;plains;1
9269;156;252;108;land;false;plains;1
9270;82;247;198;land;false;plains;1
9271;244;160;168;land;false;plains;1
9272;134;155;235;land;false;plains;1
9273;240;115;248;land;false;plains;1
9274;187;254;113;land;false;plains;1
9275;143;149;222;land;true;urban;1
9276;189;200;231;land;false;plains;1
9277;184;125;241;land;false;plains;1
9278;221;185;203;land;false;plains;1
9279;246;155;144;land;false;plains;1
9280;229;73;253;land;false;plains;1
9281;175;227;222;land;false;plains;1
9282;132;253;170;land;false;plains;1
9283;121;213;231;land;false;plains;1
9284;135;209;236;land;false;hills;1
9285;177;236;108;land;false;plains;1
9286;234;195;230;land;true;plains;1
9287;232;144;129;land;false;plains;1
9288;222;202;254;land;false;plains;1
9289;250;233;230;land;false;plains;1
9290;226;90;202;land;false;hills;1
9291;203;217;218;land;false;plains;1
9292;78;220;231;land;false;plains;1
9293;167;166;200;land;false;plains;1
9294;240;165;214;land;false;plains;1
9295;224;239;92;land;false;plains;1
9296;202;206;233;land;false;plains;1
9297;143;214;181;land;false;plains;1
9298;153;252;175;land;false;plains;1
9299;129;207;191;land;false;plains;1
9300;182;139;218;land;false;plains;1
9301;241;141;250;land;false;plains;1
9302;76;216;225;land;false;hills;1
9303;246;220;54;land;false;plains;1
9304;145;246;143;land;false;plains;1
9305;223;104;244;land;false;plains;1
9306;221;153;206;land;false;plains;1
9307;174;177;153;land;false;plains;1
9308;254;102;176;land;false;plains;1
9309;236;218;120;land;false;plains;1
9310;109;214;250;land;false;plains;1
9311;211;246;56;land;false;plains;1
9312;200;218;178;land;false;plains;1
9313;174;252;222;land;false;plains;1
9314;248;75;225;land;false;plains;1
9315;250;227;39;land;false;plains;1
9316;174;235;203;land;false;plains;1
9317;192;199;219;land;false;plains;1
9318;249;254;83;land;true;plains;1
9319;226;215;128;land;false;plains;1
9320;252;203;80;land;false;plains;1
9321;212;121;193;land;false;plains;1
9322;158;194;242;land;false;plains;1
9323;218;140;185;land;false;plains;1
9324;228;207;164;land;false;plains;1
9325;236;234;170;land;false;plains;1
9326;168;137;196;land;false;plains;1
9327;212;87;228;land;false;plains;1
9328;220;232;153;land;false;plains;1
9329;215;123;185;land;false;plains;1
9330;215;141;222;land;true;plains;1
9331;219;202;194;land;false;plains;1
9332;152;133;217;land;false;plains;1
9333;151;187;222;land;false;hills;1
9334;233;205;117;land;false;plains;1
9335;251;226;209;land;false;hills;1
9336;187;120;196;land;false;plains;1
9337;216;209;220;land;false;plains;1
9338;191;145;226;land;false;plains;1
9339;238;230;197;land;true;plains;1
9340;242;101;187;land;false;plains;1
9341;226;199;227;land;false;plains;1
9342;220;217;222;land;false;plains;1
9343;219;151;238;land;false;plains;1
9344;152;238;250;land;false;plains;1
9345;250;115;178;land;false;plains;1
9346;237;235;204;land;false;plains;1
9347;250;247;46;land;false;hills;1
9348;179;92;249;land;false;plains;1
9349;219;196;89;land;false;plains;1
9350;87;246;232;land;false;plains;1
9351;226;151;211;land;false;plains;1
9352;78;235;241;land;false;plains;1
9353;231;177;199;land;false;plains;1
9354;240;164;120;land;false;hills;1
9355;135;235;175;land;false;plains;1
9356;244;214;67;land;false;plains;1
9357;217;86;228;land;false;plains;1
9358;163;203;236;land;false;plains;1
9359;110;240;240;land;false;plains;1
9360;192;187;177;land;false;plains;1
9361;49;221;233;land;false;plains;1
9362;248;161;208;land;false;plains;1
9363;130;211;165;land;false;plains;1
9364;189;148;252;land;false;plains;1
9365;183;180;197;land;false;plains;1
9366;139;225;241;land;false;plains;1
9367;168;133;200;land;false;plains;1
9368;231;189;95;land;false;plains;1
9369;246;246;19;land;false;plains;1
9370;221;240;136;land;false;plains;1
9371;228;86;217;land;false;plains;1
9372;242;125;198;land;false;plains;1
9373;235;254;102;land;false;plains;1
9374;37;244;222;land;true;plains;1
9375;167;194;173;land;false;plains;1
9376;211;155;236;land;false;plains;1
9377;155;232;186;land;false;plains;1
9378;125;222;188;land;false;plains;1
9379;229;129;157;land;false;plains;1
9380;233;184;248;land;false;plains;1
9381;217;152;153;land;false;plains;1
9382;253;88;232;land;false;plains;1
9383;195;147;199;land;true;plains;1
9384;200;212;228;land;true;plains;1
9385;111;219;254;land;false;plains;1
9386;122;183;226;land;false;plains;1
9387;164;229;212;land;false;plains;1
9388;207;233;109;land;false;plains;1
9389;113;234;217;land;false;plains;1
9390;172;156;235;land;false;plains;1
9391;253;247;164;land;false;plains;1
9392;134;197;184;land;false;plains;1
9393;230;240;117;land;false;plains;1
9394;228;146;159;land;false;plains;1
9395;140;187;228;land;false;plains;1
9396;219;191;111;land;false;hills;1
9397;155;249;146;land;false;plains;1
9398;80;243;219;land;false;plains;1
9399;220;217;162;land;false;plains;1
9400;140;147;248;land;false;plains;1
9401;182;193;139;land;false;plains;1
9402;164;99;243;land;true;plains;1
9403;249;79;248;land;false;plains;1
9404;92;239;241;land;false;plains;1
9405;166;214;175;land;false;plains;1
9406;182;252;120;land;false;plains;1
9407;195;109;205;land;false;plains;1
9408;165;235;179;land;false;plains;1
9409;215;228;80;land;false;plains;1
9410;197;224;228;land;false;plains;1
9411;216;86;237;land;false;plains;1
9412;183;133;219;land;false;plains;1
9413;204;196;202;land;false;plains;1
9414;196;169;209;land;false;plains;1
9415;248;157;248;land;false;plains;1
9416;8;250;246;land;false;plains;1
9417;250;151;249;land;false;plains;1
9418;205;244;244;land;true;plains;1
9419;253;241;146;land;false;plains;1
9420;229;174;229;land;false;plains;1
9421;203;174;159;land;false;plains;1
9422;250;167;212;land;true;plains;1
9423;210;101;214;land;false;plains;1
9424;191;72;241;land;false;plains;1
9425;82;188;245;land;false;plains;1
9426;248;35;231;land;false;plains;1
9427;55;239;252;land;false;plains;1
9428;242;171;143;land;true;plains;1
9429;236;234;98;land;false;plains;1
9430;248;175;171;land;false;hills;1
9431;131;238;197;land;false;plains;1
9432;173;233;215;land;false;plains;1
9433;230;213;63;land;false;plains;1
9434;239;219;144;land;false;plains;1
9435;228;226;65;land;false;plains;1
9436;248;75;187;land;false;plains;1
9437;252;174;117;land;false;plains;1
9438;82;236;250;land;false;plains;1
9439;240;123;172;land;false;plains;1
9440;186;225;134;land;false;plains;1
9441;250;157;128;land;false;plains;1
9442;238;102;198;land;false;plains;1
9443;140;219;223;land;false;plains;1
9444;223;128;208;land;false;plains;1
9445;71;240;196;land;false;plains;1
9446;229;222;146;land;false;plains;1
9447;252;230;177;land;false;plains;1
9448;191;169;224;land;false;plains;1
9449;183;234;163;land;false;plains;1
9450;128;246;134;land;false;plains;1
9451;95;238;224;land;false;plains;1
9452;200;183;137;land;false;plains;1
9453;197;160;191;land;false;plains;1
9454;211;94;212;land;false;plains;1
9455;173;190;188;land;false;plains;1
9456;228;108;168;land;false;plains;1
9457;210;254;203;land;false;plains;1
9458;182;187;224;land;false;plains;1
9459;232;252;226;land;false;plains;1
9460;241;125;146;land;false;plains;1
9461;224;180;111;land;true;plains;1
9462;164;119;234;land;false;plains;1
9463;239;19;244;land;true;plains;1
9464;202;152;206;land;false;plains;1
9465;247;168;95;land;false;plains;1
9466;69;191;252;land;false;plains;1
9467;250;221;101;land;false;plains;1
9468;232;86;213;land;false;plains;1
9469;182;246;249;land;true;plains;1
9470;247;180;197;land;false;plains;1
9471;209;239;161;land;false;plains;1
9472;102;230;192;land;true;plains;1
9473;220;212;245;land;false;plains;1
9474;154;247;146;land;false;plains;1
9475;183;219;213;land;false;plains;1
9476;194;220;240;land;false;plains;1
9477;225;182;124;land;false;plains;1
9478;182;154;217;land;true;plains;1
9479;127;195;241;land;false;hills;1
9480;46;212;244;land;false;plains;1
9481;123;212;238;land;false;plains;1
9482;152;187;208;land;false;plains;1
9483;244;230;159;land;false;plains;1
9484;77;239;214;land;true;plains;1
9485;31;254;225;land;false;plains;1
9486;197;171;220;land;false;plains;1
9487;223;196;164;land;false;plains;1
9488;163;248;143;land;false;plains;1
9489;184;147;220;land;false;plains;1
9490;153;114;253;land;false;plains;1
9491;223;61;218;land;false;plains;1
9492;221;187;232;land;false;plains;1
9493;136;223;148;land;true;plains;1
9494;223;159;237;land;false;plains;1
9495;172;166;202;land;false;plains;1
9496;196;213;149;land;false;plains;1
9497;248;157;222;land;false;plains;1
9498;199;190;163;land;false;plains;1
9499;208;250;72;land;false;plains;1
9500;218;159;216;land;false;plains;1
9501;254;145;150;land;false;plains;1
9502;148;249;193;land;false;plains;1
9503;224;216;252;land;false;plains;1
9504;238;191;222;land;false;plains;1
9505;253;99;203;land;false;plains;1
9506;218;93;231;land;false;plains;1
9507;129;151;241;land;false;plains;1
9508;223;237;146;land;false;plains;1
9509;224;170;247;land;false;plains;1
9510;153;222;221;land;false;plains;1
9511;202;241;118;land;false;plains;1
9512;119;170;241;land;true;plains;1
9513;89;178;237;land;false;plains;1
9514;196;157;168;land;false;plains;1
9515;216;93;214;land;false;plains;1
9516;208;220;159;land;false;plains;1
9517;206;163;223;land;false;plains;1
9518;141;238;157;land;false;plains;1
9519;242;43;231;land;false;plains;1
9520;252;120;198;land;false;plains;1
9521;165;198;153;land;false;plains;1
9522;242;249;237;land;false;plains;1
9523;243;88;177;land;false;plains;1
9524;136;214;235;land;false;plains;1
9525;119;217;182;land;false;hills;1
9526;224;190;193;land;false;plains;1
9527;173;173;235;land;false;plains;1
9528;161;254;109;land;false;plains;1
9529;205;131;200;land;true;plains;1
9530;117;191;219;land;false;plains;1
9531;165;226;141;land;false;plains;1
9532;254;135;229;land;false;plains;1
9533;188;237;202;land;false;plains;1
9534;185;174;209;land;false;plains;1
9535;99;192;223;land;false;plains;1
9536;139;172;226;land;false;plains;1
9537;178;194;181;land;false;plains;1
9538;154;227;129;land;false;plains;1
9539;169;157;233;land;false;plains;1
9540;148;244;124;land;false;plains;1
9541;160;155;245;land;false;plains;1
9542;208;168;152;land;false;plains;1
9543;245;222;146;land;false;plains;1
9544;201;118;186;land;false;plains;1
9545;227;123;246;land;false;plains;1
9546;131;176;242;land;false;plains;1
9547;236;162;173;land;true;plains;1
9548;232;229;92;land;false;plains;1
9549;239;212;132;land;false;plains;1
9550;204;207;203;land;false;hills;1
9551;79;201;249;land;false;plains;1
9552;229;135;165;land;false;plains;1
9553;133;151;238;land;false;plains;1
9554;248;209;126;land;true;plains;1
9555;209;222;156;land;false;plains;1
9556;112;200;198;land;false;plains;1
9557;104;247;232;land;false;plains;1
9558;248;142;245;land;true;plains;1
9559;151;177;219;land;true;plains;1
9560;253;221;202;land;false;plains;1
9561;86;189;234;land;false;plains;1
9562;127;176;207;land;true;plains;1
9563;235;223;217;land;false;plains;1
9564;241;65;203;land;false;plains;1
9565;228;181;187;land;false;plains;1
9566;212;249;58;land;false;hills;1
9567;216;216;216;land;false;plains;1
9568;231;171;150;land;false;plains;1
9569;91;212;206;land;false;plains;1
9570;153;237;158;land;true;plains;1
9571;247;43;222;land;false;plains;1
9572;229;167;124;land;false;plains;1
9573;198;203;106;land;false;plains;1
9574;202;132;208;land;false;plains;1
9575;210;95;241;land;false;plains;1
9576;47;221;240;land;false;plains;1
9577;233;242;153;land;false;plains;1
9578;228;228;76;land;false;plains;1
9579;182;208;176;land;true;plains;1
9580;168;211;135;land;false;plains;1
9581;195;126;243;land;false;plains;1
9582;173;228;189;land;false;plains;1
9583;197;177;252;land;true;plains;1
9584;44;241;233;land;true;plains;1
9585;187;198;252;land;false;plains;1
9586;202;250;186;land;false;plains;1
9587;205;212;175;land;false;plains;1
9588;32;253;247;land;false;plains;1
9589;245;172;153;land;false;hills;1
9590;234;154;167;land;false;plains;1
9591;204;66;231;land;true;plains;1
9592;132;234;155;land;false;plains;1
9593;148;211;217;land;false;plains;1
9594;159;140;251;land;false;plains;1
9595;252;237;97;land;false;plains;1
9596;140;168;196;land;false;plains;1
9597;138;194;216;land;false;plains;1
9598;128;253;198;land;false;plains;1
9599;149;204;149;land;false;plains;1
9600;212;90;215;land;false;plains;1
9601;119;213;197;land;false;plains;1
9602;155;160;243;land;false;plains;1
9603;204;70;228;land;false;plains;1
9604;171;205;157;land;false;plains;1
9605;252;216;219;land;false;plains;1
9606;196;221;216;land;false;plains;1
9607;220;184;134;land;false;plains;1
9608;249;222;76;land;false;plains;1
9609;160;226;222;land;false;plains;1
9610;162;115;253;land;false;plains;1
9611;209;244;239;land;false;plains;1
9612;223;244;213;land;false;plains;1
9613;253;62;207;land;false;plains;1
9614;115;244;161;land;false;plains;1
9615;175;136;197;land;false;plains;1
9616;183;148;187;land;false;plains;1
9617;243;93;192;land;false;plains;1
9618;186;241;115;land;false;plains;1
9619;153;180;175;land;false;plains;1
9620;221;76;204;land;false;hills;1
9621;222;149;161;land;false;plains;1
9622;160;231;117;land;false;plains;1
9623;244;130;246;land;false;plains;1
9624;246;249;83;land;true;plains;1
9625;135;200;199;land;true;plains;1
9626;252;186;87;land;true;plains;1
9627;193;136;198;land;false;plains;1
9628;125;192;201;land;false;plains;1
9629;212;231;196;land;false;hills;1
9630;113;254;194;land;false;plains;1
9631;129;246;135;land;false;plains;1
9632;126;242;210;land;false;plains;1
9633;227;252;38;land;false;plains;1
9634;159;229;134;land;false;plains;1
9635;216;239;149;land;false;plains;1
9636;210;253;78;land;false;plains;1
9637;196;160;172;land;false;hills;1
9638;192;211;188;land;false;hills;1
9639;106;251;206;land;false;plains;1
9640;232;209;104;land;false;plains;1
9641;203;246;251;land;false;plains;1
9642;126;216;173;land;true;plains;1
9643;80;240;225;land;true;plains;1
9644;225;254;121;land;false;plains;1
9645;159;138;222;land;false;plains;1
9646;127;135;242;land;false;plains;1
9647;89;235;181;land;false;plains;1
9648;215;222;251;land;false;plains;1
9649;90;244;225;land;false;plains;1
9650;197;181;229;land;false;plains;1
9651;162;206;164;land;false;plains;1
9652;153;131;240;land;false;plains;1
9653;176;178;184;land;false;plains;1
9654;180;208;174;land;false;plains;1
9655;208;245;97;land;false;plains;1
9656;216;186;132;land;true;plains;1
9657;235;190;178;land;false;plains;1
9658;221;205;142;land;false;plains;1
9659;170;145;205;land;false;plains;1
9660;170;245;249;land;false;plains;1
9661;205;185;242;land;false;plains;1
9662;74;208;246;land;false;plains;1
9663;254;71;185;land;false;plains;1
9664;125;236;220;land;true;plains;1
9665;202;250;160;land;false;plains;1
9666;121;238;245;land;false;plains;1
9667;178;239;139;land;false;plains;1
9668;233;168;142;land;false;plains;1
9669;61;230;210;land;false;plains;1
9670;178;134;250;land;false;hills;1
9671;92;203;253;land;false;plains;1
9672;213;168;190;land;false;plains;1
9673;230;152;217;land;false;plains;1
9674;254;152;174;land;false;plains;1
9675;250;191;108;land;false;plains;1
9676;99;221;210;land;false;plains;1
9677;119;169;238;land;false;plains;1
9678;151;201;187;land;false;plains;1
9679;166;239;131;land;false;plains;1
9680;217;72;241;land;false;plains;1
9681;226;148;202;land;false;plains;1
9682;229;174;246;land;false;plains;1
9683;105;206;195;land;false;plains;1
9684;147;243;215;land;false;plains;1
9685;237;225;73;land;false;plains;1
9686;208;174;231;land;false;hills;1
9687;113;234;249;land;false;plains;1
9688;221;147;161;land;false;plains;1
9689;137;243;179;land;false;plains;1
9690;212;204;210;land;false;plains;1
9691;210;100;248;land;false;plains;1
9692;254;246;12;land;false;plains;1
9693;123;250;214;land;false;hills;1
9694;225;209;120;land;false;plains;1
9695;124;184;240;land;true;urban;1
9696;235;120;199;land;true;plains;1
9697;166;235;254;land;false;plains;1
9698;247;188;110;land;false;plains;1
9699;244;206;189;land;true;plains;1
9700;236;171;152;land;false;plains;1
9701;149;150;234;land;false;plains;1
9702;167;201;185;land;false;plains;1
9703;190;244;116;land;false;plains;1
9704;194;154;222;land;false;plains;1
9705;250;190;61;land;false;plains;1
9706;213;189;102;land;false;plains;1
9707;158;151;207;land;false;plains;1
9708;254;210;124;land;false;plains;1
9709;191;242;104;land;false;plains;1
9710;250;191;201;land;true;plains;1
9711;83;217;220;land;false;plains;1
9712;207;243;54;land;false;plains;1
9713;212;230;210;land;true;plains;1
9714;210;76;223;land;false;plains;1
9715;225;166;236;land;false;plains;1
9716;196;186;254;land;false;plains;1
9717;164;190;209;land;false;plains;1
9718;144;146;245;land;false;plains;1
9719;239;48;236;land;false;plains;1
9720;213;236;163;land;false;plains;1
9721;221;165;135;land;false;plains;1
9722;103;222;233;land;false;plains;1
9723;241;141;238;land;false;plains;1
9724;226;125;204;land;false;plains;1
9725;145;223;219;land;false;plains;1
9726;201;88;237;land;false;plains;1
9727;248;224;144;land;false;plains;1
9728;201;243;64;land;false;plains;1
9729;237;141;180;land;false;plains;1
9730;163;137;239;land;false;plains;1
9731;247;227;28;land;true;plains;1
9732;205;153;158;land;false;plains;1
9733;158;238;195;land;false;plains;1
9734;106;252;167;land;false;plains;1
9735;243;110;161;land;false;plains;1
9736;177;124;238;land;false;plains;1
9737;197;234;142;land;false;plains;1
9738;238;245;135;land;false;plains;1
9739;246;79;235;land;false;plains;1
9740;208;197;218;land;false;plains;1
9741;228;174;119;land;false;hills;1
9742;106;249;254;land;false;plains;1
9743;191;149;238;land;false;plains;1
9744;153;129;240;land;false;plains;1
9745;176;237;131;land;false;plains;1
9746;140;248;163;land;false;plains;1
9747;232;72;227;land;false;plains;1
9748;215;221;223;land;true;plains;1
9749;216;88;202;land;false;plains;1
9750;125;241;192;land;false;plains;1
9751;249;160;159;land;false;plains;1
9752;181;173;150;land;false;plains;1
9753;253;174;254;land;false;hills;1
9754;172;171;212;land;false;plains;1
9755;238;150;219;land;true;plains;1
9756;183;89;247;land;false;plains;1
9757;229;253;159;land;false;plains;1
9758;68;232;232;land;false;plains;1
9759;165;229;180;land;false;plains;1
9760;209;194;190;land;false;plains;1
9761;214;137;195;land;false;plains;1
9762;212;183;250;land;false;plains;1
9763;50;212;245;land;false;plains;1
9764;211;169;247;land;false;plains;1
9765;244;207;233;land;false;hills;1
9766;116;224;209;land;false;plains;1
9767;242;104;167;land;true;plains;1
9768;93;181;227;land;false;plains;1
9769;195;252;195;land;false;plains;1
9770;238;239;158;land;false;plains;1
9771;129;201;190;land;false;plains;1
9772;172;153;215;land;false;plains;1
9773;249;224;235;land;false;mountain;1
9774;242;249;13;land;false;plains;1
9775;254;209;184;land;false;plains;1
9776;128;162;244;land;false;plains;1
9777;251;148;195;land;false;plains;1
9778;226;232;60;land;false;plains;1
9779;219;188;188;land;false;plains;1
9780;53;243;205;land;false;plains;1
9781;233;249;143;land;false;plains;1
9782;147;222;196;land;false;plains;1
9783;203;171;147;land;false;hills;1
9784;228;222;151;land;false;plains;1
9785;74;236;245;land;false;plains;1
9786;222;225;139;land;false;plains;1
9787;223;109;222;land;false;plains;1
9788;194;153;198;land;false;plains;1
9789;197;252;237;land;false;plains;1
9790;165;240;244;land;false;plains;1
9791;233;143;180;land;false;plains;1
9792;251;226;150;land;false;plains;1
9793;130;139;242;land;false;plains;1
9794;253;245;16;land;false;plains;1
9795;224;229;108;land;false;plains;1
9796;44;252;251;land;false;plains;1
9797;238;176;196;land;false;plains;1
9798;237;195;99;land;false;plains;1
9799;219;155;188;land;false;plains;1
9800;134;173;213;land;false;plains;1
9801;236;213;160;land;false;plains;1
9802;61;253;205;land;false;plains;1
9803;197;181;135;land;false;plains;1
9804;221;157;191;land;false;mountain;1
9805;95;235;235;land;false;plains;1
9806;249;35;254;land;false;plains;1
9807;158;225;235;land;false;plains;1
9808;242;227;133;land;false;plains;1
9809;244;181;123;land;false;plains;1
9810;240;229;185;land;false;plains;1
9811;201;208;196;land;false;plains;1
9812;200;243;203;land;true;plains;1
9813;99;254;161;land;false;plains;1
9814;207;231;121;land;false;plains;1
9815;127;233;153;land;false;plains;1
9816;254;75;235;land;false;plains;1
9817;182;151;182;land;true;plains;1
9818;246;247;213;land;false;plains;1
9819;251;198;222;land;false;plains;1
9820;18;248;239;land;false;plains;1
9821;165;146;204;land;false;mountain;1
9822;175;251;143;land;false;plains;1
9823;187;177;207;land;false;plains;1
9824;226;159;180;land;false;plains;1
9825;111;208;204;land;false;plains;1
9826;228;226;88;land;false;plains;1
9827;225;170;129;land;false;plains;1
9828;231;218;55;land;false;plains;1
9829;111;169;225;land;true;plains;1
9830;163;132;243;land;false;plains;1
9831;30;243;254;land;false;plains;1
9832;119;245;249;land;false;hills;1
9833;152;250;210;land;false;plains;1
9834;220;251;107;land;false;plains;1
9835;179;206;117;land;true;plains;1
9836;150;167;199;land;false;hills;1
9837;253;126;160;land;false;plains;1
9838;107;221;217;land;false;mountain;1
9839;194;143;252;land;false;plains;1
9840;127;239;232;land;false;plains;1
9841;173;109;223;land;false;plains;1
9842;236;166;141;land;false;plains;1
9843;187;245;220;land;false;plains;1
9844;196;224;222;land;false;plains;1
9845;213;142;213;land;false;plains;1
9846;248;233;236;land;false;plains;1
9847;206;112;210;land;false;plains;1
9848;230;107;173;land;false;plains;1
9849;167;193;248;land;false;plains;1
9850;249;178;116;land;false;plains;1
9851;163;204;153;land;false;plains;1
9852;249;223;192;land;false;plains;1
9853;228;140;181;land;true;plains;1
9854;247;202;61;land;false;plains;1
9855;193;155;172;land;false;mountain;1
9856;230;183;207;land;false;plains;1
9857;162;244;151;land;false;plains;1
9858;140;246;129;land;true;plains;1
9859;244;229;222;land;false;plains;1
9860;119;189;198;land;false;plains;1
9861;222;83;225;land;false;plains;1
9862;75;174;252;land;true;plains;1
9863;254;110;244;land;false;plains;1
9864;244;97;208;land;false;plains;1
9865;228;201;230;land;false;plains;1
9866;165;227;179;land;false;plains;1
9867;150;206;164;land;false;plains;1
9868;56;244;207;land;false;plains;1
9869;228;242;167;land;false;plains;1
9870;172;113;228;land;false;plains;1
9871;75;211;219;land;false;mountain;1
9872;176;149;234;land;false;plains;1
9873;144;192;206;land;false;plains;1
9874;152;213;169;land;false;plains;1
9875;121;161;252;land;true;plains;1
9876;217;228;95;land;false;plains;1
9877;212;204;117;land;false;plains;1
9878;163;201;163;land;false;plains;1
9879;127;232;218;land;false;plains;1
9880;246;245;110;land;false;plains;1
9881;145;168;203;land;false;plains;1
9882;247;133;169;land;false;plains;1
9883;248;14;254;land;true;plains;1
9884;188;250;64;land;true;plains;1
9885;225;225;231;land;false;mountain;1
9886;180;183;244;land;false;plains;1
9887;219;243;208;land;false;plains;1
9888;116;251;242;land;false;plains;1
9889;124;177;244;land;true;plains;1
9890;187;220;191;land;true;plains;1
9891;251;134;245;land;false;plains;1
9892;251;137;244;land;false;plains;1
9893;149;247;111;land;false;plains;1
9894;221;234;81;land;false;plains;1
9895;232;113;179;land;false;plains;1
9896;151;104;247;land;false;plains;1
9897;239;83;210;land;false;plains;1
9898;210;251;150;land;false;plains;1
9899;239;238;117;land;false;plains;1
9900;250;66;233;land;false;plains;1
9901;27;235;246;land;false;plains;1
9902;212;230;143;land;false;plains;1
9903;120;243;152;land;false;plains;1
9904;203;210;169;land;false;plains;1
9905;211;186;134;land;false;plains;1
9906;194;213;237;land;false;plains;1
9907;216;167;176;land;false;mountain;1
9908;190;176;238;land;false;plains;1
9909;229;88;244;land;false;plains;1
9910;249;163;89;land;false;plains;1
9911;86;192;242;land;false;plains;1
9912;153;234;223;land;false;plains;1
9913;225;132;230;land;false;plains;1
9914;215;157;148;land;false;plains;1
9915;151;183;212;land;false;plains;1
9916;206;148;240;land;false;plains;1
9917;210;244;136;land;false;plains;1
9918;223;96;254;land;false;plains;1
9919;243;249;86;land;false;plains;1
9920;194;142;167;land;false;plains;1
9921;220;146;246;land;false;plains;1
9922;240;148;201;land;false;mountain;1
9923;94;251;235;land;false;plains;1
9924;253;173;236;land;false;plains;1
9925;244;131;245;land;false;plains;1
9926;221;200;100;land;false;plains;1
9927;76;229;236;land;false;plains;1
9928;153;223;138;land;false;plains;1
9929;215;248;236;land;false;plains;1
9930;134;253;188;land;true;plains;1
9931;222;173;250;land;true;plains;1
9932;165;221;249;land;false;plains;1
9933;227;124;183;land;false;plains;1
9934;200;92;234;land;false;plains;1
9935;249;82;185;land;true;plains;1
9936;91;241;228;land;false;plains;1
9937;244;118;152;land;false;plains;1
9938;157;223;129;land;false;plains;1
9939;148;220;137;land;false;plains;1
9940;170;100;241;land;false;plains;1
9941;201;180;240;land;false;plains;1
9942;182;168;169;land;false;hills;1
9943;252;171;231;land;false;plains;1
9944;105;253;242;land;false;plains;1
9945;56;251;231;land;false;plains;1
9946;252;163;250;land;false;plains;1
9947;195;165;187;land;false;plains;1
9948;179;176;214;land;false;hills;1
9949;169;221;129;land;false;plains;1
9950;206;249;101;land;false;plains;1
9951;127;236;219;land;false;plains;1
9952;230;243;224;land;false;plains;1
9953;210;192;160;land;false;plains;1
9954;208;248;172;land;false;plains;1
9955;201;252;144;land;false;plains;1
9956;247;124;202;land;false;plains;1
9957;251;145;207;land;true;plains;1
9958;178;152;172;land;false;plains;1
9959;213;178;254;land;true;plains;1
9960;217;176;108;land;false;plains;1
9961;251;218;86;land;false;plains;1
9962;150;192;209;land;false;plains;1
9963;170;134;221;land;true;plains;1
9964;157;185;225;land;false;plains;1
9965;225;115;223;land;false;plains;1
9966;231;128;217;land;false;plains;1
9967;148;223;209;land;false;plains;1
9968;218;200;90;land;false;plains;1
9969;126;208;237;land;false;plains;1
9970;199;162;168;land;false;plains;1
9971;228;66;212;land;false;plains;1
9972;189;244;121;land;false;plains;1
9973;126;235;232;land;false;plains;1
9974;121;241;140;land;true;plains;1
9975;178;122;203;land;false;plains;1
9976;161;168;243;land;false;plains;1
9977;151;235;155;land;false;plains;1
9978;146;248;143;land;false;plains;1
9979;105;218;202;land;false;plains;1
9980;142;159;231;land;false;plains;1
9981;149;242;234;land;true;plains;1
9982;204;147;226;land;false;plains;1
9983;197;198;235;land;false;plains;1
9984;203;108;254;land;false;plains;1
9985;148;235;155;land;false;plains;1
9986;238;172;114;land;true;plains;1
9987;21;229;251;land;false;plains;1
9988;196;76;232;land;false;plains;1
9989;202;190;150;land;false;plains;1
9990;167;203;223;land;false;plains;1
9991;233;139;155;land;true;plains;1
9992;176;225;242;land;false;plains;1
9993;230;134;147;land;false;plains;1
9994;216;140;199;land;false;plains;1
9995;87;237;209;land;false;plains;1
9996;206;134;243;land;false;plains;1
9997;148;200;238;land;true;plains;1
9998;198;87;227;land;false;plains;1
9999;236;193;74;land;false;plains;1
10000;246;235;253;land;false;plains;1
10001;144;233;171;land;false;plains;1
10002;206;251;105;land;false;plains;1
10003;242;159;214;land;false;plains;1
10004;235;250;113;land;false;plains;1
10005;174;150;250;land;false;plains;1
10006;205;242;70;land;true;plains;1
10007;247;137;233;land;false;plains;1
10008;235;199;166;land;false;plains;1
10009;166;225;145;land;false;plains;1
10010;144;144;229;land;true;plains;1
10011;251;210;238;land;false;plains;1
10012;83;233;204;land;false;plains;1
10013;175;203;142;land;false;plains;1
10014;241;187;76;land;false;plains;1
10015;115;194;246;land;false;plains;1
10016;157;205;147;land;false;plains;1
10017;230;45;236;land;true;plains;1
10018;69;235;202;land;false;plains;1
10019;94;168;248;land;false;plains;1
10020;233;169;157;land;false;plains;1
10021;229;229;68;land;false;plains;1
10022;227;242;123;land;false;plains;1
10023;214;167;127;land;false;plains;1
10024;253;180;190;land;false;plains;1
10025;244;211;101;land;false;plains;1
10026;205;165;175;land;false;plains;1
10027;125;213;231;land;false;plains;1
10028;55;251;215;land;false;plains;1
10029;198;210;102;land;false;plains;1
10030;209;151;198;land;false;plains;1
10031;232;249;32;land;false;plains;1
10032;243;157;130;land;false;plains;1
10033;179;133;217;land;true;plains;1
10034;202;142;233;land;false;plains;1
10035;162;162;193;land;false;plains;1
10036;232;242;115;land;false;plains;1
10037;122;222;205;land;false;plains;1
10038;125;192;225;land;false;plains;1
10039;179;218;227;land;false;plains;1
10040;110;181;234;land;false;plains;1
10041;212;98;196;land;false;plains;1
10042;226;245;222;land;true;plains;1
10043;220;119;186;land;false;plains;1
10044;180;143;221;land;true;plains;1
10045;125;196;181;land;false;plains;1
10046;106;218;222;land;false;plains;1
10047;235;235;189;land;false;plains;1
10048;167;244;207;land;false;hills;1
10049;178;189;205;land;true;plains;1
10050;204;137;188;land;true;plains;1
10051;142;246;252;land;false;plains;1
10052;223;242;115;land;false;plains;1
10053;254;49;224;land;false;plains;1
10054;107;217;222;land;true;plains;1
10055;165;180;236;land;false;plains;1
10056;173;115;244;land;false;plains;1
10057;196;229;140;land;false;plains;1
10058;212;164;127;land;false;hills;1
10059;204;112;229;land;false;plains;1
10060;188;149;179;land;false;plains;1
10061;239;136;164;land;false;plains;1
10062;67;246;200;land;false;plains;1
10063;191;155;232;land;false;plains;1
10064;229;227;240;land;true;plains;1
10065;168;240;137;land;false;plains;1
10066;100;210;239;land;false;plains;1
10067;244;211;48;land;true;plains;1
10068;128;162;211;land;false;plains;1
10069;213;58;251;land;true;plains;1
10070;117;187;220;land;true;plains;1
10071;240;242;22;land;false;plains;1
10072;205;157;235;land;true;plains;1
10073;224;219;229;land;false;plains;1
10074;222;175;112;land;false;plains;1
10075;228;181;243;land;true;plains;1
10076;214;131;181;land;false;plains;1
10077;250;120;151;land;true;plains;1
10078;246;195;159;land;true;plains;1
10079;143;183;244;land;false;plains;1
10080;122;207;250;land;false;plains;1
10081;123;222;195;land;true;plains;1
10082;175;199;228;land;false;plains;1
10083;184;212;106;land;false;plains;1
10084;216;211;119;land;true;plains;1
10085;222;151;248;land;true;plains;1
10086;238;222;238;land;false;plains;1
10087;179;249;194;land;false;plains;1
10088;173;197;188;land;true;plains;1
10089;136;242;192;land;true;plains;1
10090;210;130;204;land;false;plains;1
10091;125;243;142;land;true;plains;1
10092;251;136;176;land;true;plains;1
10093;196;214;194;land;true;plains;1
10094;241;225;204;land;false;plains;1
10095;251;106;169;land;true;plains;1
10096;226;156;249;land;true;plains;1
10097;194;216;201;land;true;plains;1
10098;108;251;230;land;true;plains;1
10099;230;249;240;land;true;plains;1
10100;215;248;125;land;true;plains;1
10101;53;251;212;land;true;plains;1
10102;90;237;223;land;false;plains;1
10103;248;164;227;land;false;plains;1
10104;178;232;183;land;true;plains;1
10105;126;248;169;land;false;plains;1
10106;211;232;104;land;true;plains;1
10107;236;74;219;land;true;plains;1
10108;240;108;207;land;true;plains;1
10109;232;161;215;land;false;plains;1
10110;231;236;76;land;false;plains;1
10111;173;249;173;land;true;plains;1
10112;129;245;210;land;true;plains;1
10113;248;230;173;land;false;plains;1
10114;130;205;179;land;true;plains;1
10115;251;122;222;land;false;plains;1
10116;193;217;194;land;true;plains;1
10117;250;239;21;land;false;plains;1
10118;140;215;235;land;true;plains;1
10119;213;198;122;land;true;plains;1
10120;225;168;150;land;true;plains;1
10121;216;230;166;land;false;plains;1
10122;225;210;170;land;true;plains;1
10123;154;157;240;land;true;plains;1
10124;247;204;68;land;true;plains;1
10125;131;189;252;land;true;plains;1
10126;162;220;142;land;true;plains;1
10127;224;241;152;land;true;plains;1
10128;169;152;213;land;true;plains;1
10129;201;203;105;land;true;plains;1
10130;249;168;178;land;true;plains;1
10131;219;124;167;land;false;plains;1
10132;205;73;229;land;false;plains;1
10133;91;233;187;land;true;plains;1
10134;163;244;205;land;true;plains;1
10135;182;228;93;land;true;plains;1
10136;43;232;243;land;false;plains;1
10137;203;229;161;land;false;plains;1
10138;245;204;200;land;false;plains;1
10139;107;237;163;land;false;plains;1
10140;137;199;253;land;true;plains;1
10141;161;149;249;land;true;plains;1
10142;155;232;212;land;false;plains;1
10143;131;244;234;land;true;urban;1
10144;202;101;228;land;true;plains;1
10145;168;232;186;land;true;plains;1
10146;175;191;236;land;true;plains;1
10147;213;221;96;land;true;plains;1
10148;176;239;253;land;false;plains;1
10149;201;246;250;land;true;plains;1
10150;232;201;162;land;true;plains;1
10151;209;254;211;land;true;desert;1
10152;206;251;183;land;true;desert;1
10153;158;251;166;land;true;desert;1
10154;214;196;238;land;true;plains;1
10155;195;232;109;land;true;desert;1
10156;207;222;84;land;true;plains;1
10157;198;160;239;land;true;plains;1
10158;240;194;193;land;false;plains;1
10159;161;189;157;land;true;desert;1
10160;233;243;164;land;true;desert;1
10161;184;233;212;land;true;plains;1
10162;239;234;53;land;true;plains;1
10163;197;229;242;land;true;plains;1
10164;160;198;169;land;true;plains;1
10165;169;122;214;land;true;plains;1
10166;207;117;219;land;true;plains;1
10167;208;231;129;land;true;plains;1
10168;190;226;178;land;true;plains;1
10169;202;244;251;land;true;plains;1
10170;220;64;224;land;true;plains;1
10171;179;239;111;land;true;desert;1
10172;247;67;208;land;true;desert;1
10173;245;245;207;land;true;plains;1
10174;136;168;252;land;true;plains;1
10175;119;197;239;land;true;plains;1
10176;244;146;129;land;false;plains;1
10177;245;125;249;land;false;plains;1
10178;214;213;189;land;false;plains;1
10179;147;227;132;land;false;plains;1
10180;220;133;195;land;true;plains;1
10181;125;147;236;land;true;desert;1
10182;216;105;192;land;true;desert;1
10183;178;230;215;land;true;plains;1
10184;69;230;212;land;true;desert;1
10185;177;116;232;land;false;plains;1
10186;235;161;251;land;false;plains;1
10187;228;62;229;land;true;plains;1
10188;160;159;202;land;true;plains;1
10189;156;200;174;land;true;plains;1
10190;206;204;126;land;false;plains;1
10191;95;183;229;land;false;plains;1
10192;252;228;175;land;true;plains;1
10193;214;185;219;land;false;plains;1
10194;181;245;76;land;false;plains;1
10195;224;250;196;land;false;plains;1
10196;220;183;130;land;false;plains;1
10197;215;122;223;land;false;plains;1
10198;47;221;237;land;true;desert;1
10199;140;248;176;land;false;plains;1
10200;208;219;153;land;false;plains;1
10201;115;159;247;land;false;plains;1
10202;244;172;153;land;false;plains;1
10203;228;109;179;land;false;plains;1
10204;123;251;184;land;false;plains;1
10205;213;111;240;land;false;plains;1
10206;222;202;82;land;true;plains;1
10207;216;235;126;land;false;plains;1
10208;226;146;148;land;true;plains;1
10209;178;206;232;land;false;plains;1
10210;242;172;140;land;true;plains;1
10211;48;213;252;land;false;plains;1
10212;236;176;141;land;false;plains;1
10213;251;226;156;land;false;plains;1
10214;213;184;150;land;false;plains;1
10215;251;87;213;land;false;plains;1
10216;172;154;192;land;false;plains;1
10217;243;99;248;land;false;plains;1
10218;200;179;148;land;false;plains;1
10219;220;188;207;land;false;plains;1
10220;127;243;165;land;false;desert;1
10221;210;241;148;land;false;plains;1
10222;250;87;219;land;false;plains;1
10223;221;170;113;land;false;desert;1
10224;234;245;64;land;false;plains;1
10225;229;157;171;land;false;plains;1
10226;243;215;131;land;false;plains;1
10227;215;147;246;land;false;plains;1
10228;211;93;202;land;false;plains;1
10229;254;175;207;land;false;plains;1
10230;188;187;152;land;false;plains;1
10231;214;209;108;land;false;plains;1
10232;198;186;229;land;false;plains;1
10233;254;147;237;land;false;plains;1
10234;148;251;156;land;false;plains;1
10235;208;225;98;land;false;plains;1
10236;191;239;144;land;false;desert;1
10237;156;218;231;land;false;plains;1
10238;109;159;250;land;false;plains;1
10239;210;149;225;land;false;plains;1
10240;246;222;38;land;false;plains;1
10241;234;174;198;land;false;plains;1
10242;215;153;241;land;false;plains;1
10243;190;149;237;land;false;plains;1
10244;205;119;238;land;false;plains;1
10245;250;152;222;land;false;plains;1
10246;181;149;227;land;false;plains;1
10247;242;240;144;land;false;desert;1
10248;246;160;179;land;false;plains;1
10249;218;168;133;land;false;desert;1
10250;116;192;227;land;false;plains;1
10251;163;217;194;land;false;desert;1
10252;247;211;151;land;false;plains;1
10253;209;202;99;land;false;plains;1
10254;207;231;139;land;false;plains;1
10255;185;119;233;land;false;plains;1
10256;206;214;120;land;false;plains;1
10257;211;246;89;land;false;plains;1
10258;209;208;174;land;false;desert;1
10259;177;156;241;land;false;desert;1
10260;148;194;178;land;false;plains;1
10261;187;198;194;land;false;desert;1
10262;235;230;93;land;false;plains;1
10263;251;56;197;land;false;plains;1
10264;163;206;230;land;false;plains;1
10265;163;252;86;land;false;desert;1
10266;225;100;217;land;false;desert;1
10267;191;237;143;land;false;plains;1
10268;111;253;226;land;false;desert;1
10269;215;222;96;land;false;plains;1
10270;197;254;183;land;false;desert;1
10271;148;248;228;land;false;desert;1
10272;171;209;176;land;false;desert;1
10273;244;237;163;land;false;desert;1
10274;185;242;94;land;false;plains;1
10275;180;192;228;land;false;plains;1
10276;247;91;179;land;false;plains;1
10277;179;202;175;land;false;plains;1
10278;219;220;120;land;true;plains;1
10279;241;252;172;land;false;desert;1
10280;192;151;171;land;false;plains;1
10281;241;253;192;land;false;plains;1
10282;252;191;59;land;false;desert;1
10283;156;141;223;land;false;desert;1
10284;185;176;149;land;false;plains;1
10285;217;223;223;land;true;plains;1
10286;74;239;234;land;false;plains;1
10287;220;173;148;land;false;desert;1
10288;222;185;231;land;false;plains;1
10289;241;194;254;land;false;plains;1
10290;246;221;224;land;false;desert;1
10291;209;160;133;land;false;desert;1
10292;114;240;157;land;false;desert;1
10293;246;122;253;land;false;desert;1
10294;241;137;235;land;false;desert;1
10295;220;164;251;land;false;plains;1
10296;161;149;226;land;false;desert;1
10297;241;212;54;land;false;plains;1
10298;202;131;195;land;true;plains;1
10299;160;226;194;land;false;desert;1
10300;196;108;202;land;false;desert;1
10301;195;159;249;land;false;desert;1
10302;190;175;140;land;false;desert;1
10303;180;207;198;land;false;desert;1
10304;83;188;235;land;false;desert;1
10305;227;254;103;land;false;desert;1
10306;122;251;158;land;false;desert;1
10307;251;40;218;land;false;desert;1
10308;134;233;180;land;false;plains;1
10309;204;98;219;land;false;desert;1
10310;241;231;81;land;false;desert;1
10311;199;167;165;land;false;desert;1
10312;179;254;184;land;false;plains;1
10313;224;70;220;land;true;plains;1
10314;163;250;111;land;true;plains;1
10315;199;239;64;land;true;plains;1
10316;61;251;236;land;false;desert;1
10317;153;246;114;land;false;desert;1
10318;251;187;172;land;false;desert;1
10319;221;173;233;land;false;desert;1
10320;196;183;216;land;false;desert;1
10321;209;178;195;land;false;desert;1
10322;180;242;152;land;false;desert;1
10323;117;190;195;land;false;urban;1
10324;148;163;235;land;false;desert;1
10325;174;218;132;land;false;desert;1
10326;202;213;208;land;false;desert;1
10327;45;246;251;land;false;plains;1
10328;167;242;250;land;false;desert;1
10329;221;238;53;land;false;desert;1
10330;246;204;54;land;true;plains;1
10331;146;191;214;land;true;plains;1
10332;101;208;231;land;false;plains;1
10333;141;246;183;land;false;urban;1
10334;202;243;206;land;false;desert;1
10335;163;180;210;land;false;desert;1
10336;243;133;163;land;false;desert;1
10337;100;224;254;land;false;desert;1
10338;253;251;180;land;false;plains;1
10339;153;172;182;land;false;desert;1
10340;222;181;204;land;false;desert;1
10341;51;249;216;land;false;desert;1
10342;81;244;209;land;false;desert;1
10343;132;226;168;land;false;desert;1
10344;170;157;189;land;false;desert;1
10345;124;253;173;land;false;desert;1
10346;231;247;106;land;false;plains;1
10347;213;113;219;land;false;desert;1
10348;175;241;90;land;false;desert;1
10349;197;187;123;land;true;plains;1
10350;145;161;195;land;true;plains;1
10351;154;254;202;land;false;desert;1
10352;161;117;231;land;false;desert;1
10353;183;169;226;land;false;desert;1
10354;243;251;212;land;false;desert;1
10355;178;230;224;land;false;desert;1
10356;211;137;220;land;false;desert;1
10357;234;193;175;land;false;desert;1
10358;221;146;162;land;false;desert;1
10359;89;249;232;land;false;desert;1
10360;217;220;230;land;false;desert;1
10361;223;219;253;land;false;plains;1
10362;97;236;220;land;false;desert;1
10363;246;192;93;land;false;plains;1
10364;223;170;112;land;false;desert;1
10365;254;122;231;land;false;desert;1
10366;218;190;163;land;false;desert;1
10367;118;188;209;land;false;urban;1
10368;245;210;92;land;false;plains;1
10369;229;237;96;land;false;desert;1
10370;249;69;230;land;false;desert;1
10371;241;231;121;land;false;desert;1
10372;218;80;204;land;false;desert;1
10373;211;217;200;land;false;desert;1
10374;244;231;106;land;false;desert;1
10375;138;189;249;land;true;plains;1
10376;197;158;152;land;false;plains;1
10377;239;133;148;land;false;plains;1
10378;225;167;141;land;false;desert;1
10379;222;148;244;land;false;desert;1
10380;172;192;252;land;false;urban;1
10381;249;207;187;land;false;desert;1
10382;181;252;216;land;false;desert;1
10383;194;226;156;land;false;desert;1
10384;122;139;252;land;false;desert;1
10385;101;237;166;land;false;desert;1
10386;245;109;240;land;false;desert;1
10387;217;250;214;land;false;desert;1
10388;241;38;243;land;false;plains;1
10389;224;158;131;land;true;plains;1
10390;110;232;242;land;false;desert;1
10391;227;179;163;land;false;desert;1
10392;120;203;222;land;false;desert;1
10393;150;211;241;land;true;urban;1
10394;188;253;237;land;false;desert;1
10395;162;216;144;land;false;desert;1
10396;153;212;249;land;false;plains;1
10397;130;210;252;land;false;desert;1
10398;209;178;246;land;false;plains;1
10399;87;252;204;land;false;desert;1
10400;167;209;141;land;false;desert;1
10401;201;168;252;land;false;desert;1
10402;145;240;117;land;false;desert;1
10403;185;177;141;land;false;desert;1
10404;238;243;161;land;false;desert;1
10405;213;167;181;land;false;plains;1
10406;158;161;249;land;false;plains;1
10407;148;214;160;land;false;desert;1
10408;246;145;219;land;false;desert;1
10409;251;103;234;land;false;desert;1
10410;61;215;226;land;false;desert;1
10411;131;229;232;land;false;plains;1
10412;245;170;110;land;false;desert;1
10413;221;46;242;land;false;desert;1
10414;240;219;207;land;false;plains;1
10415;177;132;204;land;false;desert;1
10416;106;231;201;land;false;desert;1
10417;232;58;237;land;false;desert;1
10418;204;248;53;land;false;desert;1
10419;177;126;202;land;false;desert;1
10420;192;193;141;land;false;desert;1
10421;183;243;150;land;true;plains;1
10422;240;230;213;land;false;plains;1
10423;175;136;213;land;false;desert;1
10424;177;218;125;land;false;plains;1
10425;183;220;113;land;false;desert;1
10426;125;231;223;land;false;desert;1
10427;229;133;222;land;false;desert;1
10428;243;248;163;land;false;desert;1
10429;252;235;162;land;false;desert;1
10430;182;211;241;land;false;desert;1
10431;243;213;128;land;true;plains;1
10432;140;196;176;land;false;desert;1
10433;106;205;195;land;false;desert;1
10434;236;122;193;land;false;desert;1
10435;133;145;245;land;false;plains;1
10436;67;208;244;land;false;desert;1
10437;221;230;247;land;false;desert;1
10438;75;216;213;land;false;desert;1
10439;197;179;162;land;false;desert;1
10440;116;228;240;land;false;desert;1
10441;143;230;185;land;false;desert;1
10442;131;243;222;land;false;desert;1
10443;166;215;172;land;false;plains;1
10444;210;160;245;land;true;plains;1
10445;254;110;150;land;false;desert;1
10446;181;119;223;land;false;plains;1
10447;122;162;221;land;false;desert;1
10448;226;224;110;land;false;desert;1
10449;217;65;240;land;false;desert;1
10450;72;237;250;land;false;desert;1
10451;215;192;145;land;true;plains;1
10452;194;247;184;land;false;desert;1
10453;224;200;191;land;false;desert;1
10454;132;147;224;land;false;desert;1
10455;182;250;75;land;false;desert;1
10456;207;93;215;land;false;plains;1
10457;218;249;223;land;false;desert;1
10458;159;231;226;land;false;desert;1
10459;178;201;224;land;false;desert;1
10460;254;220;220;land;false;plains;1
10461;186;203;199;land;false;desert;1
10462;189;220;188;land;false;desert;1
10463;70;243;247;land;false;desert;1
10464;247;138;167;land;false;desert;1
10465;91;211;225;land;false;desert;1
10466;85;249;208;land;false;desert;1
10467;174;198;142;land;false;desert;1
10468;75;222;224;land;false;desert;1
10469;241;164;223;land;true;plains;1
10470;239;226;66;land;false;hills;1
10471;224;219;216;land;false;desert;1
10472;248;173;101;land;false;desert;1
10473;221;131;199;land;false;desert;1
10474;252;113;232;land;true;plains;1
10475;173;148;236;land;false;desert;1
10476;242;180;172;land;false;urban;1
10477;214;241;105;land;false;desert;1
10478;243;214;105;land;false;desert;1
10479;137;234;174;land;false;desert;1
10480;246;232;67;land;true;plains;1
10481;88;207;214;land;false;desert;1
10482;98;226;226;land;false;desert;1
10483;193;172;161;land;false;desert;1
10484;228;235;208;land;false;desert;1
10485;236;213;235;land;false;desert;1
10486;202;214;115;land;false;hills;1
10487;252;216;108;land;false;desert;1
10488;194;171;222;land;false;desert;1
10489;193;186;222;land;false;desert;1
10490;134;239;229;land;false;desert;1
10491;234;242;236;land;false;desert;1
10492;129;173;218;land;false;desert;1
10493;98;198;234;land;false;desert;1
10494;231;181;174;land;false;desert;1
10495;195;153;221;land;false;desert;1
10496;245;136;148;land;false;desert;1
10497;172;167;182;land;false;desert;1
10498;227;145;234;land;true;urban;1
10499;117;218;178;land;false;desert;1
10500;187;247;86;land;false;desert;1
10501;231;189;89;land;false;desert;1
10502;79;214;251;land;true;plains;1
10503;174;142;203;land;false;plains;1
10504;94;236;190;land;false;desert;1
10505;108;254;209;land;false;plains;1
10506;216;156;247;land;false;plains;1
10507;252;146;137;land;false;plains;1
10508;254;99;183;land;false;desert;1
10509;240;178;171;land;false;desert;1
10510;188;151;183;land;false;desert;1
10511;245;130;221;land;false;desert;1
10512;183;176;148;land;true;plains;1
10513;186;170;239;land;false;plains;1
10514;168;211;204;land;false;plains;1
10515;203;89;242;land;false;desert;1
10516;183;137;195;land;false;desert;1
10517;215;181;108;land;false;desert;1
10518;78;237;240;land;false;desert;1
10519;210;128;166;land;false;plains;1
10520;104;216;241;land;false;desert;1
10521;190;145;251;land;false;plains;1
10522;233;211;149;land;false;desert;1
10523;103;229;199;land;false;desert;1
10524;246;193;65;land;false;desert;1
10525;162;227;223;land;true;plains;1
10526;178;201;173;land;false;plains;1
10527;170;248;177;land;false;desert;1
10528;237;229;55;land;false;desert;1
10529;137;234;194;land;false;plains;1
10530;211;236;69;land;false;plains;1
10531;214;246;81;land;true;plains;1
10532;126;203;186;land;false;plains;1
10533;186;222;225;land;false;plains;1
10534;164;229;253;land;false;plains;1
10535;227;69;252;land;false;plains;1
10536;172;200;165;land;false;desert;1
10537;190;188;165;land;true;plains;1
10538;178;206;213;land;false;desert;1
10539;169;233;130;land;false;plains;1
10540;237;125;147;land;false;desert;1
10541;164;244;175;land;false;plains;1
10542;49;250;234;land;false;plains;1
10543;152;179;213;land;false;desert;1
10544;113;170;243;land;false;plains;1
10545;171;237;180;land;false;plains;1
10546;191;212;240;land;false;plains;1
10547;180;252;69;land;false;desert;1
10548;146;219;203;land;false;desert;1
10549;254;249;174;land;false;desert;1
10550;249;82;205;land;false;desert;1
10551;219;242;218;land;false;plains;1
10552;226;217;77;land;false;plains;1
10553;199;134;172;land;false;desert;1
10554;233;239;241;land;true;plains;1
10555;227;131;155;land;false;plains;1
10556;173;240;143;land;false;desert;1
10557;240;202;78;land;false;desert;1
10558;251;201;158;land;false;plains;1
10559;243;109;254;land;false;plains;1
10560;200;207;163;land;false;plains;1
10561;244;155;152;land;false;plains;1
10562;168;251;135;land;false;desert;1
10563;151;247;136;land;true;urban;1
10564;234;199;155;land;false;plains;1
10565;194;145;187;land;false;plains;1
10566;193;212;188;land;false;plains;1
10567;252;127;123;land;false;plains;1
10568;217;251;108;land;false;plains;1
10569;198;208;133;land;false;plains;1
10570;252;71;178;land;false;plains;1
10571;193;204;191;land;false;plains;1
10572;56;237;254;land;false;plains;1
10573;229;173;139;land;false;plains;1
10574;251;221;243;land;false;plains;1
10575;232;249;133;land;false;plains;1
10576;225;76;218;land;false;plains;1
10577;212;250;208;land;false;plains;1
10578;214;182;210;land;false;plains;1
10579;241;165;179;land;false;plains;1
10580;209;143;246;land;false;plains;1
10581;230;146;132;land;false;plains;1
10582;234;211;176;land;false;plains;1
10583;199;246;248;land;false;plains;1
10584;152;124;241;land;false;plains;1
10585;134;144;225;land;false;plains;1
10586;167;129;232;land;false;plains;1
10587;207;138;234;land;false;plains;1
10588;235;190;204;land;false;plains;1
10589;78;212;253;land;false;plains;1
10590;206;179;150;land;false;plains;1
10591;177;176;188;land;false;plains;1
10592;241;19;253;land;false;plains;1
10593;166;183;224;land;false;forest;1
10594;207;121;247;land;false;plains;1
10595;185;198;171;land;false;plains;1
10596;240;45;235;land;false;forest;1
10597;140;140;251;land;false;plains;1
10598;242;72;189;land;false;plains;1
10599;164;206;175;land;false;plains;1
10600;162;185;221;land;false;plains;1
10601;174;212;237;land;false;plains;1
10602;241;121;184;land;false;plains;1
10603;248;250;52;land;false;plains;1
10604;171;185;225;land;false;plains;1
10605;239;243;156;land;false;forest;1
10606;136;169;229;land;false;plains;1
10607;43;254;245;land;false;plains;1
10608;85;249;240;land;false;plains;1
10609;87;188;240;land;false;plains;1
10610;169;247;102;land;false;plains;1
10611;185;233;191;land;false;plains;1
10612;168;195;254;land;false;plains;1
10613;190;152;231;land;true;plains;1
10614;189;183;250;land;false;plains;1
10615;180;246;191;land;false;plains;1
10616;249;252;68;land;false;plains;1
10617;133;220;189;land;false;plains;1
10618;237;13;253;land;false;plains;1
10619;253;253;75;land;false;forest;1
10620;175;238;163;land;false;plains;1
10621;185;198;147;land;false;plains;1
10622;110;227;254;land;false;plains;1
10623;166;233;251;land;false;plains;1
10624;46;220;247;land;false;forest;1
10625;133;250;140;land;false;plains;1
10626;174;96;242;land;false;plains;1
10627;227;210;234;land;false;plains;1
10628;220;165;206;land;false;plains;1
10629;101;197;243;land;false;forest;1
10630;111;178;212;land;false;plains;1
10631;116;223;220;land;false;plains;1
10632;249;192;197;land;false;forest;1
10633;236;202;233;land;false;plains;1
10634;208;202;159;land;false;plains;1
10635;224;155;241;land;false;forest;1
10636;174;175;211;land;false;plains;1
10637;70;252;186;land;false;plains;1
10638;49;233;220;land;false;plains;1
10639;183;153;175;land;false;forest;1
10640;145;218;245;land;false;forest;1
10641;236;69;252;land;false;plains;1
10642;163;222;136;land;false;plains;1
10643;154;209;167;land;false;plains;1
10644;235;121;158;land;false;plains;1
10645;230;251;199;land;false;plains;1
10646;221;171;140;land;false;plains;1
10647;201;90;237;land;false;plains;1
10648;183;253;226;land;false;plains;1
10649;73;238;248;land;false;plains;1
10650;223;194;219;land;false;plains;1
10651;239;233;70;land;false;plains;1
10652;103;248;242;land;false;plains;1
10653;203;198;141;land;false;plains;1
10654;226;250;176;land;false;forest;1
10655;195;244;119;land;false;plains;1
10656;170;119;220;land;false;forest;1
10657;70;218;237;land;false;plains;1
10658;216;182;103;land;false;forest;1
10659;243;97;172;land;false;plains;1
10660;246;226;128;land;false;plains;1
10661;208;129;230;land;false;plains;1
10662;157;156;212;land;false;plains;1
10663;65;204;252;land;false;forest;1
10664;231;137;202;land;false;forest;1
10665;231;196;91;land;false;plains;1
10666;127;246;225;land;false;plains;1
10667;247;106;207;land;false;plains;1
10668;184;154;235;land;false;plains;1
10669;240;187;154;land;false;plains;1
10670;145;191;216;land;false;plains;1
10671;203;155;169;land;false;plains;1
10672;247;189;225;land;true;plains;1
10673;181;133;213;land;false;plains;1
10674;158;232;215;land;false;plains;1
10675;88;254;241;land;false;plains;1
10676;233;231;194;land;false;plains;1
10677;197;145;197;land;false;plains;1
10678;181;153;220;land;false;plains;1
10679;206;113;209;land;false;forest;1
10680;197;94;254;land;false;forest;1
10681;168;206;151;land;false;plains;1
10682;223;132;217;land;false;plains;1
10683;140;183;218;land;false;plains;1
10684;89;246;253;land;false;forest;1
10685;170;222;127;land;false;forest;1
10686;252;239;181;land;false;forest;1
10687;97;195;211;land;false;plains;1
10688;157;192;199;land;false;forest;1
10689;253;159;196;land;false;plains;1
10690;205;159;219;land;false;forest;1
10691;195;163;227;land;false;plains;1
10692;215;241;187;land;false;plains;1
10693;180;80;250;land;false;plains;1
10694;245;182;116;land;false;plains;1
10695;218;141;146;land;false;plains;1
10696;185;145;204;land;false;forest;1
10697;214;247;151;land;false;forest;1
10698;226;239;248;land;false;forest;1
10699;69;249;198;land;false;forest;1
10700;118;192;245;land;false;plains;1
10701;239;187;153;land;false;plains;1
10702;246;240;215;land;false;forest;1
10703;247;112;178;land;false;plains;1
10704;189;137;212;land;false;forest;1
10705;191;217;119;land;false;plains;1
10706;122;219;165;land;false;forest;1
10707;196;178;176;land;false;plains;1
10708;181;253;206;land;false;plains;1
10709;252;148;168;land;false;plains;1
10710;106;213;242;land;false;plains;1
10711;254;238;223;land;false;plains;1
10712;222;191;117;land;false;forest;1
10713;232;254;229;land;false;forest;1
10714;252;229;232;land;false;forest;1
10715;133;240;241;land;false;plains;1
10716;193;125;212;land;false;forest;1
10717;166;237;141;land;false;plains;1
10718;221;231;148;land;false;plains;1
10719;36;245;230;land;false;plains;1
10720;209;151;197;land;false;forest;1
10721;159;178;189;land;false;plains;1
10722;218;246;234;land;false;plains;1
10723;246;196;134;land;false;forest;1
10724;73;217;218;land;false;plains;1
10725;241;170;212;land;false;forest;1
10726;82;219;209;land;false;plains;1
10727;247;179;161;land;false;forest;1
10728;205;137;232;land;false;forest;1
10729;254;98;191;land;false;forest;1
10730;243;27;254;land;false;forest;1
10731;86;232;226;land;false;forest;1
10732;225;207;236;land;false;forest;1
10733;201;190;243;land;false;forest;1
10734;160;237;189;land;false;forest;1
10735;210;169;186;land;false;forest;1
10736;227;114;254;land;false;forest;1
10737;225;63;243;land;false;plains;1
10738;232;139;254;land;false;plains;1
10739;217;163;215;land;true;plains;1
10740;105;243;240;land;false;plains;1
10741;237;198;108;land;false;plains;1
10742;244;197;169;land;false;plains;1
10743;131;241;245;land;false;forest;1
10744;173;241;140;land;false;forest;1
10745;187;196;183;land;false;forest;1
10746;197;85;239;land;false;forest;1
10747;172;201;244;land;false;plains;1
10748;240;75;250;land;false;forest;1
10749;181;204;155;land;false;plains;1
10750;237;231;67;land;false;plains;1
10751;145;217;164;land;true;plains;1
10752;237;238;163;land;false;forest;1
10753;241;195;201;land;false;plains;1
10754;150;166;213;land;false;forest;1
10755;246;186;238;land;false;forest;1
10756;125;172;228;land;false;plains;1
10757;53;240;212;land;false;plains;1
10758;130;209;227;land;false;forest;1
10759;134;211;248;land;false;forest;1
10760;233;99;240;land;false;forest;1
10761;243;248;193;land;false;forest;1
10762;153;213;162;land;false;forest;1
10763;180;197;202;land;false;plains;1
10764;162;232;235;land;false;forest;1
10765;239;170;100;land;false;forest;1
10766;248;137;143;land;false;forest;1
10767;167;192;167;land;false;plains;1
10768;189;212;222;land;false;forest;1
10769;249;199;253;land;false;forest;1
10770;201;248;231;land;false;forest;1
10771;220;226;203;land;false;forest;1
10772;216;112;242;land;false;forest;1
10773;208;133;253;land;false;forest;1
10774;210;223;145;land;false;forest;1
10775;143;197;239;land;false;forest;1
10776;235;245;122;land;false;forest;1
10777;230;227;120;land;false;forest;1
10778;200;252;101;land;false;forest;1
10779;210;185;122;land;false;forest;1
10780;133;173;217;land;false;forest;1
10781;163;231;210;land;false;plains;1
10782;149;193;252;land;false;forest;1
10783;144;231;177;land;false;plains;1
10784;155;174;191;land;false;plains;1
10785;228;222;171;land;false;plains;1
10786;123;167;218;land;false;forest;1
10787;252;223;245;land;false;forest;1
10788;206;175;251;land;false;forest;1
10789;238;245;164;land;false;forest;1
10790;208;172;201;land;false;plains;1
10791;172;236;146;land;false;forest;1
10792;140;207;204;land;false;forest;1
10793;122;243;186;land;true;plains;1
10794;232;153;139;land;false;forest;1
10795;240;244;124;land;true;plains;1
10796;224;168;176;land;false;forest;1
10797;244;45;229;land;false;plains;1
10798;226;193;164;land;false;forest;1
10799;245;213;63;land;false;forest;1
10800;250;100;154;land;false;forest;1
10801;116;246;162;land;false;plains;1
10802;188;250;114;land;false;forest;1
10803;254;101;197;land;false;forest;1
10804;131;208;210;land;false;plains;1
10805;227;107;208;land;false;plains;1
10806;237;67;216;land;false;forest;1
10807;253;140;180;land;false;forest;1
10808;252;36;237;land;false;plains;1
10809;185;228;210;land;false;forest;1
10810;190;128;235;land;false;forest;1
10811;146;172;253;land;false;forest;1
10812;210;235;195;land;true;plains;1
10813;155;195;182;land;false;forest;1
10814;146;232;193;land;false;forest;1
10815;156;136;237;land;false;forest;1
10816;234;176;152;land;false;plains;1
10817;139;142;222;land;false;plains;1
10818;141;243;214;land;false;plains;1
10819;246;223;130;land;false;forest;1
10820;252;47;253;land;false;forest;1
10821;149;219;237;land;false;forest;1
10822;186;121;229;land;false;plains;1
10823;221;124;177;land;false;plains;1
10824;161;178;199;land;false;plains;1
10825;202;185;163;land;false;forest;1
10826;198;236;137;land;false;forest;1
10827;225;88;224;land;false;forest;1
10828;244;148;151;land;true;desert;1
10829;201;186;133;land;false;forest;1
10830;133;226;149;land;false;forest;1
10831;216;236;115;land;false;forest;1
10832;217;190;248;land;false;forest;1
10833;184;218;199;land;false;forest;1
10834;183;162;215;land;false;forest;1
10835;236;248;23;land;false;forest;1
10836;176;167;247;land;false;plains;1
10837;234;133;184;land;false;plains;1
10838;105;232;231;land;true;plains;1
10839;225;147;218;land;false;forest;1
10840;238;145;201;land;false;forest;1
10841;91;239;177;land;false;forest;1
10842;212;152;188;land;false;plains;1
10843;47;223;243;land;false;plains;1
10844;208;253;109;land;false;forest;1
10845;199;246;249;land;false;plains;1
10846;170;201;183;land;false;plains;1
10847;177;215;209;land;false;forest;1
10848;152;253;216;land;false;plains;1
10849;197;246;92;land;false;forest;1
10850;203;65;248;land;false;forest;1
10851;215;246;221;land;false;plains;1
10852;230;221;229;land;false;forest;1
10853;246;187;201;land;false;forest;1
10854;157;184;164;land;false;plains;1
10855;229;34;252;land;true;plains;1
10856;206;130;180;land;true;plains;1
10857;157;239;239;land;false;plains;1
10858;227;233;61;land;false;forest;1
10859;221;128;192;land;false;forest;1
10860;236;141;155;land;false;plains;1
10861;189;191;236;land;false;forest;1
10862;193;127;236;land;false;forest;1
10863;132;160;250;land;false;forest;1
10864;167;237;228;land;false;forest;1
10865;183;120;209;land;false;forest;1
10866;114;197;235;land;false;forest;1
10867;223;177;195;land;false;plains;1
10868;71;250;180;land;false;plains;1
10869;239;200;244;land;true;plains;1
10870;253;212;94;land;false;forest;1
10871;128;215;215;land;false;forest;1
10872;95;244;166;land;false;forest;1
10873;180;243;172;land;false;forest;1
10874;245;195;74;land;false;plains;1
10875;139;227;150;land;false;forest;1
10876;134;170;242;land;false;forest;1
10877;248;75;191;land;false;plains;1
10878;170;223;236;land;true;plains;1
10879;247;218;117;land;false;plains;1
10880;162;145;203;land;false;forest;1
10881;211;114;212;land;false;forest;1
10882;198;241;95;land;false;forest;1
10883;239;74;202;land;false;forest;1
10884;254;91;181;land;false;forest;1
10885;213;225;142;land;false;forest;1
10886;223;204;89;land;false;forest;1
10887;218;103;245;land;false;plains;1
10888;120;240;179;land;false;forest;1
10889;198;239;87;land;false;forest;1
10890;116;225;205;land;false;forest;1
10891;246;97;233;land;false;forest;1
10892;254;212;170;land;false;forest;1
10893;235;74;204;land;false;plains;1
10894;245;69;188;land;false;plains;1
10895;172;233;222;land;false;forest;1
10896;212;140;167;land;false;forest;1
10897;83;246;235;land;false;plains;1
10898;159;93;252;land;false;plains;1
10899;156;221;132;land;false;plains;1
10900;252;194;148;land;false;forest;1
10901;226;221;123;land;false;forest;1
10902;163;242;223;land;false;forest;1
10903;168;222;134;land;false;forest;1
10904;241;210;62;land;false;forest;1
10905;168;225;141;land;false;plains;1
10906;198;244;165;land;false;forest;1
10907;244;96;207;land;false;plains;1
10908;146;173;184;land;false;plains;1
10909;86;243;203;land;false;forest;1
10910;141;218;244;land;false;forest;1
10911;225;183;228;land;false;plains;1
10912;83;195;254;land;false;forest;1
10913;200;185;222;land;false;plains;1
10914;237;72;237;land;false;forest;1
10915;210;142;239;land;true;plains;1
10916;195;120;195;land;false;plains;1
10917;180;109;242;land;false;plains;1
10918;169;230;158;land;false;forest;1
10919;145;200;161;land;false;forest;1
10920;91;224;234;land;false;forest;1
10921;206;245;60;land;false;forest;1
10922;149;222;152;land;false;forest;1
10923;245;201;241;land;false;forest;1
10924;79;253;210;land;false;forest;1
10925;251;138;241;land;false;plains;1
10926;189;209;244;land;false;forest;1
10927;215;69;250;land;true;plains;1
10928;224;73;253;land;false;forest;1
10929;183;73;245;land;false;forest;1
10930;201;85;234;land;false;plains;1
10931;170;172;215;land;false;plains;1
10932;44;233;242;land;false;forest;1
10933;156;109;250;land;false;plains;1
10934;136;187;207;land;false;forest;1
10935;176;214;248;land;false;plains;1
10936;199;166;181;land;false;forest;1
10937;241;25;249;land;false;plains;1
10938;185;187;221;land;false;forest;1
10939;210;203;98;land;false;forest;1
10940;174;236;239;land;false;plains;1
10941;83;238;239;land;false;forest;1
10942;201;254;221;land;false;forest;1
10943;244;159;238;land;false;plains;1
10944;239;151;145;land;false;forest;1
10945;232;130;193;land;false;forest;1
10946;236;80;211;land;false;forest;1
10947;239;138;250;land;false;forest;1
10948;213;117;250;land;true;plains;1
10949;73;222;254;land;false;plains;1
10950;186;244;133;land;false;forest;1
10951;117;219;211;land;false;forest;1
10952;221;162;227;land;false;forest;1
10953;219;80;213;land;false;plains;1
10954;254;228;55;land;false;plains;1
10955;232;253;155;land;false;plains;1
10956;242;237;173;land;false;forest;1
10957;155;113;237;land;false;plains;1
10958;227;175;215;land;false;forest;1
10959;105;246;235;land;false;forest;1
10960;198;247;134;land;false;forest;1
10961;219;95;248;land;false;forest;1
10962;237;200;162;land;false;plains;1
10963;240;219;49;land;false;forest;1
10964;246;114;246;land;false;plains;1
10965;254;245;38;land;false;plains;1
10966;231;218;214;land;false;forest;1
10967;234;211;69;land;false;plains;1
10968;183;92;234;land;false;plains;1
10969;146;189;187;land;false;forest;1
10970;142;231;184;land;false;forest;1
10971;241;194;165;land;true;plains;1
10972;95;229;202;land;false;plains;1
10973;234;140;128;land;false;forest;1
10974;115;224;231;land;true;plains;1
10975;198;251;112;land;false;forest;1
10976;198;167;150;land;false;forest;1
10977;157;239;242;land;false;forest;1
10978;222;229;84;land;false;forest;1
10979;243;137;163;land;false;plains;1
10980;179;243;139;land;false;forest;1
10981;219;132;158;land;false;forest;1
10982;253;220;254;land;false;plains;1
10983;207;180;231;land;false;plains;1
10984;155;246;208;land;false;plains;1
10985;246;79;247;land;false;plains;1
10986;226;208;202;land;false;plains;1
10987;252;181;227;land;false;forest;1
10988;160;245;107;land;false;forest;1
10989;169;211;126;land;false;forest;1
10990;218;104;205;land;false;forest;1
10991;194;167;170;land;false;forest;1
10992;120;228;211;land;false;forest;1
10993;181;103;235;land;false;plains;1
10994;196;187;130;land;false;plains;1
10995;108;162;235;land;false;forest;1
10996;103;163;239;land;false;forest;1
10997;245;139;205;land;false;plains;1
10998;231;134;232;land;false;forest;1
10999;214;225;83;land;false;plains;1
11000;197;235;236;land;false;forest;1
11001;201;252;156;land;false;forest;1
11002;126;154;238;land;false;plains;1
11003;137;249;139;land;false;forest;1
11004;243;97;231;land;false;plains;1
11005;160;129;220;land;false;forest;1
11006;186;226;90;land;false;plains;1
11007;220;243;203;land;false;plains;1
11008;81;220;231;land;false;plains;1
11009;250;75;211;land;false;plains;1
11010;107;239;195;land;false;plains;1
11011;238;92;241;land;false;plains;1
11012;95;254;191;land;false;plains;1
11013;220;250;46;land;false;forest;1
11014;215;159;152;land;false;plains;1
11015;130;155;228;land;false;forest;1
11016;235;213;204;land;true;plains;1
11017;206;254;215;land;false;plains;1
11018;197;254;192;land;false;plains;1
11019;69;190;248;land;false;plains;1
11020;252;180;245;land;true;plains;1
11021;158;214;222;land;false;plains;1
11022;233;56;218;land;false;plains;1
11023;143;155;211;land;false;plains;1
11024;157;251;237;land;false;plains;1
11025;243;44;232;land;false;plains;1
11026;243;186;157;land;false;plains;1
11027;232;238;173;land;false;plains;1
11028;144;252;186;land;false;plains;1
11029;179;175;192;land;false;plains;1
11030;218;253;76;land;false;plains;1
11031;217;115;222;land;false;plains;1
11032;125;181;211;land;false;plains;1
11033;166;225;246;land;false;plains;1
11034;180;195;234;land;false;plains;1
11035;171;200;186;land;true;plains;1
11036;155;234;153;land;false;plains;1
11037;117;229;248;land;true;plains;1
11038;200;251;119;land;false;plains;1
11039;154;111;238;land;false;plains;1
11040;222;210;77;land;false;plains;1
11041;167;195;233;land;false;plains;1
11042;232;71;251;land;false;plains;1
11043;225;171;213;land;false;plains;1
11044;190;155;161;land;false;plains;1
11045;171;192;218;land;false;plains;1
11046;120;214;197;land;false;plains;1
11047;160;197;210;land;false;plains;1
11048;86;197;246;land;false;plains;1
11049;239;76;227;land;false;plains;1
11050;218;169;175;land;false;plains;1
11051;113;221;183;land;false;plains;1
11052;116;178;222;land;false;plains;1
11053;188;116;197;land;false;plains;1
11054;68;247;189;land;false;plains;1
11055;250;187;103;land;false;plains;1
11056;200;129;219;land;true;plains;1
11057;198;127;182;land;false;plains;1
11058;224;234;64;land;false;plains;1
11059;178;231;231;land;false;plains;1
11060;172;233;249;land;false;plains;1
11061;189;136;205;land;false;plains;1
11062;206;251;182;land;false;plains;1
11063;251;153;202;land;false;plains;1
11064;196;171;184;land;false;plains;1
11065;194;147;201;land;false;plains;1
11066;232;241;52;land;false;plains;1
11067;180;189;148;land;false;plains;1
11068;225;132;232;land;false;plains;1
11069;41;230;232;land;false;plains;1
11070;210;107;250;land;false;plains;1
11071;222;153;166;land;false;plains;1
11072;123;234;229;land;false;plains;1
11073;234;64;254;land;false;plains;1
11074;199;230;95;land;false;plains;1
11075;218;213;216;land;false;plains;1
11076;228;65;217;land;false;plains;1
11077;206;200;109;land;false;plains;1
11078;224;245;171;land;false;plains;1
11079;206;147;153;land;false;plains;1
11080;188;94;239;land;false;plains;1
11081;209;233;246;land;false;plains;1
11082;188;173;198;land;true;plains;1
11083;217;76;218;land;false;plains;1
11084;197;248;99;land;false;plains;1
11085;138;243;221;land;false;plains;1
11086;126;207;190;land;false;plains;1
11087;161;232;108;land;false;plains;1
11088;99;225;203;land;false;plains;1
11089;234;174;94;land;true;plains;1
11090;175;162;204;land;false;plains;1
11091;176;158;248;land;false;plains;1
11092;195;212;103;land;false;plains;1
11093;186;182;201;land;false;plains;1
11094;171;215;124;land;false;plains;1
11095;219;176;122;land;false;plains;1
11096;197;245;223;land;false;plains;1
11097;231;64;246;land;false;plains;1
11098;221;95;239;land;false;plains;1
11099;240;197;139;land;false;plains;1
11100;224;234;254;land;false;plains;1
11101;161;250;198;land;false;urban;1
11102;235;187;151;land;true;urban;1
11103;109;154;251;land;false;plains;1
11104;178;247;186;land;false;plains;1
11105;65;221;231;land;false;plains;1
11106;174;213;191;land;false;plains;1
11107;251;155;166;land;false;plains;1
11108;144;181;212;land;false;plains;1
11109;182;203;119;land;false;plains;1
11110;183;208;234;land;false;plains;1
11111;177;189;145;land;false;plains;1
11112;195;86;230;land;false;plains;1
11113;210;121;193;land;false;plains;1
11114;109;196;232;land;true;plains;1
11115;231;126;239;land;false;plains;1
11116;253;92;216;land;false;plains;1
11117;98;212;221;land;false;plains;1
11118;207;225;213;land;false;plains;1
11119;142;208;199;lake;false;lakes;1
11120;115;245;155;land;false;hills;1
11121;159;196;186;land;false;plains;1
11122;218;71;232;land;false;plains;1
11123;138;223;205;land;false;plains;1
11124;126;191;241;land;false;plains;1
11125;179;159;230;land;false;plains;1
11126;18;231;253;land;false;plains;1
11127;156;166;225;land;false;plains;1
11128;170;143;225;land;false;plains;1
11129;152;249;161;land;false;plains;1
11130;89;218;234;land;false;plains;1
11131;149;120;253;land;false;plains;1
11132;238;232;103;land;false;hills;1
11133;230;234;168;land;false;plains;1
11134;218;241;144;land;false;plains;1
11135;144;249;228;land;false;plains;1
11136;101;194;239;land;false;plains;1
11137;163;234;126;land;false;plains;1
11138;101;243;178;land;false;plains;1
11139;250;141;188;land;false;plains;1
11140;129;137;249;land;false;plains;1
11141;152;238;124;land;false;plains;1
11142;223;211;221;land;false;plains;1
11143;251;180;157;land;false;plains;1
11144;182;156;165;land;false;plains;1
11145;214;163;145;land;false;plains;1
11146;188;140;250;land;false;plains;1
11147;192;118;198;land;false;hills;1
11148;163;249;251;land;false;plains;1
11149;233;150;149;land;false;plains;1
11150;254;203;235;land;false;plains;1
11151;205;241;92;land;false;hills;1
11152;246;186;146;land;false;plains;1
11153;211;103;208;land;false;plains;1
11154;238;114;191;land;false;plains;1
11155;159;211;153;land;false;plains;1
11156;203;211;239;land;false;mountain;1
11157;178;188;171;land;false;plains;1
11158;246;207;203;land;false;plains;1
11159;228;201;199;land;false;plains;1
11160;133;209;175;land;false;plains;1
11161;227;110;227;land;false;plains;1
11162;54;240;234;land;false;plains;1
11163;157;115;251;land;false;plains;1
11164;235;84;225;land;false;plains;1
11165;193;203;113;land;false;mountain;1
11166;140;185;245;land;false;plains;1
11167;42;244;217;land;false;plains;1
11168;110;194;221;land;false;plains;1
11169;226;201;93;land;false;plains;1
11170;214;192;244;land;false;plains;1
11171;189;217;115;land;false;plains;1
11172;49;249;254;land;false;plains;1
11173;80;230;239;land;false;plains;1
11174;243;187;208;land;false;plains;1
11175;203;122;229;land;false;plains;1
11176;38;244;232;land;false;hills;1
11177;212;235;174;land;false;plains;1
11178;147;195;168;land;false;plains;1
11179;182;192;128;land;false;plains;1
11180;232;161;163;land;false;plains;1
11181;252;235;218;land;false;plains;1
11182;87;235;217;land;false;plains;1
11183;168;247;88;land;false;plains;1
11184;244;202;114;land;false;plains;1
11185;201;198;193;land;false;plains;1
11186;111;239;217;land;false;plains;1
11187;181;217;233;land;false;plains;1
11188;98;254;210;land;false;plains;1
11189;217;114;196;land;false;plains;1
11190;239;248;243;land;false;plains;1
11191;234;227;240;land;false;plains;1
11192;181;100;240;land;false;plains;1
11193;207;250;216;land;false;plains;1
11194;220;203;223;land;false;plains;1
11195;227;190;154;land;false;hills;1
11196;181;194;212;land;false;hills;1
11197;199;204;212;land;false;plains;1
11198;249;207;159;land;false;plains;1
11199;179;202;187;land;false;plains;1
11200;166;209;209;land;false;plains;1
11201;74;243;211;land;false;plains;1
11202;143;202;235;land;false;plains;1
11203;238;95;227;land;false;plains;1
11204;243;206;61;land;false;plains;1
11205;216;235;130;land;false;mountain;1
11206;189;220;225;land;false;plains;1
11207;209;221;77;land;false;plains;1
11208;127;252;199;land;false;plains;1
11209;149;205;192;land;false;urban;1
11210;97;247;176;land;false;hills;1
11211;162;204;156;land;false;plains;1
11212;202;91;221;land;false;plains;1
11213;213;230;244;land;false;plains;1
11214;160;205;139;land;false;plains;1
11215;252;163;237;land;false;plains;1
11216;221;189;128;land;false;plains;1
11217;202;202;169;land;false;hills;1
11218;253;210;53;land;false;plains;1
11219;191;223;115;land;false;plains;1
11220;224;142;213;land;false;plains;1
11221;105;239;214;land;false;plains;1
11222;108;217;195;land;false;plains;1
11223;232;220;170;land;false;plains;1
11224;155;194;181;land;false;plains;1
11225;226;206;122;land;false;plains;1
11226;247;80;250;land;false;hills;1
11227;180;199;200;land;false;plains;1
11228;242;218;167;land;false;plains;1
11229;192;241;82;land;false;plains;1
11230;229;121;162;land;false;plains;1
11231;222;177;185;land;false;plains;1
11232;227;78;208;land;false;plains;1
11233;230;129;163;land;false;plains;1
11234;214;236;229;land;false;plains;1
11235;185;252;83;land;false;plains;1
11236;155;226;226;land;false;plains;1
11237;232;98;189;land;false;plains;1
11238;231;187;236;land;false;plains;1
11239;178;254;122;land;false;plains;1
11240;196;122;228;land;false;plains;1
11241;159;147;218;land;false;plains;1
11242;208;176;231;land;false;plains;1
11243;189;249;213;land;false;plains;1
11244;227;86;205;land;false;plains;1
11245;226;179;199;land;false;plains;1
11246;213;205;231;land;false;plains;1
11247;184;224;160;land;false;mountain;1
11248;254;239;129;land;false;plains;1
11249;252;116;196;land;false;plains;1
11250;79;244;181;land;false;plains;1
11251;200;226;176;land;false;plains;1
11252;231;192;239;land;false;plains;1
11253;232;151;250;land;false;plains;1
11254;240;46;252;land;false;plains;1
11255;245;187;206;land;false;plains;1
11256;169;245;200;land;false;plains;1
11257;180;120;237;land;false;plains;1
11258;65;224;218;land;false;plains;1
11259;137;148;231;land;false;plains;1
11260;161;241;134;land;false;plains;1
11261;216;108;186;land;false;plains;1
11262;33;237;243;land;false;plains;1
11263;99;220;225;land;false;plains;1
11264;206;167;225;land;false;plains;1
11265;202;242;141;land;false;plains;1
11266;224;174;243;land;false;plains;1
11267;118;228;221;land;false;plains;1
11268;136;180;212;land;false;plains;1
11269;253;86;203;land;false;plains;1
11270;204;205;115;land;false;plains;1
11271;236;183;108;land;false;mountain;1
11272;253;248;232;land;true;plains;1
11273;61;223;230;land;false;plains;1
11274;214;205;109;land;false;plains;1
11275;238;222;80;land;false;plains;1
11276;176;154;191;land;false;plains;1
11277;237;229;118;land;false;plains;1
11278;216;92;196;land;false;plains;1
11279;187;175;249;land;false;plains;1
11280;159;239;145;land;false;plains;1
11281;189;242;226;land;false;plains;1
11282;251;177;148;land;false;plains;1
11283;169;165;235;land;false;hills;1
11284;224;143;237;land;false;plains;1
11285;200;194;218;land;false;plains;1
11286;182;101;241;land;false;hills;1
11287;189;89;241;land;false;plains;1
11288;95;207;200;land;false;plains;1
11289;216;213;109;land;false;plains;1
11290;161;212;233;land;false;plains;1
11291;147;232;236;land;false;plains;1
11292;106;181;242;land;false;plains;1
11293;139;232;202;land;false;plains;1
11294;219;155;174;land;false;plains;1
11295;201;216;176;land;true;plains;1
11296;229;240;115;land;false;plains;1
11297;237;223;197;land;false;plains;1
11298;239;251;42;land;false;mountain;1
11299;108;197;246;land;false;plains;1
11300;227;153;237;land;false;plains;1
11301;248;28;252;land;false;plains;1
11302;208;175;128;land;false;plains;1
11303;228;217;166;land;false;plains;1
11304;184;250;68;land;false;urban;1
11305;168;178;204;land;false;plains;1
11306;207;231;205;land;true;plains;1
11307;175;121;239;land;false;plains;1
11308;217;169;137;land;false;plains;1
11309;210;132;245;land;false;plains;1
11310;149;146;252;land;false;plains;1
11311;235;190;124;land;false;plains;1
11312;101;182;254;land;false;plains;1
11313;204;160;143;land;false;plains;1
11314;59;194;250;land;false;plains;1
11315;217;196;211;land;false;plains;1
11316;132;245;224;land;false;plains;1
11317;237;115;219;land;false;plains;1
11318;186;222;151;land;false;plains;1
11319;79;216;217;land;false;plains;1
11320;103;209;231;land;false;mountain;1
11321;141;244;207;land;false;plains;1
11322;243;104;174;land;false;mountain;1
11323;235;243;34;land;false;plains;1
11324;254;207;133;land;false;plains;1
11325;97;169;251;land;false;plains;1
11326;194;159;243;land;false;plains;1
11327;71;249;197;land;false;plains;1
11328;175;238;182;land;false;plains;1
11329;241;218;222;land;false;plains;1
11330;188;182;178;land;false;plains;1
11331;162;214;193;land;false;plains;1
11332;238;90;188;land;false;plains;1
11333;215;226;133;land;false;plains;1
11334;249;154;158;land;false;plains;1
11335;201;177;213;land;false;plains;1
11336;114;158;231;land;false;plains;1
11337;171;247;222;land;false;mountain;1
11338;247;110;174;land;true;plains;1
11339;152;163;228;land;false;plains;1
11340;183;129;245;land;false;plains;1
11341;175;180;203;land;false;plains;1
11342;114;245;247;land;false;plains;1
11343;247;149;201;land;false;mountain;1
11344;151;250;248;land;false;plains;1
11345;123;218;196;land;false;plains;1
11346;141;252;114;land;false;plains;1
11347;87;230;240;land;false;plains;1
11348;190;109;228;land;false;plains;1
11349;238;140;174;land;false;plains;1
11350;137;237;214;land;false;plains;1
11351;136;216;186;land;false;plains;1
11352;99;249;201;land;false;mountain;1
11353;152;240;121;land;false;plains;1
11354;211;244;227;land;false;plains;1
11355;152;189;239;land;false;plains;1
11356;243;224;157;land;false;plains;1
11357;168;168;226;land;false;plains;1
11358;147;253;243;land;false;mountain;1
11359;154;132;222;land;false;plains;1
11360;240;234;129;land;false;mountain;1
11361;184;230;213;land;true;plains;1
11362;228;129;243;land;false;plains;1
11363;89;211;213;land;false;plains;1
11364;176;202;210;land;false;plains;1
11365;246;61;240;land;false;mountain;1
11366;193;85;232;land;false;plains;1
11367;172;217;222;land;false;plains;1
11368;215;88;248;land;false;plains;1
11369;166;242;239;land;false;plains;1
11370;192;208;163;land;false;plains;1
11371;219;170;166;land;false;plains;1
11372;253;252;14;land;false;mountain;1
11373;251;147;108;land;false;plains;1
11374;237;61;205;land;false;plains;1
11375;235;251;191;land;false;plains;1
11376;240;80;189;land;false;plains;1
11377;170;248;92;land;true;plains;1
11378;105;246;233;land;false;plains;1
11379;149;203;166;land;false;plains;1
11380;212;234;204;land;false;hills;1
11381;212;172;182;land;false;mountain;1
11382;192;96;216;land;false;mountain;1
11383;241;190;238;land;false;mountain;1
11384;199;165;201;land;false;plains;1
11385;228;109;183;land;false;plains;1
11386;37;245;220;land;false;hills;1
11387;245;125;159;land;false;plains;1
11388;192;110;249;land;false;plains;1
11389;202;179;241;land;false;mountain;1
11390;156;195;151;land;false;plains;1
11391;223;184;169;land;false;hills;1
11392;215;241;58;land;false;plains;1
11393;238;60;239;land;false;plains;1
11394;249;153;180;land;false;mountain;1
11395;245;240;40;land;false;plains;1
11396;135;216;181;land;false;plains;1
11397;233;122;215;land;false;forest;1
11398;95;250;220;land;false;forest;1
11399;244;213;131;land;false;hills;1
11400;151;250;224;land;false;plains;1
11401;161;109;241;land;false;forest;1
11402;233;149;136;land;false;plains;1
11403;252;183;179;land;true;plains;1
11404;236;129;249;land;false;mountain;1
11405;86;233;252;land;false;plains;1
11406;78;218;253;land;false;plains;1
11407;242;89;186;land;false;plains;1
11408;126;189;221;land;false;plains;1
11409;164;178;179;land;false;mountain;1
11410;250;80;245;land;false;forest;1
11411;132;197;236;land;true;plains;1
11412;233;253;35;land;false;plains;1
11413;210;222;173;land;false;plains;1
11414;176;162;195;land;false;plains;1
11415;245;183;128;land;true;plains;1
11416;54;216;234;land;false;mountain;1
11417;240;207;160;land;false;plains;1
11418;211;236;62;land;false;plains;1
11419;164;171;242;land;false;hills;1
11420;252;39;224;land;false;forest;1
11421;155;179;198;land;false;forest;1
11422;173;115;249;land;false;forest;1
11423;154;247;148;land;false;forest;1
11424;142;254;173;land;false;plains;1
11425;189;168;207;land;false;hills;1
11426;214;236;197;land;false;mountain;1
11427;166;189;161;land;true;plains;1
11428;138;170;250;land;false;plains;1
11429;211;187;179;land;false;plains;1
11430;232;105;186;land;false;plains;1
11431;237;159;229;land;false;forest;1
11432;136;216;177;land;true;hills;1
11433;230;141;147;land;false;plains;1
11434;234;226;149;land;false;forest;1
11435;248;71;230;land;false;forest;1
11436;211;197;107;land;false;plains;1
11437;53;239;220;land;false;plains;1
11438;245;99;184;land;false;plains;1
11439;202;191;147;land;false;plains;1
11440;222;220;253;land;false;plains;1
11441;250;228;91;land;false;plains;1
11442;146;172;223;land;false;plains;1
11443;226;241;180;land;false;jungle;1
11444;162;182;183;land;false;mountain;1
11445;238;66;234;land;false;forest;1
11446;111;226;188;land;true;plains;1
11447;145;177;219;land;false;plains;1
11448;238;234;170;land;false;jungle;1
11449;128;223;180;land;false;forest;1
11450;251;206;195;land;false;plains;1
11451;48;224;238;land;false;jungle;1
11452;249;213;132;land;false;plains;1
11453;149;253;247;land;false;plains;1
11454;209;200;98;land;true;plains;1
11455;252;247;232;land;false;plains;1
11456;96;253;235;land;true;forest;1
11457;226;95;235;land;false;forest;1
11458;187;187;175;land;false;forest;1
11459;213;247;74;land;true;plains;1
11460;206;156;233;land;true;plains;1
11461;166;213;222;land;true;forest;1
11462;196;189;151;land;true;plains;1
11463;189;194;118;land;false;plains;1
11464;254;136;171;land;true;plains;1
11465;146;219;224;land;true;plains;1
11466;182;114;224;land;false;plains;1
11467;136;228;152;land;true;plains;1
11468;233;157;178;land;false;forest;1
11469;131;182;221;land;true;plains;1
11470;141;252;171;land;true;forest;1
11471;224;68;252;land;true;plains;1
11472;43;5;23;sea;false;ocean;0
11473;21;64;12;sea;true;ocean;0
11474;40;3;4;sea;false;ocean;0
11475;54;6;15;sea;false;ocean;0
11476;7;33;39;sea;false;ocean;0
11477;7;82;10;sea;false;ocean;0
11478;27;27;4;sea;false;ocean;0
11479;6;43;48;sea;false;ocean;0
11480;19;18;34;sea;false;ocean;0
11481;10;58;11;sea;false;ocean;0
11482;4;13;19;sea;false;ocean;0
11483;36;40;18;sea;false;ocean;0
11484;16;56;2;sea;false;ocean;0
11485;23;51;11;sea;false;ocean;0
11486;10;46;14;sea;false;ocean;0
11487;40;24;32;sea;false;ocean;0
11488;24;15;35;sea;true;ocean;0
11489;27;34;10;sea;false;ocean;0
11490;26;7;9;sea;false;ocean;0
11491;19;52;24;sea;true;ocean;0
11492;10;13;54;sea;true;ocean;0
11493;40;25;5;sea;false;ocean;0
11494;5;4;35;sea;true;ocean;0
11495;3;54;4;sea;false;ocean;0
11496;44;1;30;sea;false;ocean;0
11497;5;46;23;sea;false;ocean;0
11498;4;11;79;sea;false;ocean;0
11499;1;19;59;sea;false;ocean;0
11500;85;3;9;sea;false;ocean;0
11501;4;13;1;sea;false;ocean;0
11502;55;5;9;sea;false;ocean;0
11503;57;6;3;sea;false;ocean;0
11504;19;39;1;sea;false;ocean;0
11505;65;16;1;sea;false;ocean;0
11506;15;16;56;sea;false;ocean;0
11507;3;6;89;sea;true;ocean;0
11508;15;39;17;sea;true;ocean;0
11509;36;48;9;sea;false;ocean;0
11510;4;26;20;sea;false;ocean;0
11511;34;4;27;sea;true;ocean;0
11512;3;32;14;sea;false;ocean;0
11513;19;67;0;sea;false;ocean;0
11514;10;35;0;sea;false;ocean;0
11515;5;3;33;sea;false;ocean;0
11516;6;83;3;sea;false;ocean;0
11517;1;33;48;sea;false;ocean;0
11518;8;69;7;sea;false;ocean;0
11519;4;34;6;sea;false;ocean;0
11520;38;48;12;sea;true;ocean;0
11521;2;43;24;sea;false;ocean;0
11522;20;25;51;sea;false;ocean;0
11523;70;7;1;sea;false;ocean;0
11524;3;77;9;sea;false;ocean;0
11525;2;16;56;sea;true;ocean;0
11526;25;7;0;sea;false;ocean;0
11527;13;57;17;sea;false;ocean;0
11528;51;12;23;sea;false;ocean;0
11529;5;81;5;sea;false;ocean;0
11530;17;48;17;sea;true;ocean;0
11531;31;10;15;sea;false;ocean;0
11532;18;21;10;sea;false;ocean;0
11533;18;51;8;sea;true;ocean;0
11534;44;25;29;sea;true;ocean;0
11535;45;18;19;sea;false;ocean;0
11536;1;7;50;sea;false;ocean;0
11537;3;21;31;sea;false;ocean;0
11538;4;40;44;sea;false;ocean;0
11539;33;9;23;sea;false;ocean;0
11540;5;37;57;sea;false;ocean;0
11541;31;38;12;sea;true;ocean;0
11542;6;52;5;sea;false;ocean;0
11543;6;6;21;sea;false;ocean;0
11544;10;17;53;sea;true;ocean;0
11545;49;22;28;sea;false;ocean;0
11546;2;4;61;sea;false;ocean;0
11547;49;22;24;sea;false;ocean;0
11548;38;26;10;sea;false;ocean;0
11549;25;59;12;sea;false;ocean;0
11550;28;1;29;sea;false;ocean;0
11551;30;3;42;sea;false;ocean;0
11552;45;13;35;sea;false;ocean;0
11553;19;48;17;sea;true;ocean;0
11554;42;6;49;sea;true;ocean;0
11555;3;0;0;sea;false;ocean;0
11556;2;23;41;sea;false;ocean;0
11557;10;27;5;sea;false;ocean;0
11558;53;5;8;sea;false;ocean;0
11559;25;38;3;sea;false;ocean;0
11560;48;6;28;sea;false;ocean;0
11561;41;19;16;sea;false;ocean;0
11562;32;11;27;sea;false;ocean;0
11563;26;16;8;sea;false;ocean;0
11564;5;6;52;sea;false;ocean;0
11565;27;28;38;sea;false;ocean;0
11566;3;68;7;sea;false;ocean;0
11567;7;68;2;sea;false;ocean;0
11568;66;11;15;sea;false;ocean;0
11569;1;62;14;sea;false;ocean;0
11570;9;81;5;sea;true;ocean;0
11571;21;42;24;sea;true;ocean;0
11572;13;46;17;sea;false;ocean;0
11573;35;22;16;sea;false;ocean;0
11574;16;42;9;sea;false;ocean;0
11575;44;16;27;sea;false;ocean;0
11576;24;13;6;sea;false;ocean;0
11577;53;24;4;sea;false;ocean;0
11578;12;45;37;sea;false;ocean;0
11579;15;12;24;sea;false;ocean;0
11580;10;74;13;sea;false;ocean;0
11581;20;47;8;sea;false;ocean;0
11582;18;19;32;sea;false;ocean;0
11583;22;13;5;sea;true;ocean;0
11584;14;45;35;sea;false;ocean;0
11585;21;15;44;sea;false;ocean;0
11586;7;55;7;sea;false;ocean;0
11587;27;32;12;sea;true;ocean;0
11588;16;34;16;sea;false;ocean;0
11589;23;14;25;sea;false;ocean;0
11590;63;15;21;sea;false;ocean;0
11591;6;18;24;sea;false;ocean;0
11592;34;55;8;sea;false;ocean;0
11593;7;60;0;sea;false;ocean;0
11594;5;35;0;sea;true;ocean;0
11595;1;15;2;sea;false;ocean;0
11596;63;11;25;sea;false;ocean;0
11597;4;6;24;sea;false;ocean;0
11598;21;5;42;sea;false;ocean;0
11599;17;44;34;sea;false;ocean;0
11600;3;64;30;sea;false;ocean;0
11601;24;8;9;sea;false;ocean;0
11602;24;9;30;sea;true;ocean;0
11603;56;21;17;sea;false;ocean;0
11604;27;2;13;sea;true;ocean;0
11605;13;11;61;sea;false;ocean;0
11606;14;11;39;sea;false;ocean;0
11607;8;15;18;sea;false;ocean;0
11608;11;9;67;sea;false;ocean;0
11609;9;40;23;sea;false;ocean;0
11610;24;27;38;sea;true;ocean;0
11611;33;36;14;sea;false;ocean;0
11612;2;10;18;sea;false;ocean;0
11613;13;75;11;sea;true;ocean;0
11614;21;9;54;sea;false;ocean;0
11615;11;34;47;sea;false;ocean;0
11616;27;7;9;sea;false;ocean;0
11617;14;42;31;sea;false;ocean;0
11618;5;90;0;sea;false;ocean;0
11619;7;67;4;sea;false;ocean;0
11620;14;1;7;sea;true;ocean;0
11621;55;4;26;sea;false;ocean;0
11622;3;54;33;sea;false;ocean;0
11623;36;18;5;sea;false;ocean;0
11624;9;9;47;sea;false;ocean;0
11625;44;10;20;sea;false;ocean;0
11626;13;65;19;sea;false;ocean;0
11627;30;1;9;sea;false;ocean;0
11628;4;39;14;sea;true;ocean;0
11629;34;61;3;sea;false;ocean;0
11630;9;24;66;sea;true;ocean;0
11631;14;21;58;sea;false;ocean;0
11632;16;30;22;sea;false;ocean;0
11633;12;58;18;sea;false;ocean;0
11634;15;47;21;sea;false;ocean;0
11635;17;65;17;sea;false;ocean;0
11636;59;10;25;sea;true;ocean;0
11637;7;15;61;sea;false;ocean;0
11638;41;2;31;sea;false;ocean;0
11639;29;25;29;sea;false;ocean;0
11640;33;42;22;sea;true;ocean;0
11641;77;4;1;sea;false;ocean;0
11642;15;25;41;sea;false;ocean;0
11643;21;0;52;sea;false;ocean;0
11644;6;4;38;sea;false;ocean;0
11645;43;15;0;sea;false;ocean;0
11646;7;23;50;sea;false;ocean;0
11647;1;26;34;sea;false;ocean;0
11648;28;3;26;sea;false;ocean;0
11649;39;27;16;sea;false;ocean;0
11650;25;41;1;sea;false;ocean;0
11651;8;39;35;sea;true;ocean;0
11652;7;7;60;sea;false;ocean;0
11653;17;24;36;sea;true;ocean;0
11654;14;20;63;sea;true;ocean;0
11655;44;17;28;sea;false;ocean;0
11656;8;47;11;sea;false;ocean;0
11657;31;46;2;sea;false;ocean;0
11658;10;60;22;sea;false;ocean;0
11659;3;9;3;sea;false;ocean;0
11660;59;22;14;sea;true;ocean;0
11661;9;64;17;sea;false;ocean;0
11662;8;3;37;sea;false;ocean;0
11663;46;7;41;sea;true;ocean;0
11664;41;16;34;sea;false;ocean;0
11665;25;9;32;sea;false;ocean;0
11666;12;28;35;sea;false;ocean;0
11667;9;1;1;sea;false;ocean;0
11668;30;18;40;sea;false;ocean;0
11669;10;35;46;sea;false;ocean;0
11670;14;18;17;sea;true;ocean;0
11671;3;66;18;sea;true;ocean;0
11672;19;12;28;sea;false;ocean;0
11673;87;7;4;sea;false;ocean;0
11674;43;22;14;sea;false;ocean;0
11675;3;42;11;sea;false;ocean;0
11676;23;48;26;sea;false;ocean;0
11677;58;14;5;sea;false;ocean;0
11678;17;16;55;sea;false;ocean;0
11679;13;35;3;sea;false;ocean;0
11680;5;9;60;sea;false;ocean;0
11681;20;39;7;sea;false;ocean;0
11682;8;2;27;sea;true;ocean;0
11683;3;22;38;sea;true;ocean;0
11684;66;12;20;sea;true;ocean;0
11685;10;63;3;sea;false;ocean;0
11686;26;18;32;sea;false;ocean;0
11687;76;9;5;sea;false;ocean;0
11688;15;6;14;sea;false;ocean;0
11689;21;21;2;sea;false;ocean;0
11690;64;0;13;sea;false;ocean;0
11691;54;14;20;sea;false;ocean;0
11692;8;32;31;sea;false;ocean;0
11693;44;50;3;sea;false;ocean;0
11694;11;73;0;sea;true;ocean;0
11695;13;37;40;sea;false;ocean;0
11696;5;45;47;sea;false;ocean;0
11697;3;37;54;sea;false;ocean;0
11698;1;42;2;sea;false;ocean;0
11699;2;90;7;sea;true;ocean;0
11700;30;6;37;sea;false;ocean;0
11701;0;2;15;sea;true;ocean;0
11702;13;55;2;sea;false;ocean;0
11703;18;13;44;sea;false;ocean;0
11704;7;20;35;sea;false;ocean;0
11705;42;25;25;sea;false;ocean;0
11706;58;18;14;sea;false;ocean;0
11707;40;20;20;sea;false;ocean;0
11708;82;6;0;sea;true;ocean;0
11709;41;46;0;sea;false;ocean;0
11710;2;60;11;sea;false;ocean;0
11711;28;58;12;sea;true;ocean;0
11712;36;9;12;sea;false;ocean;0
11713;9;4;59;sea;false;ocean;0
11714;34;29;12;sea;false;ocean;0
11715;20;47;0;sea;false;ocean;0
11716;50;34;13;sea;true;ocean;0
11717;0;26;7;sea;false;ocean;0
11718;29;32;28;sea;false;ocean;0
11719;9;12;56;sea;false;ocean;0
11720;22;53;3;sea;false;ocean;0
11721;30;5;36;sea;false;ocean;0
11722;10;0;60;sea;false;ocean;0
11723;53;0;17;sea;false;ocean;0
11724;7;4;73;sea;false;ocean;0
11725;42;8;20;sea;false;ocean;0
11726;5;22;17;sea;false;ocean;0
11727;25;10;21;sea;false;ocean;0
11728;23;4;31;sea;false;ocean;0
11729;15;44;4;sea;false;ocean;0
11730;14;19;55;sea;false;ocean;0
11731;7;41;23;sea;false;ocean;0
11732;22;17;40;sea;false;ocean;0
11733;22;7;43;sea;false;ocean;0
11734;36;3;9;sea;true;ocean;0
11735;20;26;40;sea;false;ocean;0
11736;37;35;26;sea;false;ocean;0
11737;0;19;51;sea;false;ocean;0
11738;0;6;19;sea;true;ocean;0
11739;39;24;20;sea;false;ocean;0
11740;4;17;38;sea;true;ocean;0
11741;5;65;13;sea;true;ocean;0
11742;3;1;35;sea;false;ocean;0
11743;3;2;35;sea;false;ocean;0
11744;30;2;9;sea;false;ocean;0
11745;0;93;4;sea;false;ocean;0
11746;38;14;2;sea;false;ocean;0
11747;1;44;49;sea;false;ocean;0
11748;2;53;5;sea;false;ocean;0
11749;0;24;42;sea;false;ocean;0
11750;33;16;32;sea;false;ocean;0
11751;28;42;11;sea;false;ocean;0
11752;23;5;70;sea;false;ocean;0
11753;6;34;8;sea;false;ocean;0
11754;3;22;35;sea;false;ocean;0
11755;7;32;24;sea;false;ocean;0
11756;18;4;42;sea;false;ocean;0
11757;5;9;22;sea;false;ocean;0
11758;3;25;19;sea;true;ocean;0
11759;40;4;7;sea;false;ocean;0
11760;52;23;2;sea;false;ocean;0
11761;59;8;30;sea;false;ocean;0
11762;2;23;63;sea;false;ocean;0
11763;3;51;34;sea;false;ocean;0
11764;16;27;56;sea;false;ocean;0
11765;39;20;0;sea;false;ocean;0
11766;6;53;4;sea;false;ocean;0
11767;18;2;67;sea;false;ocean;0
11768;17;1;22;sea;true;ocean;0
11769;18;3;59;sea;false;ocean;0
11770;26;21;6;sea;false;ocean;0
11771;37;15;9;sea;false;ocean;0
11772;0;51;1;sea;false;ocean;0
11773;4;15;9;sea;false;ocean;0
11774;36;27;21;sea;false;ocean;0
11775;11;1;67;sea;false;ocean;0
11776;7;84;6;sea;false;ocean;0
11777;53;4;16;sea;true;ocean;0
11778;75;9;4;sea;true;ocean;0
11779;39;44;15;sea;false;ocean;0
11780;3;13;22;sea;false;ocean;0
11781;44;4;32;sea;false;ocean;0
11782;36;22;13;sea;false;ocean;0
11783;36;44;0;sea;false;ocean;0
11784;72;4;22;sea;true;ocean;0
11785;2;2;64;sea;false;ocean;0
11786;10;25;19;sea;false;ocean;0
11787;42;15;27;sea;true;ocean;0
11788;17;5;58;sea;false;ocean;0
11789;75;7;10;sea;false;ocean;0
11790;4;24;17;sea;false;ocean;0
11791;45;48;2;sea;false;ocean;0
11792;0;3;17;sea;false;ocean;0
11793;15;14;47;sea;true;ocean;0
11794;9;1;11;sea;false;ocean;0
11795;4;47;7;sea;false;ocean;0
11796;60;19;11;sea;true;ocean;0
11797;19;7;1;sea;false;ocean;0
11798;3;24;18;sea;false;ocean;0
11799;53;10;6;sea;true;ocean;0
11800;65;4;2;sea;false;ocean;0
11801;25;30;19;sea;true;ocean;0
11802;4;9;5;sea;false;ocean;0
11803;55;16;26;sea;false;ocean;0
11804;12;46;7;sea;false;ocean;0
11805;30;42;9;sea;false;ocean;0
11806;9;47;26;sea;false;ocean;0
11807;22;10;11;sea;true;ocean;0
11808;17;40;7;sea;false;ocean;0
11809;7;10;78;sea;false;ocean;0
11810;12;1;66;sea;false;ocean;0
11811;38;0;21;sea;false;ocean;0
11812;52;0;47;sea;false;ocean;0
11813;56;33;0;sea;false;ocean;0
11814;27;23;17;sea;false;ocean;0
11815;0;63;34;sea;false;ocean;0
11816;1;36;19;sea;true;ocean;0
11817;13;49;28;sea;false;ocean;0
11818;10;32;34;sea;false;ocean;0
11819;3;51;18;sea;false;ocean;0
11820;2;51;31;sea;false;ocean;0
11821;72;9;16;sea;true;ocean;0
11822;35;18;14;sea;false;ocean;0
11823;16;27;48;sea;false;ocean;0
11824;76;9;12;sea;false;ocean;0
11825;51;23;11;sea;false;ocean;0
11826;24;21;19;sea;false;ocean;0
11827;12;47;22;sea;false;ocean;0
11828;17;68;3;sea;false;ocean;0
11829;5;18;7;sea;true;ocean;0
11830;41;3;53;sea;false;ocean;0
11831;27;1;7;sea;false;ocean;0
11832;17;35;27;sea;false;ocean;0
11833;39;9;46;sea;false;ocean;0
11834;14;8;50;sea;false;ocean;0
11835;54;0;38;sea;true;ocean;0
11836;19;35;31;sea;false;ocean;0
11837;18;1;35;sea;true;ocean;0
11838;12;8;9;sea;false;ocean;0
11839;16;37;10;sea;false;ocean;0
11840;11;38;34;sea;false;ocean;0
11841;42;36;3;sea;false;ocean;0
11842;15;45;23;sea;true;ocean;0
11843;11;11;72;sea;false;ocean;0
11844;33;26;16;sea;true;ocean;0
11845;3;57;9;sea;false;ocean;0
11846;77;9;6;sea;false;ocean;0
11847;12;1;82;sea;false;ocean;0
11848;57;19;1;sea;false;ocean;0
11849;15;44;16;sea;true;ocean;0
11850;29;22;40;sea;false;ocean;0
11851;28;47;4;sea;false;ocean;0
11852;6;40;6;sea;false;ocean;0
11853;37;38;18;sea;false;ocean;0
11854;37;21;13;sea;false;ocean;0
11855;23;34;24;sea;false;ocean;0
11856;36;42;42;sea;false;ocean;0
11857;158;43;33;land;true;plains;1
11858;3;78;76;land;true;forest;1
11859;158;89;83;land;true;plains;1
11860;89;24;18;land;true;plains;1
11861;80;165;71;land;true;plains;1
11862;139;94;90;land;true;plains;1
11863;137;56;49;land;true;forest;1
11864;221;181;177;land;true;plains;1
11865;221;118;108;land;true;forest;1
11866;89;47;43;land;true;plains;1
11867;221;166;161;land;true;plains;1
11868;15;119;43;land;true;plains;1
11869;84;183;110;land;true;plains;1
11870;46;102;61;land;true;plains;1
11871;31;124;21;land;true;plains;1
11872;87;142;81;land;true;plains;1
11873;55;219;37;land;true;plains;1
11874;124;214;51;land;true;plains;1
11875;46;76;20;land;true;plains;1
11876;97;130;68;land;true;plains;1
11877;77;132;31;land;true;plains;1
11878;105;219;135;land;true;plains;1
11879;64;160;89;land;true;plains;1
11880;54;135;75;land;true;plains;1
11881;40;102;57;land;true;forest;1
11882;83;114;92;land;true;forest;1
11883;147;201;161;land;true;forest;1
11884;120;160;88;land;true;forest;1
11885;90;119;65;land;true;plains;1
11886;20;81;13;land;true;plains;1
11887;76;124;33;land;true;plains;1
11888;122;165;117;land;true;plains;1
11889;36;142;24;land;true;plains;1
11890;93;165;34;land;true;plains;1
11891;53;91;22;land;true;forest;1
11892;132;165;106;land;true;plains;1
11893;36;61;16;land;true;forest;1
11894;38;107;47;land;true;forest;1
11895;70;117;31;land;true;forest;1
11896;121;155;93;land;true;plains;1
11897;55;71;42;land;true;plains;1
11898;162;183;145;land;true;forest;1
11899;61;107;23;land;true;urban;1
11900;126;155;102;land;true;plains;1
11901;137;94;90;land;true;plains;1
11902;107;78;76;land;true;plains;1
11903;109;119;122;sea;false;ocean;0